ply
format ascii 1.0
comment Created in Blender version 4.3.2
element vertex 2737
property float x
property float y
property float z
property float nx
property float ny
property float nz
property float s
property float t
element face 5120
property list uchar uint vertex_indices
end_header
0 0 -1 5.2235254e-07 0 -1 0.181819 0
0.046765067 -0.03397641 -0.99832785 0.047190823 -0.03428558 -0.9982974 0.18750082 0.009841313
-0.017862305 -0.054975446 -0.9983279 -0.018024925 -0.055475336 -0.9982974 0.17613718 0.009841313
0.7236073 -0.5257253 -0.44721952 0.723608 -0.525725 -0.44721884 0.272728 0.157461
0.7014827 -0.50965106 -0.49817458 0.70127016 -0.5094968 -0.49863142 0.27840978 0.1476197
0.7482481 -0.47567427 -0.46244857 0.74846184 -0.47521037 -0.46257973 0.2840916 0.157461
0 0 -1 5.2235254e-07 0 -1 0.909091 0
-0.017862305 -0.054975446 -0.9983279 -0.018024925 -0.055475336 -0.9982974 0.9147728 0.009841313
-0.057805188 0 -0.9983278 -0.05833169 -1.911452e-07 -0.9982973 0.9034092 0.009841313
0 0 -1 5.2235254e-07 0 -1 0.727273 0
-0.057805188 0 -0.9983278 -0.05833169 -1.911452e-07 -0.9982973 0.7329548 0.009841313
-0.017862305 0.054975446 -0.9983279 -0.018025162 0.055475254 -0.9982974 0.7215912 0.009841313
0 0 -1 5.2235254e-07 0 -1 0.545455 0
-0.017862305 0.054975446 -0.9983279 -0.018025162 0.055475254 -0.9982974 0.5511368 0.009841313
0.046765067 0.03397641 -0.99832785 0.047191113 0.03428563 -0.9982973 0.53977317 0.009841313
0.7592889 -0.50965136 -0.4046428 0.7596026 -0.5094968 -0.40424886 0.27840978 0.16730225
-0.27638802 -0.85064924 -0.44721985 -0.2763877 -0.85064924 -0.44722024 0.09091 0.157461
-0.22117184 -0.8586173 -0.4624491 -0.22066517 -0.8586768 -0.46258095 0.10227362 0.157461
-0.2500751 -0.87961715 -0.40464327 -0.2498314 -0.8798679 -0.40424833 0.096591815 0.16730225
-0.8944262 0 -0.44721562 -0.89442617 1.3414963e-07 -0.4472159 0.818182 0.157461
-0.884942 -0.05497554 -0.46244505 -0.88484204 -0.055476714 -0.46257657 0.8295456 0.157461
-0.9138449 -0.03397647 -0.40463948 -0.9140081 -0.034286335 -0.4042447 0.8238638 0.16730225
-0.27638802 0.85064924 -0.44721985 -0.2763877 0.8506494 -0.4472196 0.636364 0.157461
-0.32574326 0.8246406 -0.46244916 -0.3261893 0.8243906 -0.46258068 0.6477276 0.157461
-0.31470338 0.8586184 -0.4046435 -0.31504878 0.8586776 -0.40424863 0.6420458 0.16730225
0.7236073 0.5257253 -0.44721952 0.72360784 0.5257253 -0.44721878 0.454546 0.157461
0.6836206 0.5646274 -0.4624489 0.68324494 0.5649743 -0.46258032 0.4659096 0.157461
0.71934634 0.56462795 -0.4046432 0.7192963 0.5649743 -0.4042485 0.4602278 0.16730225
0.71934634 -0.5646279 -0.40464318 0.71929663 -0.56497395 -0.4042485 0.26704618 0.16730225
-0.31470338 -0.8586184 -0.40464348 -0.31504843 -0.85867786 -0.4042485 0.08522813 0.16730225
-0.9138449 0.033976477 -0.40463945 -0.91400814 0.03428671 -0.4042447 0.8125002 0.16730225
-0.25007507 0.87961715 -0.40464324 -0.24983086 0.87986773 -0.4042493 0.6306822 0.16730225
0.75928897 0.50965136 -0.40464282 0.75960255 0.50949675 -0.40424883 0.4488642 0.16730225
0.27638802 -0.85064924 0.44721985 0.27638736 -0.85064936 0.44722003 0.181819 0.314921
0.32574326 -0.8246406 0.46244916 0.32618895 -0.8243907 0.46258056 0.19318262 0.314921
0.26793733 -0.8246402 0.4981749 0.2678562 -0.8243905 0.4986315 0.1875008 0.3247623
-0.7236073 -0.5257253 0.44721952 -0.72360796 -0.52572507 0.44721895 0 0.314921
-0.6836206 -0.5646274 0.4624489 -0.6832455 -0.56497353 0.46258032 0.01136369 0.314921
-0.7014827 -0.50965106 0.49817458 -0.70127046 -0.5094965 0.4986312 0.005681875 0.3247623
-0.7236073 0.5257253 0.44721952 -0.723608 0.52572507 0.44721875 0.727273 0.314921
-0.7482481 0.47567427 0.46244857 -0.74846166 0.47521046 0.46258008 0.7386366 0.314921
-0.7014827 0.50965106 0.49817458 -0.70127034 0.50949675 0.49863112 0.7329548 0.3247623
0.27638802 0.85064924 0.44721985 0.27638766 0.85064936 0.44721982 0.545455 0.314921
0.22117184 0.8586173 0.4624491 0.22066487 0.8586774 0.46257997 0.5568186 0.314921
0.26793733 0.8246402 0.4981749 0.26785612 0.8243905 0.49863157 0.5511368 0.3247623
0.8944262 0 0.44721562 0.89442605 1.4245979e-08 0.4472159 0.363637 0.314921
0.884942 0.05497554 0.46244505 0.88484156 0.05547571 0.46257743 0.3750006 0.314921
0.8670791 0 0.4981704 0.866816 -7.179817e-07 0.49862817 0.3693188 0.3247623
0.057805188 0 0.9983278 0.058331124 -1.4840466e-09 0.9982973 0.44886416 0.4625407
0.017862305 0.05497545 0.99832785 0.018025212 0.05547506 0.9982974 0.46022782 0.4625407
0 0 1 8.814699e-07 -2.967912e-10 1 0.454546 0.472382
0.11924498 0 0.9928649 0.119712085 3.858965e-09 0.99280864 0.44318235 0.45269936
0.07823877 0.056843594 0.99531275 0.07921212 0.057550367 0.99519515 0.45454597 0.45269936
0.18390556 0 0.9829439 0.18430343 -2.6778287e-07 0.98286945 0.43750057 0.4428581
0.14228739 0.058606118 0.98808885 0.14319125 0.059357192 0.98791355 0.44886416 0.44285804
0.25114697 0 0.96794903 0.25146687 -1.9180244e-07 0.96786594 0.43181875 0.4330168
0.20948078 0.06020721 0.9759574 0.21027575 0.060999665 0.9757373 0.44318238 0.4330168
0.32009664 0 0.94738495 0.32033628 1.27681865e-08 0.9473039 0.4261369 0.42317548
0.27903885 0.0615871 0.9583028 0.27968848 0.06241746 0.9580598 0.43750057 0.4231755
0.38967335 0 0.9209531 0.38983002 1.9747534e-07 0.92088693 0.42045513 0.41333416
0.34993368 0.06268664 0.9346747 0.35040626 0.06354817 0.93443954 0.43181875 0.41333416
0.45864686 0 0.8886186 0.45872322 3.058777e-08 0.88857925 0.41477332 0.40349284
0.42093226 0.06345327 0.90487 0.42120537 0.064336956 0.9046805 0.42613694 0.40349284
0.5257297 0 0.8506516 0.5257288 1.8442036e-07 0.8506522 0.4090915 0.39365152
0.4906794 0.06384731 0.86899775 0.49074835 0.06474292 0.8688927 0.42045513 0.39365152
0.589689 0 0.8076305 0.5896203 1.3096319e-07 0.8076806 0.4034097 0.3838102
0.55781305 0.06384738 0.82750714 0.55768776 0.06474362 0.827522 0.41477332 0.3838102
0.6494559 0 0.76039916 0.6493271 -1.4075685e-07 0.7605094 0.3977279 0.3739689
0.6210903 0.06345346 0.78116614 0.6207985 0.064337306 0.7813258 0.4090915 0.37396887
0.7042132 0 0.70998865 0.70403373 1.1996158e-07 0.71016663 0.3920461 0.36412758
0.6795002 0.062686935 0.73099226 0.6790791 0.06354796 0.73130924 0.4034097 0.36412758
0.7534416 0 0.65751475 0.75322354 1.5231369e-07 0.6577648 0.38636425 0.35428625
0.73233926 0.0615875 0.678149 0.73183143 0.062417623 0.6786213 0.3977279 0.35428625
0.79692507 0 0.6040783 0.7966799 -3.3398643e-07 0.60440147 0.38068244 0.34444493
0.7792376 0.060207687 0.62382984 0.77868456 0.061000645 0.62444323 0.39204606 0.34444493
0.8347159 0 0.5506808 0.8344574 -3.1435724e-07 0.55107266 0.37500063 0.33460364
0.8201386 0.058606658 0.5691556 0.81957775 0.059357416 0.5698852 0.38636425 0.33460364
0.85524344 0.056844175 0.5150992 0.8547032 0.057550095 0.51591706 0.38068244 0.3247623
0.036847737 0.1134076 0.9928651 0.036992293 0.11385192 0.9928088 0.46590963 0.45269936
0.099706635 0.117212236 0.98808897 0.100700594 0.117839865 0.9879136 0.4602278 0.44285804
0.05682843 0.17490289 0.9829443 0.056952 0.17528164 0.98286974 0.47159144 0.44285804
0.16619763 0.120749265 0.97867155 0.16709885 0.12140476 0.97843695 0.45454597 0.43301678
0.12199273 0.18062162 0.9759577 0.12299276 0.18113327 0.97573745 0.4659096 0.43301678
0.07760664 0.23885272 0.9679497 0.077706315 0.23915763 0.9678664 0.47727326 0.43301675
0.235662 0.12389428 0.96390545 0.23642957 0.12457439 0.96362984 0.4488642 0.42317548
0.19065385 0.18584143 0.96390563 0.19153728 0.18636183 0.96363 0.4602278 0.42317545
0.14479919 0.2463484 0.9583035 0.14578961 0.24670959 0.9580605 0.47159144 0.42317545
0.098912746 0.30442727 0.947386 0.09898802 0.3046547 0.94730514 0.4829551 0.42317545
0.3071672 0.12651788 0.94320816 0.3077619 0.1272189 0.94292 0.4431824 0.4133342
0.2620082 0.19035964 0.9461051 0.26273197 0.1908858 0.9457984 0.45454603 0.4133342
0.21524478 0.25303575 0.9432087 0.21609524 0.25338393 0.9429207 0.46590966 0.41333416
0.16775209 0.3134332 0.93467575 0.16871653 0.3136159 0.9344409 0.4772733 0.41333413
0.120412655 0.3705983 0.92095476 0.1204622 0.37074673 0.92088854 0.4886369 0.41333413
0.37952852 0.12849735 0.9162131 0.3799175 0.12921427 0.9159512 0.43750054 0.4034928
0.33496758 0.19397329 0.9220472 0.33549002 0.19450195 0.9217459 0.4488642 0.4034928
0.2879901 0.25863105 0.9220475 0.28865477 0.25896454 0.9217461 0.46022782 0.4034928
0.23948774 0.32124344 0.91621417 0.24029027 0.32139197 0.91595185 0.4715914 0.4034928
0.19042046 0.38071966 0.9048716 0.19134492 0.3807068 0.90468204 0.48295504 0.4034928
0.1417262 0.4361957 0.88862073 0.14174977 0.4362678 0.8885818 0.4943187 0.4034928
0.45137477 0.12973064 0.8828538 0.4515429 0.13045743 0.8826608 0.43181878 0.39365152
0.4082019 0.1965 0.89149255 0.40849674 0.19702972 0.89124066 0.4431824 0.39365152
0.3618003 0.26286295 0.8944292 0.36224094 0.26318324 0.89415663 0.45454603 0.39365155
0.31302318 0.3275 0.89149326 0.31361818 0.32761633 0.8912415 0.46590966 0.39365155
0.26286182 0.38919187 0.8828552 0.26360488 0.38912737 0.8826621 0.47727326 0.39365152
0.21234782 0.44693118 0.86899996 0.21322061 0.4467198 0.86889493 0.48863685 0.39365152
0.16245557 0.49999523 0.8506544 0.16245605 0.49999487 0.85065454 0.5000005 0.39365152
0.5212569 0.13014978 0.8434169 0.52120674 0.13087966 0.84333515 0.42613694 0.3838102
0.48023158 0.19780107 0.854548 0.48029 0.19833137 0.8543924 0.43750057 0.38381022
0.4352277 0.26550418 0.8602816 0.43542573 0.2658151 0.86008537 0.44886416 0.3838102
0.3870019 0.3318802 0.86028194 0.387359 0.33197173 0.860086 0.4602278 0.38381022
0.3365184 0.3956022 0.8545492 0.33704066 0.39549416 0.8543934 0.4715914 0.3838102
0.28485474 0.45552427 0.8434189 0.28553364 0.45525098 0.84333694 0.48295504 0.38381016
0.23309287 0.510779 0.82750976 0.23390634 0.51038367 0.82752424 0.49431866 0.38381016
0.18221974 0.56082416 0.80763376 0.18219818 0.56075865 0.80768406 0.5056823 0.3838102
0.58778286 0.12973091 0.79854935 0.5875345 0.13045733 0.7986139 0.42045513 0.37396887
0.549559 0.19780129 0.81170166 0.5493932 0.1983311 0.8116847 0.43181872 0.37396887
0.5067286 0.26640263 0.819912 0.5066838 0.26671007 0.8198399 0.44318235 0.37396887
0.45990074 0.33413747 0.822705 0.4600085 0.3342156 0.8226131 0.45454597 0.37396887
0.40995073 0.39960393 0.81991285 0.41022977 0.39946637 0.8198404 0.4659096 0.3739689
0.35794136 0.46153635 0.8117032 0.35839477 0.4612155 0.81168556 0.47727323 0.3739689
0.30501357 0.51892364 0.7985518 0.3056286 0.51846325 0.79861575 0.48863685 0.3739689
0.25227165 0.5710811 0.78116924 0.253022 0.57053053 0.78132886 0.5000005 0.3739689
0.2006885 0.61766607 0.760403 0.20064892 0.617543 0.7605134 0.5113641 0.3739689
0.6497515 0.12849787 0.7492072 0.6493432 0.12921439 0.7494378 0.4147733 0.36412755
0.6148163 0.19650063 0.7637987 0.614459 0.1970304 0.7639498 0.4261369 0.36412755
0.5748128 0.26550472 0.7740139 0.5745495 0.26581597 0.7741027 0.43750054 0.36412755
0.530168 0.3341378 0.7792778 0.53003794 0.334216 0.77933276 0.4488642 0.36412755
0.48161426 0.40096536 0.77927816 0.48164847 0.40081742 0.7793331 0.4602278 0.36412755
0.43013546 0.4646333 0.7740151 0.43034983 0.46428663 0.774104 0.4715914 0.36412758
0.3768695 0.52400166 0.76380074 0.37726304 0.523498 0.763952 0.48295504 0.36412758
0.32298982 0.57824045 0.74921 0.32354498 0.5776302 0.74944115 0.49431866 0.36412758
0.26959205 0.6268694 0.73099583 0.2702808 0.62620276 0.7313128 0.5056823 0.36412758
0.21760921 0.66974354 0.7099928 0.21755472 0.66957265 0.7101708 0.5170459 0.36412758
0.7062577 0.12651864 0.696558 0.70573467 0.12721926 0.6969605 0.4090915 0.35428625
0.674897 0.19397432 0.7119607 0.674394 0.19450341 0.71229285 0.4204551 0.35428622
0.6381935 0.2628641 0.72361004 0.6377525 0.263185 0.7238822 0.43181872 0.35428622
0.5963795 0.3318813 0.7308804 0.5960451 0.33197296 0.7311117 0.44318235 0.35428622
0.5500081 0.39960486 0.73335326 0.54981863 0.3994673 0.73357034 0.45454597 0.35428625
0.499928 0.46463385 0.7308812 0.49991196 0.46428722 0.73111254 0.4659096 0.35428622
0.44720915 0.5257282 0.7236116 0.4473775 0.52520996 0.72388387 0.47727323 0.35428625
0.39303237 0.58192295 0.711963 0.39337993 0.5812809 0.7122955 0.48863685 0.35428625
0.3385685 0.63259315 0.69656104 0.33907318 0.6318791 0.69696355 0.5000005 0.35428625
0.28487432 0.6774624 0.6781528 0.28550678 0.6767229 0.67862517 0.5113641 0.35428625
0.23282152 0.7165631 0.6575192 0.23275486 0.7163552 0.6577693 0.5227277 0.35428625
0.75674844 0.12389522 0.64185804 0.75615865 0.12457428 0.6424215 0.4034097 0.34444493
0.72904396 0.19036096 0.6574631 0.72844607 0.19088607 0.65797323 0.4147733 0.34444493
0.69590557 0.25863263 0.6699437 0.6953387 0.25896707 0.67040294 0.42613688 0.34444493
0.6573805 0.3275017 0.6786703 0.6568894 0.32761806 0.6790897 0.43750054 0.34444493
0.6138282 0.39560384 0.68316364 0.6134555 0.39549533 0.6835612 0.44886416 0.34444493
0.5659238 0.46153784 0.68316406 0.5657057 0.46121648 0.6835616 0.4602278 0.34444496
0.51461256 0.5240028 0.6786715 0.51457095 0.5235001 0.67909086 0.4715914 0.34444496
0.4610183 0.5819234 0.6699456 0.46116096 0.58128154 0.6704047 0.48295504 0.34444496
0.40632778 0.63453656 0.65746564 0.40664363 0.63380563 0.65797526 0.49431866 0.34444496
0.35167566 0.6814237 0.6418614 0.3521403 0.6806523 0.6424248 0.5056823 0.34444496
0.29805425 0.7224922 0.6238338 0.29863745 0.7217217 0.6244466 0.5170459 0.34444496
0.24625853 0.7579187 0.60408276 0.24618341 0.75768614 0.60440505 0.52840954 0.34444496
0.8010215 0.12075036 0.5863308 0.8004078 0.1214057 0.5870334 0.39772788 0.33460364
0.77687645 0.18584307 0.60160244 0.7762348 0.18636309 0.6022694 0.40909153 0.33460367
0.747366 0.25303778 0.614342 0.74672806 0.2533863 0.6149737 0.42045516 0.33460367
0.7123783 0.3212457 0.6239537 0.71178484 0.3213945 0.6245542 0.43181875 0.33460367
0.6720868 0.3891944 0.6299421 0.6715818 0.3891291 0.6305208 0.44318238 0.33460367
0.6269771 0.4555267 0.63197714 0.6266007 0.45525312 0.63254744 0.45454597 0.33460364
0.5778304 0.51892585 0.6299429 0.57761294 0.5184658 0.6305209 0.4659096 0.33460364
0.5256575 0.5782422 0.6239552 0.5256154 0.57763237 0.62455523 0.47727323 0.33460364
0.47159904 0.6325944 0.61434406 0.47173274 0.6318799 0.6149765 0.48863685 0.33460364
0.4168117 0.6814243 0.6016052 0.41710827 0.6806526 0.6022729 0.5000005 0.33460364
0.36236566 0.724502 0.5863342 0.3627994 0.72371626 0.58703613 0.5113641 0.3346036
0.3091705 0.7618864 0.56915957 0.30971184 0.7611209 0.5698891 0.5227277 0.3346036
0.25793654 0.79386044 0.55068535 0.25785685 0.7936139 0.5510781 0.53409135 0.33460364
0.839181 0.11721344 0.531071 0.83857983 0.11784031 0.5318813 0.39204606 0.3247623
0.8183629 0.18062344 0.54557985 0.81771857 0.18113567 0.5463755 0.4034097 0.3247623
0.792372 0.24635075 0.558084 0.7917121 0.24671249 0.55886054 0.41477332 0.3247623
0.7609728 0.31343603 0.5680478 0.760331 0.31361854 0.5688061 0.42613694 0.3247623
0.7241762 0.38072276 0.5749947 0.723593 0.3807095 0.57573736 0.43750054 0.32476228
0.68228424 0.44693455 0.5785653 0.6817996 0.4467231 0.5792994 0.44886416 0.3247623
0.6358956 0.5107823 0.57856554 0.6355444 0.51038736 0.57929975 0.4602278 0.3247623
0.5858693 0.5710841 0.57499564 0.58567697 0.5705332 0.57573813 0.4715914 0.3247623
0.5332461 0.626872 0.56804943 0.53322166 0.6262047 0.56880796 0.48295504 0.32476228
0.4791466 0.6774645 0.55808634 0.4792861 0.67672485 0.5588635 0.49431866 0.32476228
0.4246674 0.7224937 0.5455827 0.42495477 0.7217228 0.5463788 0.5056823 0.32476228
0.3707936 0.76188713 0.5310744 0.37120423 0.7611215 0.5318849 0.5170459 0.32476228
0.31834227 0.7958184 0.5151032 0.31884843 0.79508525 0.5159217 0.52840954 0.32476228
0.26793733 0.8246402 0.4981749 0.26785612 0.8243905 0.49863157 0.53977317 0.3247623
0.8715648 0.11340781 0.47698376 0.87145 0.113852516 0.4770876 0.38636422 0.314921
0.85375524 0.1749033 0.49041912 0.8536335 0.17528193 0.4904957 0.39772788 0.314921
0.8310506 0.23885334 0.5022986 0.8309313 0.23915896 0.50235087 0.4090915 0.314921
0.80312884 0.30442816 0.5121597 0.8030235 0.30465543 0.5121897 0.4204551 0.314921
0.76987207 0.37059942 0.51957005 0.76979125 0.37074852 0.51958346 0.43181872 0.314921
0.731419 0.43619707 0.52417386 0.7313737 0.43626916 0.52417725 0.44318232 0.314921
0.68818945 0.49999684 0.5257362 0.68818927 0.49999693 0.5257364 0.45454594 0.314921
0.6408707 0.56082577 0.52417475 0.64092493 0.56076014 0.52417886 0.46590957 0.31492096
0.59036577 0.61766773 0.5195718 0.5904823 0.6175445 0.51958597 0.47727323 0.31492096
0.53770936 0.66974515 0.5121622 0.5378929 0.6695748 0.51219225 0.48863688 0.31492096
0.48397145 0.7165645 0.5023017 0.48422474 0.7163573 0.50235325 0.5000005 0.31492096
0.43016642 0.7579199 0.49042264 0.43048918 0.7576872 0.4904989 0.5113641 0.31492096
0.37718308 0.79386127 0.47698766 0.3775703 0.79361457 0.47709173 0.5227277 0.314921
0.32574326 0.8246406 0.46244916 0.32618847 0.82439065 0.462581 0.53409135 0.314921
0.017862305 0.05497545 0.99832785 0.018025212 0.05547506 0.9982974 0.6306822 0.4625407
-0.046765067 0.03397641 0.99832785 -0.047190707 0.034285672 0.9982974 0.6420458 0.4625407
0 0 1 8.814699e-07 -2.967912e-10 1 0.636364 0.472382
0.036847737 0.1134076 0.9928651 0.036992293 0.11385192 0.9928088 0.62500036 0.45269936
-0.029884912 0.091974564 0.9953128 -0.030257795 0.09311801 0.99519527 0.636364 0.45269936
0.05682843 0.17490289 0.9829443 0.056952 0.17528164 0.98286974 0.6193185 0.44285804
-0.011769593 0.15343247 0.988089 -0.012205062 0.1545242 0.98791367 0.6306821 0.44285804
0.07760664 0.23885272 0.9679497 0.077706315 0.23915763 0.9678664 0.6136367 0.43301675
0.007471055 0.21783142 0.9759578 0.006962665 0.21883267 0.97573763 0.6250003 0.43301675
0.098912746 0.30442727 0.947386 0.09898802 0.3046547 0.94730514 0.60795486 0.42317545
0.027652804 0.28441095 0.9583036 0.027064122 0.28528544 0.9580605 0.6193185 0.42317545
0.120412655 0.3705983 0.92095476 0.1204622 0.37074673 0.92088854 0.60227305 0.41333413
0.048514277 0.35217527 0.9346759 0.047841106 0.35288948 0.93444115 0.6136367 0.41333413
0.1417262 0.4361957 0.88862073 0.14174977 0.4362678 0.8885818 0.59659123 0.4034928
0.069724455 0.41993546 0.90487176 0.068969235 0.4204683 0.9046821 0.60795486 0.4034928
0.16245557 0.49999523 0.8506544 0.16245605 0.49999487 0.85065454 0.5909094 0.39365152
0.09090236 0.48639056 0.869 0.09007202 0.48673302 0.8688948 0.60227305 0.39365152
0.18221974 0.56082416 0.80763376 0.18219818 0.56075865 0.80768406 0.5852276 0.3838102
0.11164736 0.5502384 0.8275099 0.11075653 0.55039686 0.8275242 0.59659123 0.3838102
0.2006885 0.61766607 0.760403 0.20064892 0.617543 0.7605134 0.57954586 0.3739689
0.13157545 0.6102969 0.7811693 0.13064426 0.6102924 0.7813292 0.5909095 0.37396887
0.21760921 0.66974354 0.7099928 0.21755472 0.66957265 0.7101708 0.57386404 0.36412758
0.15035388 0.6656115 0.730996 0.14940432 0.6654764 0.73131365 0.5852276 0.36412758
0.23282152 0.7165631 0.6575192 0.23275486 0.7163552 0.6577693 0.56818223 0.35428625
0.16772753 0.7155251 0.678153 0.1667808 0.7152982 0.6786256 0.57954586 0.35428625
0.24625853 0.7579187 0.60408276 0.24618341 0.75768614 0.60440505 0.5625004 0.34444496
0.18353206 0.7597021 0.62383395 0.18260714 0.7594214 0.62444687 0.57386404 0.34444496
0.25793654 0.79386044 0.55068535 0.25785685 0.7936139 0.5510781 0.5568186 0.33460364
0.19769374 0.7981068 0.56915975 0.19680607 0.7978054 0.56988937 0.56818223 0.33460364
0.21021797 0.8309495 0.51510334 0.20937796 0.83065426 0.5159208 0.5625004 0.3247623
-0.096470565 0.07008915 0.99286497 -0.09684786 0.07036357 0.9928089 0.6477276 0.45269936
-0.080665044 0.13104662 0.988089 -0.08095491 0.13218541 0.9879136 0.64204574 0.44285804
-0.14878178 0.10809502 0.9829443 -0.14910355 0.108329505 0.98286974 0.6534094 0.44285804
-0.063482635 0.19537577 0.97867167 -0.06382769 0.19643605 0.97843707 0.6363639 0.43301672
-0.13408422 0.17183656 0.9759577 -0.13426137 0.1729454 0.97573763 0.6477276 0.43301672
-0.20318091 0.14761785 0.96794957 -0.20344095 0.14780651 0.96786624 0.65909123 0.43301675
-0.045008577 0.26241162 0.9639058 -0.045418095 0.26335236 0.96363 0.6306821 0.42317545
-0.117831625 0.2387496 0.96390575 -0.1180525 0.23975109 0.96363014 0.64204574 0.42317545
-0.1895466 0.21383749 0.9583036 -0.18958399 0.21489012 0.9580606 0.65340936 0.42317545
-0.25896212 0.1881448 0.9473859 -0.25915533 0.18828493 0.94730526 0.66477305 0.42317545
-0.025407963 0.3312273 0.9432088 -0.025891364 0.3320085 0.9429211 0.6250003 0.41333413
-0.100079514 0.30800724 0.9461055 -0.100355186 0.3088576 0.94579905 0.636364 0.41333413
-0.17413823 0.28290114 0.9432088 -0.17420684 0.28381783 0.9429207 0.6477276 0.4133341
-0.24625523 0.2563973 0.9346758 -0.24613099 0.25737193 0.9344406 0.65909123 0.41333413
-0.31525075 0.2290404 0.9209547 -0.3153778 0.22913228 0.9208883 0.67045486 0.41333413
-0.0049301833 0.40065828 0.9162144 -0.0054925447 0.4012495 0.9159524 0.6193185 0.4034928
-0.080971114 0.37851188 0.922048 -0.08131194 0.3791718 0.9217468 0.6306821 0.4034928
-0.15698065 0.35381448 0.922048 -0.15709312 0.35454917 0.9217466 0.64204574 0.4034928
-0.23151606 0.3270348 0.91621417 -0.2314097 0.32784387 0.915952 0.65340936 0.4034928
-0.30324352 0.29874885 0.9048715 -0.3029445 0.29962507 0.904682 0.664773 0.4034928
-0.37105143 0.2695815 0.8886207 -0.37111273 0.26962617 0.8885816 0.6761367 0.4034928
0.016098173 0.46936893 0.8828554 0.015458556 0.4697542 0.882662 0.6136367 0.39365152
-0.060743943 0.44894236 0.8914937 -0.061156835 0.44938657 0.8912416 0.6250003 0.39365152
-0.13819726 0.42531952 0.8944299 -0.1383664 0.4258381 0.894157 0.6363639 0.39365155
-0.21474318 0.39890417 0.89149356 -0.21467048 0.39950627 0.89124155 0.64772755 0.39365155
-0.2889159 0.37026224 0.8828553 -0.2886245 0.3709489 0.8826624 0.6590912 0.39365152
-0.3594385 0.3400635 0.8689999 -0.35896748 0.3408283 0.86889493 0.67045486 0.39365152
-0.42532262 0.3090114 0.8506542 -0.42532295 0.3090116 0.850654 0.6818185 0.39365152
0.03729395 0.5359602 0.8434191 0.03658428 0.53613776 0.8433375 0.6079549 0.3838102
-0.039723337 0.5178485 0.8545496 -0.04020903 0.5180677 0.85439396 0.61931854 0.38381022
-0.1180193 0.495969 0.86028266 -0.118253775 0.4962529 0.8600868 0.6306822 0.3838102
-0.19604874 0.4706152 0.86028254 -0.19602565 0.47098276 0.86008686 0.6420458 0.38381022
-0.27225167 0.44229418 0.8545495 -0.27198672 0.44275755 0.8543939 0.6534094 0.3838102
-0.34520552 0.41167662 0.843419 -0.3447349 0.41223776 0.84333736 0.664773 0.38381016
-0.41375086 0.3795234 0.8275097 -0.41312438 0.38017407 0.827524 0.6761366 0.38381016
-0.47706687 0.34660536 0.8076334 -0.47701135 0.34656498 0.80768365 0.6875003 0.3838102
0.05824962 0.59910065 0.7985521 0.057482377 0.5990896 0.798616 0.6022731 0.37396887
-0.018300572 0.58378273 0.81170374 -0.018855417 0.583789 0.8116866 0.61363673 0.37396887
-0.09677915 0.5642478 0.81991357 -0.097085856 0.5643001 0.81984127 0.62500036 0.37396887
-0.1756689 0.5406434 0.82270604 -0.17570989 0.54076976 0.8226143 0.636364 0.37396887
-0.25336614 0.5133688 0.8199135 -0.25314876 0.5135911 0.8198414 0.6477276 0.3739689
-0.32833862 0.48304358 0.8117035 -0.32789296 0.48337528 0.8116862 0.65909123 0.3739689
-0.3992724 0.45044032 0.7985519 -0.3986446 0.45088327 0.7986155 0.67045486 0.3739689
-0.4651749 0.41639778 0.7811691 -0.46441966 0.41694102 0.78132886 0.6818185 0.3739689
-0.52541965 0.38173532 0.76040274 -0.5253147 0.3816592 0.7605135 0.6931821 0.3739689
0.07857136 0.65765536 0.74921024 0.07776346 0.6574882 0.7494412 0.59659123 0.36412755
0.0031017056 0.6454441 0.7638012 0.0024876124 0.6452687 0.7639517 0.60795486 0.36412755
-0.074886404 0.62872213 0.7740159 -0.07526397 0.62856776 0.77410465 0.6193185 0.36412755
-0.15395586 0.60747135 0.7792793 -0.15407099 0.6073717 0.7793342 0.6306822 0.36412755
-0.23251607 0.5819452 0.7792792 -0.23236474 0.58193207 0.7793341 0.6420458 0.36412755
-0.30897522 0.5526608 0.77401584 -0.3085793 0.55275756 0.7741047 0.6534094 0.36412758
-0.38189748 0.52034813 0.7638011 -0.38129726 0.5205667 0.7639521 0.66477305 0.36412758
-0.450131 0.48586664 0.74921006 -0.449379 0.4862068 0.74944085 0.6761366 0.36412758
-0.5128804 0.45011 0.7309957 -0.512033 0.4505592 0.731313 0.68750024 0.36412758
-0.5697195 0.41392067 0.7099925 -0.56957495 0.41381517 0.71017003 0.6988639 0.36412758
0.09791496 0.7107847 0.69656134 0.09708613 0.7105037 0.69696397 0.5909095 0.35428625
0.024070157 0.70180386 0.71196353 0.023412209 0.70148844 0.71229625 0.6022731 0.35428622
-0.05278954 0.68818486 0.72361237 -0.053230785 0.6878645 0.72388464 0.61363673 0.35428622
-0.13134956 0.669745 0.7308823 -0.13154049 0.66945523 0.73111343 0.62500036 0.35428622
-0.21008754 0.6465711 0.7333547 -0.2100152 0.64634854 0.7335716 0.63636404 0.35428625
-0.28740892 0.6190374 0.7308822 -0.28708404 0.61891514 0.7311135 0.64772767 0.35428622
-0.36180362 0.5877784 0.72361225 -0.36125892 0.5877785 0.7238842 0.6590913 0.35428625
-0.4319891 0.55361867 0.71196336 -0.43127134 0.5537506 0.7122959 0.6704549 0.35428625
-0.49700928 0.5174788 0.69656116 -0.4961738 0.5177386 0.6969637 0.6818185 0.35428625
-0.5562748 0.4802785 0.6781527 -0.555376 0.48065165 0.6786248 0.6931821 0.35428625
-0.6095466 0.44285637 0.65751886 -0.6093702 0.44272873 0.65776837 0.70454574 0.35428625
0.116012275 0.75799394 0.6418616 0.1151823 0.7576432 0.642425 0.58522767 0.34444496
0.044238713 0.75218433 0.6574661 0.04355415 0.75177884 0.6579753 0.5965913 0.34444496
-0.030931467 0.74176496 0.66994625 -0.03142395 0.74132967 0.67040503 0.6079549 0.34444493
-0.10833432 0.72640723 0.6786724 -0.10859717 0.725976 0.67909175 0.61931854 0.34444493
-0.1865612 0.70603126 0.6831652 -0.18657358 0.70564336 0.68356264 0.6306822 0.34444493
-0.26407093 0.68084645 0.6831652 -0.2638331 0.68053985 0.6835625 0.64204586 0.34444496
-0.33933422 0.65134954 0.67867225 -0.33886874 0.6511549 0.6790915 0.6534094 0.34444496
-0.4109811 0.6182772 0.6699461 -0.4103265 0.6182145 0.67040515 0.66477305 0.34444496
-0.47791904 0.5825221 0.65746593 -0.47712606 0.58259654 0.6579757 0.6761367 0.34444496
-0.5393995 0.5450341 0.6418614 -0.53852224 0.545238 0.6424247 0.68750024 0.34444496
-0.5950278 0.50672835 0.6238336 -0.5941145 0.5070444 0.6244469 0.69886386 0.34444496
-0.6447259 0.46841532 0.60408247 -0.64452755 0.4682715 0.6044055 0.71022755 0.34444496
0.13268426 0.7991287 0.5863346 0.13187115 0.79874814 0.5870362 0.57954586 0.33460364
0.06331644 0.7962798 0.60160565 0.06262255 0.7958299 0.60227346 0.5909095 0.33460367
-0.009708464 0.78897786 0.6143448 -0.010236853 0.78847957 0.61497575 0.6022731 0.33460367
-0.085389435 0.7767801 0.6239561 -0.08571328 0.77626246 0.6245558 0.61363673 0.33460367
-0.16246282 0.7594579 0.6299441 -0.16255705 0.7589574 0.6305227 0.62500036 0.33460367
-0.23948772 0.73705393 0.6319787 -0.23934372 0.7366109 0.6325496 0.636364 0.33460364
-0.31497064 0.70990425 0.629944 -0.31460014 0.70955473 0.63052267 0.6477276 0.33460364
-0.38750577 0.6786149 0.62395597 -0.38693902 0.678386 0.62455636 0.65909123 0.33460364
-0.45590225 0.64399827 0.61434454 -0.4551812 0.64390534 0.6149764 0.67045486 0.33460364
-0.5192722 0.60698205 0.6016055 -0.51844656 0.6070259 0.60227305 0.6818185 0.33460364
-0.577066 0.56851286 0.5863343 -0.576184 0.5686832 0.5870362 0.6931821 0.3346036
-0.6290588 0.529474 0.56915945 -0.6281632 0.5297521 0.5698892 0.70454574 0.3346036
-0.6752999 0.49062833 0.55068505 -0.6750904 0.49047604 0.5510774 0.71590936 0.33460364
0.14783992 0.8343279 0.53107464 0.14705724 0.83395016 0.5318848 0.57386404 0.3247623
0.08110053 0.83412343 0.5455831 0.08041459 0.83366895 0.5463786 0.58522767 0.3247623
0.010558831 0.82971525 0.5580869 0.010010667 0.8291985 0.5588647 0.59659135 0.3247623
-0.06294558 0.82058316 0.56805015 -0.06331737 0.82002884 0.568809 0.607955 0.3247623
-0.1383094 0.80638033 0.57499665 -0.13847594 0.80582136 0.57574004 0.6193186 0.32476228
-0.21422544 0.78699934 0.5785669 -0.21417409 0.7864731 0.57930106 0.63068223 0.3247623
-0.2892827 0.76261127 0.57856685 -0.28901523 0.7621556 0.57930046 0.64204586 0.3247623
-0.3620917 0.73366785 0.57499665 -0.36162794 0.7333142 0.5757392 0.6534095 0.3247623
-0.43141013 0.7008597 0.5680501 -0.4307841 0.7006301 0.568808 0.66477305 0.32476228
-0.4962438 0.6650422 0.5580867 -0.49549678 0.6649464 0.55886436 0.6761367 0.32476228
-0.55590385 0.62714446 0.54558295 -0.55508137 0.6271801 0.5463788 0.6875003 0.32476228
-0.610017 0.588081 0.53107446 -0.60916156 0.5882357 0.5318844 0.69886386 0.32476228
-0.65849566 0.5486824 0.51510304 -0.65764266 0.548937 0.51592094 0.7102275 0.32476228
-0.7014827 0.50965106 0.49817458 -0.70127034 0.50949675 0.49863112 0.7215912 0.3247623
0.16146526 0.86395127 0.47698772 0.16100682 0.8639796 0.47709134 0.56818223 0.314921
0.09747574 0.86601615 0.49042276 0.09707783 0.8660176 0.49049926 0.57954586 0.314921
0.02963927 0.86418414 0.50230193 0.029312069 0.8641656 0.50235313 0.5909095 0.314921
-0.041354492 0.85789233 0.5121627 -0.04160287 0.85786206 0.5121933 0.6022731 0.314921
-0.11456397 0.84671104 0.51957256 -0.11473 0.8466801 0.51958627 0.61363673 0.314921
-0.18883348 0.83041054 0.52417594 -0.18891618 0.8303897 0.52417904 0.6250003 0.314921
-0.26286885 0.80901164 0.5257377 -0.26286933 0.8090118 0.5257373 0.6363639 0.314921
-0.33534238 0.782806 0.5241758 -0.33526334 0.78283757 0.5241792 0.64772755 0.31492096
-0.40500847 0.75233805 0.51957244 -0.4048557 0.7524108 0.5195862 0.6590912 0.31492096
-0.470808 0.71835184 0.5121625 -0.470589 0.71847343 0.5121932 0.6704548 0.31492096
-0.531941 0.6817124 0.5023017 -0.5316651 0.68188924 0.5023537 0.6818184 0.31492096
-0.5878982 0.6433207 0.4904225 -0.58757746 0.6435553 0.4904991 0.69318205 0.31492096
-0.63845253 0.6040375 0.4769874 -0.6380981 0.60433024 0.47709095 0.70454574 0.314921
-0.68362063 0.56462735 0.4624489 -0.6832455 0.56497353 0.46258032 0.71590936 0.314921
-0.046765067 0.03397641 0.99832785 -0.047190707 0.034285672 0.9982974 0.8125002 0.4625407
-0.046765067 -0.03397641 0.99832785 -0.04719036 -0.03428567 0.9982974 0.8238638 0.4625407
0 0 1 8.814699e-07 -2.967912e-10 1 0.818182 0.472382
-0.096470565 0.07008915 0.99286497 -0.09684786 0.07036357 0.9928089 0.80681837 0.45269936
-0.0967084 0 0.99531275 -0.0979108 0 0.99519527 0.818182 0.45269936
-0.14878178 0.10809502 0.9829443 -0.14910355 0.108329505 0.98286974 0.80113655 0.44285804
-0.14956048 0.036220256 0.9880889 -0.15073317 0.036143783 0.9879136 0.8125001 0.44285804
-0.20318091 0.14761785 0.96794957 -0.20344095 0.14780651 0.96786624 0.79545474 0.43301675
-0.20486188 0.074419565 0.97595763 -0.20597216 0.07424597 0.97573715 0.80681837 0.43301675
-0.25896212 0.1881448 0.9473859 -0.25915533 0.18828493 0.94730526 0.7897729 0.42317545
-0.26194632 0.11418776 0.95830333 -0.2629595 0.11389808 0.9580603 0.80113655 0.42317545
-0.31525075 0.2290404 0.9209547 -0.3153778 0.22913228 0.9208883 0.7840911 0.41333413
-0.31994754 0.15496852 0.9346756 -0.3208355 0.15454875 0.9344406 0.79545474 0.41333413
-0.37105143 0.2695815 0.8886207 -0.37111273 0.26962617 0.8885816 0.7784093 0.4034928
-0.377837 0.1960796 0.9048712 -0.3785781 0.19552472 0.90468156 0.7897729 0.4034928
-0.42532262 0.3090114 0.8506542 -0.42532295 0.3090116 0.850654 0.7727275 0.39365152
-0.43449518 0.2367567 0.86899954 -0.43507677 0.23607233 0.86889476 0.7840911 0.39365152
-0.47706687 0.34660536 0.8076334 -0.47701135 0.34656498 0.80768365 0.7670457 0.3838102
-0.48880756 0.2762164 0.8275094 -0.4892331 0.27541918 0.82752365 0.7784093 0.3838102
-0.52541965 0.38173532 0.76040274 -0.5253147 0.3816592 0.7605135 0.76136386 0.3739689
-0.53976846 0.31372818 0.7811687 -0.54005176 0.3128422 0.7813283 0.7727275 0.37396887
-0.5697195 0.41392067 0.7099925 -0.56957495 0.41381517 0.71017003 0.75568205 0.36412758
-0.5865728 0.3486806 0.73099536 -0.5867384 0.3477359 0.73131233 0.7670456 0.36412758
-0.6095466 0.44285637 0.65751886 -0.6093702 0.44272873 0.65776837 0.75000024 0.35428625
-0.6286746 0.38062796 0.6781523 -0.6287513 0.3796577 0.678625 0.76136386 0.35428625
-0.6447259 0.46841532 0.60408247 -0.64452755 0.4682715 0.6044055 0.7443184 0.34444496
-0.66580564 0.4093104 0.62383336 -0.6658239 0.40834478 0.62444633 0.75568205 0.34444496
-0.6752999 0.49062833 0.55068505 -0.6750904 0.49047604 0.5510774 0.7386366 0.33460364
-0.6979544 0.43464655 0.5691591 -0.6979424 0.4337092 0.56988835 0.75000024 0.33460364
-0.7253193 0.45670664 0.51510274 -0.725298 0.4558169 0.51592046 0.7443184 0.3247623
-0.096470565 -0.07008915 0.99286497 -0.096847534 -0.07036357 0.992809 0.8295456 0.45269936
-0.14956048 -0.036220256 0.9880889 -0.15073319 -0.036143783 0.9879136 0.82386374 0.44285804
-0.14878178 -0.10809502 0.9829443 -0.14910413 -0.10832951 0.9828697 0.83522743 0.44285804
-0.20543154 0 0.9786715 -0.20654592 -5.9381716e-10 0.97843695 0.818182 0.43301672
-0.20486188 -0.074419565 0.97595763 -0.2059722 -0.07424597 0.97573715 0.8295456 0.43301672
-0.20318091 -0.14761785 0.96794957 -0.20344068 -0.14780653 0.9678663 0.84090924 0.43301675
-0.26347765 0.0382851 0.96390545 -0.2644989 0.038185943 0.9636297 0.8125002 0.42317545
-0.26347765 -0.0382851 0.96390545 -0.26449886 -0.038185935 0.9636297 0.82386374 0.42317545
-0.26194632 -0.11418776 0.95830333 -0.2629595 -0.11389804 0.9580603 0.8352274 0.42317545
-0.25896212 -0.1881448 0.9473859 -0.2591551 -0.1882849 0.94730544 0.84659106 0.42317545
-0.32286838 0.078191616 0.9432084 -0.3237619 0.07797307 0.9429202 0.80681837 0.41333413
-0.32385993 -7.654048e-09 0.946105 -0.32475466 2.7916126e-08 0.9457983 0.818182 0.41333413
-0.32286838 -0.07819163 0.9432084 -0.32376194 -0.07797306 0.9429202 0.8295456 0.4133341
-0.31994754 -0.15496852 0.9346756 -0.3208354 -0.15454878 0.9344407 0.84090924 0.41333413
-0.31525075 -0.2290404 0.9209547 -0.3153774 -0.22913207 0.9208885 0.85227287 0.41333413
-0.38257313 0.11912245 0.9162137 -0.38330984 0.118770875 0.91595143 0.80113655 0.4034928
-0.385009 0.0399603 0.92204726 -0.38574213 0.039839946 0.9217461 0.8125002 0.4034928
-0.385009 -0.039960314 0.92204726 -0.38574213 -0.03983988 0.9217461 0.8238638 0.4034928
-0.38257313 -0.11912247 0.9162137 -0.38330936 -0.118770994 0.9159517 0.8352274 0.4034928
-0.377837 -0.19607961 0.9048712 -0.37857816 -0.19552477 0.9046815 0.846591 0.4034928
-0.37105143 -0.2695815 0.8886207 -0.37111312 -0.26962593 0.8885815 0.8579547 0.4034928
-0.4414227 0.16035433 0.8828547 -0.4419851 0.15986495 0.8826621 0.7954548 0.39365152
-0.44574174 0.080961645 0.89149284 -0.4462908 0.0807066 0.8912413 0.8068184 0.39365152
-0.44720984 -7.8339895e-09 0.8944291 -0.44775373 5.4654894e-08 0.89415693 0.81818205 0.39365155
-0.44574174 -0.08096166 0.89149284 -0.446291 -0.08070661 0.89124125 0.8295457 0.39365155
-0.4414227 -0.16035433 0.8828547 -0.44198564 -0.15986489 0.8826619 0.84090924 0.39365152
-0.43449518 -0.2367567 0.86899954 -0.43507683 -0.2360724 0.86889476 0.85227287 0.39365152
-0.42532262 -0.3090114 0.8506542 -0.42532286 -0.30901152 0.85065407 0.8636365 0.39365152
-0.49820495 0.20109048 0.84341836 -0.49859303 0.20046946 0.8433368 0.7897729 0.3838102
-0.5047796 0.12224651 0.85454863 -0.5051383 0.12185204 0.8543931 0.8011366 0.38381022
-0.5081661 0.041022204 0.86028165 -0.5085085 0.040887017 0.8600858 0.8125002 0.3838102
-0.5081661 -0.04102223 0.86028165 -0.5085087 -0.04088701 0.86008567 0.8238638 0.38381022
-0.5047796 -0.122246526 0.85454863 -0.5051387 -0.12185203 0.85439277 0.83522743 0.3838102
-0.49820495 -0.20109051 0.84341836 -0.49859318 -0.20046958 0.8433368 0.846591 0.38381016
-0.48880756 -0.2762164 0.8275094 -0.4892329 -0.27541927 0.8275237 0.8579546 0.38381016
-0.47706687 -0.34660536 0.8076334 -0.4770118 -0.34656462 0.8076836 0.8693183 0.3838102
-0.5517793 0.24053192 0.7985512 -0.5520065 0.23979819 0.798615 0.7840911 0.37396887
-0.56086653 0.16299549 0.81170255 -0.56104475 0.16246918 0.811685 0.79545474 0.37396887
-0.56653935 0.08232204 0.8199124 -0.5666842 0.08204745 0.81983984 0.80681837 0.37396887
-0.56846887 0 0.82270485 -0.56860226 4.753077e-09 0.8226127 0.818182 0.37396887
-0.56653935 -0.08232204 0.8199124 -0.5666844 -0.082047656 0.8198396 0.8295456 0.3739689
-0.56086653 -0.16299549 0.81170255 -0.5610451 -0.16246912 0.8116848 0.84090924 0.3739689
-0.5517793 -0.24053192 0.7985512 -0.5520065 -0.23979822 0.79861486 0.85227287 0.3739689
-0.53976846 -0.31372818 0.7811687 -0.540052 -0.31284246 0.781328 0.8636365 0.3739689
-0.52541965 -0.38173532 0.76040274 -0.52531546 -0.3816587 0.7605132 0.8750001 0.3739689
-0.60118824 0.2779533 0.74920934 -0.6012793 0.27713367 0.7494399 0.77840924 0.36412755
-0.6128963 0.20240457 0.7638001 -0.61291885 0.20176621 0.7639508 0.78977287 0.36412755
-0.6210927 0.12306681 0.77401453 -0.62106204 0.12266021 0.7741037 0.8011365 0.36412755
-0.6253161 0.04130121 0.7792778 -0.6252568 0.041161343 0.7793329 0.8125001 0.36412755
-0.6253161 -0.041301243 0.7792778 -0.6252567 -0.041161776 0.7793329 0.82386374 0.36412755
-0.6210926 -0.123066835 0.7740144 -0.621062 -0.12266056 0.7741037 0.8352274 0.36412758
-0.61289626 -0.20240459 0.7638 -0.6129188 -0.20176579 0.763951 0.846591 0.36412758
-0.60118824 -0.27795333 0.74920934 -0.6012793 -0.27713376 0.74943984 0.8579546 0.36412758
-0.58657277 -0.3486806 0.7309953 -0.5867384 -0.3477359 0.73131245 0.86931825 0.36412758
-0.5697195 -0.41392067 0.7099925 -0.5695751 -0.41381487 0.7101701 0.88068193 0.36412758
-0.6457397 0.31276795 0.6965604 -0.6457289 0.3118925 0.6969629 0.77272743 0.35428625
-0.6600178 0.23976272 0.7119622 -0.65992177 0.23903956 0.7122945 0.78409106 0.35428622
-0.67081666 0.16245706 0.72361094 -0.67064863 0.16193885 0.72388285 0.7954547 0.35428622
-0.677556 0.08204459 0.7308807 -0.67733896 0.081773244 0.7311122 0.80681837 0.35428622
-0.679848 0 0.7333531 -0.67961377 1.1347735e-07 0.7335702 0.818182 0.35428625
-0.677556 -0.08204459 0.7308807 -0.6773388 -0.08177346 0.73111236 0.8295456 0.35428622
-0.67081666 -0.16245706 0.72361094 -0.67064786 -0.1619389 0.7238835 0.84090924 0.35428625
-0.6600178 -0.23976271 0.7119622 -0.6599216 -0.2390396 0.7122946 0.85227287 0.35428625
-0.6457397 -0.31276795 0.6965604 -0.6457286 -0.31189275 0.69696313 0.8636365 0.35428625
-0.6286746 -0.38062796 0.6781523 -0.62875116 -0.37965736 0.6786253 0.8750001 0.35428625
-0.6095466 -0.44285637 0.65751886 -0.60936993 -0.4427286 0.65776867 0.88636374 0.35428625
-0.6850459 0.34456787 0.64186066 -0.6849687 0.3436693 0.6424245 0.7670457 0.34444496
-0.7016999 0.2745125 0.65746486 -0.7015251 0.27373588 0.6579751 0.77840924 0.34444496
-0.7150195 0.19980232 0.66994476 -0.714757 0.19919987 0.6704042 0.78977287 0.34444493
-0.7243326 0.12144283 0.6786707 -0.7240034 0.12106015 0.67909026 0.8011365 0.34444493
-0.72912765 0.04074893 0.6831635 -0.72876203 0.040617492 0.6835613 0.8125001 0.34444493
-0.72912765 -0.040748924 0.6831635 -0.7287622 -0.0406175 0.6835612 0.82386374 0.34444496
-0.7243326 -0.121442825 0.6786707 -0.72400343 -0.12106003 0.6790902 0.8352274 0.34444496
-0.7150195 -0.19980232 0.66994476 -0.71475714 -0.19919984 0.67040414 0.846591 0.34444496
-0.7016999 -0.2745125 0.65746486 -0.70152515 -0.27373585 0.657975 0.8579546 0.34444496
-0.6850459 -0.34456787 0.64186066 -0.68496895 -0.34366924 0.6424243 0.86931825 0.34444496
-0.66580564 -0.4093104 0.62383336 -0.6658239 -0.40834442 0.6244466 0.8806819 0.34444496
-0.6447259 -0.46841532 0.60408247 -0.6445276 -0.46827134 0.6044056 0.89204556 0.34444496
-0.71901536 0.3731351 0.58633363 -0.718905 0.37224376 0.5870352 0.76136386 0.33460364
-0.7377418 0.3062826 0.6016044 -0.73752815 0.30548406 0.60227215 0.7727275 0.33460367
-0.75336343 0.23457608 0.6143433 -0.7530519 0.23392017 0.614975 0.78409106 0.33460367
-0.7651495 0.15883063 0.6239545 -0.76475686 0.15836181 0.6245547 0.7954547 0.33460367
-0.7724923 0.08017744 0.6299423 -0.7720459 0.07993286 0.6305203 0.8068183 0.33460367
-0.7749873 1.7100863e-08 0.6319769 -0.7745219 9.5046655e-09 0.63254714 0.81818193 0.33460364
-0.7724923 -0.08017741 0.6299423 -0.7720459 -0.07993287 0.63052034 0.8295456 0.33460364
-0.7651495 -0.1588306 0.6239545 -0.76475674 -0.15836175 0.6245547 0.84090924 0.33460364
-0.75336343 -0.23457605 0.6143433 -0.75305194 -0.23392017 0.61497504 0.85227287 0.33460364
-0.7377418 -0.30628258 0.6016044 -0.737528 -0.30548438 0.6022722 0.8636365 0.33460364
-0.71901536 -0.37313506 0.58633363 -0.7189049 -0.37224385 0.5870351 0.8750001 0.3346036
-0.6979544 -0.43464652 0.5691591 -0.6979423 -0.43370894 0.5698888 0.88636374 0.3346036
-0.6752999 -0.49062833 0.55068505 -0.6750904 -0.4904757 0.5510777 0.8977274 0.33460364
-0.74780834 0.39842603 0.5310738 -0.747691 0.39756507 0.5318837 0.75568205 0.3247623
-0.7682374 0.3348904 0.545582 -0.7680171 0.33409762 0.5463777 0.7670457 0.3247623
-0.7858437 0.2664397 0.5580855 -0.7855217 0.26575935 0.5588629 0.77840936 0.3247623
-0.7998728 0.19371162 0.56804866 -0.7994612 0.1931869 0.56880635 0.7897729 0.3247623
-0.809654 0.11764824 0.574995 -0.8091745 0.117316276 0.5757374 0.80113655 0.32476228
-0.8146811 0.039459575 0.57856506 -0.81416523 0.039345797 0.5792986 0.8125002 0.3247623
-0.8146811 -0.039459564 0.57856506 -0.8141652 -0.039345816 0.57929873 0.8238638 0.3247623
-0.809654 -0.11764824 0.574995 -0.8091746 -0.11731628 0.5757373 0.8352275 0.3247623
-0.7998728 -0.19371162 0.56804866 -0.7994611 -0.19318676 0.56880665 0.84659106 0.32476228
-0.7858437 -0.26643968 0.5580855 -0.7855217 -0.26575938 0.5588629 0.8579547 0.32476228
-0.7682374 -0.33489037 0.545582 -0.7680168 -0.33409745 0.5463783 0.8693183 0.32476228
-0.74780834 -0.39842603 0.5310738 -0.7476906 -0.39756554 0.53188384 0.8806819 0.32476228
-0.7253193 -0.45670664 0.51510274 -0.725298 -0.45581672 0.51592046 0.8920455 0.32476228
-0.7014827 -0.50965106 0.49817458 -0.70127046 -0.5094965 0.4986312 0.9034092 0.3247623
-0.77177125 0.4205386 0.47698686 -0.77193993 0.4201108 0.47709087 0.75000024 0.314921
-0.7935089 0.36031953 0.49042162 -0.79363334 0.35994157 0.4904981 0.76136386 0.314921
-0.81272924 0.29523775 0.5023006 -0.8128123 0.29492083 0.50235236 0.7727275 0.314921
-0.8286836 0.2257751 0.5121611 -0.82873195 0.22552924 0.5121915 0.7840911 0.314921
-0.8406727 0.15269436 0.5195708 -0.8406948 0.15252604 0.51958454 0.79545474 0.314921
-0.8481208 0.07702362 0.52417403 -0.8481263 0.07693924 0.5241776 0.80681837 0.314921
-0.85064787 5.255241e-08 0.5257359 -0.85064775 -2.0194179e-08 0.52573603 0.818182 0.314921
-0.8481208 -0.07702351 0.52417403 -0.84812623 -0.076938786 0.52417773 0.8295456 0.31492096
-0.8406727 -0.15269426 0.5195708 -0.8406947 -0.15252616 0.5195846 0.84090924 0.31492096
-0.8286837 -0.22577502 0.51216114 -0.8287322 -0.22552897 0.5121912 0.85227287 0.31492096
-0.81272924 -0.29523766 0.5023006 -0.8128123 -0.29492033 0.5023526 0.8636365 0.31492096
-0.793509 -0.3603195 0.49042168 -0.7936331 -0.35994154 0.4904985 0.8750001 0.31492096
-0.77177125 -0.4205385 0.47698686 -0.77193904 -0.42011246 0.47709087 0.88636374 0.314921
-0.7482481 -0.47567424 0.46244857 -0.7484612 -0.4752104 0.46258074 0.8977274 0.314921
-0.7236073 -0.5257253 0.44721952 -0.72360796 -0.52572507 0.44721895 0.909091 0.314921
-0.046765067 -0.03397641 0.99832785 -0.04719036 -0.03428567 0.9982974 0.08522813 0.4625407
0.017862305 -0.05497545 0.99832785 0.018025614 -0.055475052 0.9982974 0.096591815 0.4625407
0 0 1 8.814699e-07 -2.967912e-10 1 0.09091 0.472382
-0.096470565 -0.07008915 0.99286497 -0.096847534 -0.07036357 0.992809 0.07954626 0.45269936
-0.029884908 -0.091974564 0.9953128 -0.030257035 -0.09311798 0.99519527 0.09090994 0.45269936
-0.14878178 -0.10809502 0.9829443 -0.14910413 -0.10832951 0.9828697 0.07386438 0.44285804
-0.08066504 -0.13104664 0.988089 -0.08095417 -0.13218547 0.98791367 0.08522806 0.44285804
-0.20318091 -0.14761785 0.96794957 -0.20344068 -0.14780653 0.9678663 0.068182506 0.43301675
-0.13408422 -0.17183654 0.9759577 -0.13426207 -0.17294513 0.9757375 0.0795462 0.43301675
-0.25896212 -0.1881448 0.9473859 -0.2591551 -0.1882849 0.94730544 0.06250063 0.42317545
-0.18954659 -0.21383747 0.9583036 -0.1895844 -0.2148899 0.9580606 0.07386432 0.42317545
-0.31525075 -0.2290404 0.9209547 -0.3153774 -0.22913207 0.9208885 0.056818757 0.41333413
-0.24625522 -0.2563973 0.9346758 -0.24613047 -0.2573715 0.93444085 0.068182446 0.41333413
-0.37105143 -0.2695815 0.8886207 -0.37111312 -0.26962593 0.8885815 0.05113688 0.4034928
-0.30324352 -0.29874888 0.9048716 -0.30294478 -0.29962504 0.904682 0.062500566 0.4034928
-0.42532262 -0.3090114 0.8506542 -0.42532286 -0.30901152 0.85065407 0.045455005 0.39365152
-0.3594385 -0.3400635 0.8689999 -0.35896754 -0.34082866 0.86889476 0.056818694 0.39365152
-0.47706687 -0.34660536 0.8076334 -0.4770118 -0.34656462 0.8076836 0.03977313 0.3838102
-0.41375083 -0.3795234 0.82750976 -0.4131235 -0.38017434 0.8275243 0.051136814 0.3838102
-0.52541965 -0.38173532 0.76040274 -0.52531546 -0.3816587 0.7605132 0.034091253 0.3739689
-0.46517494 -0.4163978 0.7811692 -0.46441957 -0.41694108 0.78132886 0.045454938 0.37396887
-0.5697195 -0.41392067 0.7099925 -0.5695751 -0.41381487 0.7101701 0.028409377 0.36412758
-0.5128804 -0.45011 0.7309957 -0.512033 -0.4505596 0.7313128 0.039773066 0.36412758
-0.6095466 -0.44285637 0.65751886 -0.60936993 -0.4427286 0.65776867 0.022727503 0.35428625
-0.5562748 -0.4802785 0.6781527 -0.5553756 -0.48065162 0.67862517 0.03409119 0.35428625
-0.6447259 -0.46841532 0.60408247 -0.6445276 -0.46827134 0.6044056 0.017045626 0.34444496
-0.5950278 -0.5067283 0.6238336 -0.5941149 -0.50704384 0.624447 0.028409315 0.34444496
-0.6752999 -0.49062833 0.55068505 -0.6750904 -0.4904757 0.5510777 0.01136375 0.33460364
-0.6290588 -0.529474 0.56915945 -0.6281639 -0.5297518 0.5698888 0.022727437 0.33460364
-0.65849566 -0.54868233 0.51510304 -0.6576428 -0.5489369 0.5159208 0.017045563 0.3247623
0.036847737 -0.1134076 0.9928651 0.036992352 -0.113851845 0.9928088 0.10227363 0.45269936
-0.011769585 -0.15343249 0.988089 -0.012204547 -0.15452422 0.98791367 0.09659175 0.44285804
0.05682843 -0.17490289 0.9829443 0.056952517 -0.17528184 0.9828696 0.10795543 0.44285804
-0.06348262 -0.19537576 0.97867167 -0.063827604 -0.19643614 0.97843695 0.09090988 0.43301672
0.0074710627 -0.21783142 0.9759578 0.0069626938 -0.21883292 0.9757375 0.10227357 0.43301672
0.07760664 -0.23885272 0.9679497 0.07770671 -0.23915769 0.96786636 0.11363725 0.43301675
-0.117831625 -0.23874961 0.9639058 -0.11805328 -0.23975135 0.96362996 0.08522801 0.42317545
-0.04500857 -0.2624116 0.96390575 -0.045418646 -0.2633526 0.96362996 0.096591696 0.42317545
0.027652811 -0.28441095 0.9583036 0.027064163 -0.28528556 0.9580604 0.10795538 0.42317545
0.098912746 -0.30442727 0.947386 0.09898775 -0.30465487 0.94730514 0.11931907 0.42317545
-0.17413823 -0.28290117 0.9432088 -0.17420658 -0.28381816 0.9429206 0.07954613 0.41333413
-0.10007951 -0.30800724 0.9461054 -0.10035492 -0.3088581 0.94579893 0.090909824 0.41333413
-0.025407951 -0.33122733 0.9432088 -0.025892144 -0.3320086 0.9429209 0.10227351 0.4133341
0.048514284 -0.35217527 0.9346758 0.04784112 -0.35289016 0.9344409 0.113637194 0.41333413
0.120412655 -0.3705983 0.92095476 0.12046073 -0.3707471 0.9208886 0.12500088 0.41333413
-0.23151608 -0.32703486 0.9162142 -0.23140931 -0.32784387 0.915952 0.07386425 0.4034928
-0.15698063 -0.3538145 0.9220479 -0.15709199 -0.3545492 0.9217467 0.08522794 0.4034928
-0.0809711 -0.37851188 0.9220479 -0.081312716 -0.37917182 0.9217467 0.09659162 0.4034928
-0.0049301754 -0.40065828 0.91621435 -0.005491759 -0.4012496 0.9159523 0.10795531 0.4034928
0.069724455 -0.41993546 0.90487164 0.068968706 -0.42046836 0.9046822 0.119319 0.4034928
0.1417262 -0.4361957 0.88862073 0.14174987 -0.43626785 0.88858163 0.13068269 0.4034928
-0.2889159 -0.37026218 0.8828553 -0.2886248 -0.3709492 0.8826621 0.06818238 0.39365152
-0.2147432 -0.39890414 0.8914936 -0.21466982 -0.39950576 0.89124185 0.079546064 0.39365152
-0.13819723 -0.42531946 0.8944299 -0.13836513 -0.42583784 0.89415735 0.09090976 0.39365155
-0.060743917 -0.4489423 0.8914937 -0.061156195 -0.44938654 0.89124167 0.10227345 0.39365155
0.016098198 -0.4693689 0.8828554 0.015459029 -0.4697537 0.8826622 0.113637134 0.39365152
0.090902366 -0.48639056 0.869 0.09007252 -0.48673257 0.86889493 0.12500082 0.39365152
0.16245557 -0.49999523 0.8506544 0.16245653 -0.4999946 0.8506546 0.1363645 0.39365152
-0.34520546 -0.41167662 0.84341896 -0.34473515 -0.41223752 0.8433375 0.0625005 0.3838102
-0.27225164 -0.4422942 0.8545496 -0.2719875 -0.44275698 0.85439396 0.07386419 0.38381022
-0.19604869 -0.4706152 0.86028266 -0.19602533 -0.47098297 0.8600868 0.08522788 0.3838102
-0.11801925 -0.49596894 0.86028266 -0.11825327 -0.4962529 0.8600868 0.09659157 0.38381022
-0.03972331 -0.5178485 0.8545495 -0.040209018 -0.5180677 0.8543941 0.10795526 0.3838102
0.03729396 -0.5359602 0.8434191 0.036584307 -0.536138 0.8433372 0.11931895 0.38381016
0.11164735 -0.5502384 0.8275099 0.11075673 -0.55039644 0.82752454 0.13068263 0.38381016
0.18221974 -0.56082416 0.80763376 0.18219873 -0.5607585 0.8076842 0.14204632 0.3838102
-0.39927238 -0.4504403 0.79855186 -0.39864472 -0.450883 0.79861563 0.056818627 0.37396887
-0.32833868 -0.48304355 0.8117036 -0.32789367 -0.48337498 0.81168616 0.06818231 0.37396887
-0.2533661 -0.5133688 0.8199135 -0.25314832 -0.5135913 0.8198415 0.079546005 0.37396887
-0.1756689 -0.5406434 0.822706 -0.17570946 -0.54076964 0.8226145 0.09090969 0.37396887
-0.09677914 -0.5642478 0.81991357 -0.097085625 -0.56429994 0.81984144 0.10227338 0.3739689
-0.018300556 -0.5837827 0.81170374 -0.018855415 -0.583789 0.81168646 0.113637075 0.3739689
0.058249626 -0.5991006 0.79855204 0.05748214 -0.59908956 0.7986161 0.12500076 0.3739689
0.13157547 -0.61029696 0.78116935 0.13064434 -0.6102928 0.7813289 0.13636445 0.3739689
0.2006885 -0.61766607 0.760403 0.2006486 -0.6175432 0.7605133 0.14772813 0.3739689
-0.45013097 -0.48586667 0.74921 -0.44937953 -0.48620668 0.7494405 0.051136754 0.36412755
-0.3818975 -0.52034825 0.7638011 -0.38129827 -0.52056646 0.7639518 0.06250045 0.36412755
-0.3089752 -0.5526608 0.77401584 -0.308579 -0.55275804 0.77410436 0.07386413 0.36412755
-0.23251605 -0.5819452 0.7792793 -0.23236473 -0.581932 0.7793342 0.08522782 0.36412755
-0.15395583 -0.60747135 0.7792793 -0.1540703 -0.6073717 0.7793343 0.0965915 0.36412755
-0.07488637 -0.62872213 0.7740159 -0.075264126 -0.62856793 0.77410454 0.107955195 0.36412758
0.0031017456 -0.6454441 0.7638012 0.0024878506 -0.64526826 0.7639521 0.11931889 0.36412758
0.07857139 -0.6576553 0.74921024 0.077763505 -0.65748847 0.74944097 0.13068257 0.36412758
0.1503539 -0.66561145 0.73099595 0.14940412 -0.6654768 0.7313132 0.14204626 0.36412758
0.21760921 -0.66974354 0.7099928 0.21755436 -0.6695727 0.7101708 0.15340994 0.36412758
-0.49700922 -0.5174788 0.6965611 -0.49617323 -0.51773876 0.69696397 0.04545488 0.35428625
-0.4319891 -0.5536187 0.71196336 -0.43127215 -0.5537502 0.71229565 0.056818567 0.35428622
-0.36180362 -0.5877785 0.72361225 -0.36125806 -0.58777875 0.7238845 0.06818225 0.35428622
-0.28740886 -0.61903745 0.73088205 -0.2870843 -0.618915 0.73111343 0.07954594 0.35428622
-0.21008751 -0.6465712 0.7333546 -0.21001488 -0.64634866 0.7335716 0.09090962 0.35428625
-0.13134955 -0.6697451 0.73088217 -0.13153967 -0.669455 0.73111373 0.102273315 0.35428622
-0.052789535 -0.6881849 0.7236123 -0.0532303 -0.68786424 0.72388494 0.11363701 0.35428625
0.024070153 -0.7018039 0.7119634 0.02341206 -0.7014884 0.71229625 0.1250007 0.35428625
0.09791496 -0.71078473 0.69656134 0.09708601 -0.7105036 0.69696414 0.13636439 0.35428625
0.16772753 -0.7155251 0.678153 0.16678128 -0.71529835 0.6786253 0.14772807 0.35428625
0.23282152 -0.7165631 0.6575192 0.23275493 -0.71635544 0.657769 0.15909176 0.35428625
-0.5393996 -0.5450341 0.6418614 -0.5385219 -0.5452379 0.642425 0.039773002 0.34444496
-0.47791916 -0.58252203 0.6574659 -0.4771271 -0.5825959 0.6579756 0.051136687 0.34444496
-0.41098124 -0.61827725 0.6699461 -0.41032696 -0.6182143 0.6704051 0.06250037 0.34444493
-0.3393343 -0.65134954 0.67867225 -0.3388684 -0.6511548 0.6790918 0.07386406 0.34444493
-0.26407102 -0.68084645 0.6831652 -0.26383367 -0.68053925 0.6835628 0.08522775 0.34444493
-0.18656129 -0.7060313 0.6831652 -0.18657339 -0.70564324 0.6835627 0.09659144 0.34444496
-0.10833436 -0.72640735 0.6786724 -0.108596794 -0.7259757 0.67909217 0.10795513 0.34444496
-0.030931486 -0.74176496 0.6699463 -0.03142372 -0.7413294 0.6704054 0.11931882 0.34444496
0.04423871 -0.75218433 0.6574661 0.04355376 -0.7517788 0.6579755 0.13068251 0.34444496
0.11601228 -0.757994 0.6418616 0.11518245 -0.7576435 0.64242464 0.1420462 0.34444496
0.18353206 -0.7597021 0.6238339 0.18260756 -0.7594215 0.62444645 0.15340988 0.34444496
0.24625853 -0.7579187 0.60408276 0.24618298 -0.7576865 0.6044049 0.16477357 0.34444496
-0.5770661 -0.5685129 0.5863343 -0.5761839 -0.5686833 0.58703613 0.034091126 0.33460364
-0.5192722 -0.60698205 0.60160536 -0.5184469 -0.6070257 0.6022729 0.045454815 0.33460367
-0.45590234 -0.6439984 0.61434454 -0.45518184 -0.643905 0.61497635 0.0568185 0.33460367
-0.38750577 -0.678615 0.6239559 -0.38693878 -0.67838657 0.6245559 0.068182185 0.33460367
-0.31497064 -0.7099043 0.62994397 -0.3146006 -0.7095551 0.6305221 0.07954587 0.33460367
-0.23948772 -0.73705405 0.63197863 -0.23934385 -0.73661107 0.63254935 0.090909556 0.33460364
-0.16246277 -0.759458 0.629944 -0.16255747 -0.7589577 0.63052225 0.10227325 0.33460364
-0.08538939 -0.7767802 0.623956 -0.085713245 -0.7762625 0.62455565 0.11363693 0.33460364
-0.009708415 -0.788978 0.6143447 -0.010236327 -0.78847915 0.61497635 0.12500063 0.33460364
0.06331647 -0.7962798 0.6016056 0.06262297 -0.7958297 0.6022735 0.13636431 0.33460364
0.13268429 -0.7991287 0.5863345 0.13187101 -0.79874843 0.5870359 0.147728 0.3346036
0.19769374 -0.7981068 0.5691597 0.19680579 -0.7978055 0.5698894 0.15909168 0.3346036
0.25793654 -0.79386044 0.55068535 0.25785655 -0.793614 0.551078 0.17045537 0.33460364
-0.610017 -0.58808094 0.53107446 -0.6091619 -0.58823603 0.5318836 0.02840925 0.3247623
-0.55590385 -0.6271444 0.545583 -0.5550813 -0.62718034 0.54637855 0.03977294 0.3247623
-0.49624383 -0.66504216 0.5580869 -0.49549752 -0.6649461 0.55886394 0.051136628 0.3247623
-0.43141016 -0.70085967 0.5680502 -0.4307832 -0.70063007 0.5688087 0.06250031 0.3247623
-0.36209163 -0.7336678 0.5749967 -0.3616276 -0.7333144 0.57573915 0.073864 0.32476228
-0.28928268 -0.7626112 0.57856697 -0.28901494 -0.7621554 0.57930106 0.08522768 0.3247623
-0.21422541 -0.78699917 0.57856697 -0.21417409 -0.78647333 0.57930076 0.09659137 0.3247623
-0.13830937 -0.80638033 0.57499677 -0.13847692 -0.8058215 0.5757394 0.10795505 0.3247623
-0.062945545 -0.8205831 0.56805027 -0.06331758 -0.8200296 0.56880784 0.11931874 0.32476228
0.010558857 -0.8297153 0.558087 0.010010839 -0.82919866 0.55886436 0.13068242 0.32476228
0.081100546 -0.8341233 0.5455832 0.08041514 -0.8336687 0.5463789 0.14204612 0.32476228
0.14783993 -0.8343278 0.53107464 0.14705692 -0.8339503 0.5318846 0.15340981 0.32476228
0.21021797 -0.8309495 0.5151034 0.20937787 -0.8306544 0.5159209 0.1647735 0.32476228
0.26793733 -0.8246402 0.4981749 0.2678562 -0.8243905 0.4986315 0.17613718 0.3247623
-0.6384525 -0.6040376 0.4769874 -0.6380985 -0.60432965 0.47709116 0.02272738 0.314921
-0.58789814 -0.64332074 0.4904225 -0.5875772 -0.6435558 0.49049875 0.03409107 0.314921
-0.5319409 -0.68171245 0.5023017 -0.53166556 -0.68188953 0.50235295 0.04545476 0.314921
-0.47080797 -0.718352 0.51216245 -0.47058925 -0.71847427 0.51219183 0.056818448 0.314921
-0.4050084 -0.7523382 0.5195724 -0.40485534 -0.7524111 0.519586 0.06818214 0.314921
-0.33534232 -0.78280604 0.52417576 -0.3352636 -0.7828377 0.52417886 0.079545826 0.314921
-0.26286882 -0.80901176 0.52573764 -0.26286831 -0.8090121 0.5257374 0.09090951 0.314921
-0.1888334 -0.83041054 0.52417576 -0.18891592 -0.83038986 0.52417886 0.102273196 0.31492096
-0.114563935 -0.84671104 0.5195725 -0.11472984 -0.84667987 0.5195867 0.11363689 0.31492096
-0.041354477 -0.8578923 0.51216257 -0.041603107 -0.8578625 0.51219267 0.12500058 0.31492096
0.02963927 -0.8641842 0.5023019 0.029312037 -0.8641659 0.5023527 0.13636427 0.31492096
0.09747573 -0.86601615 0.4904227 0.097078085 -0.86601746 0.4904995 0.14772795 0.31492096
0.16146524 -0.86395127 0.47698766 0.16100657 -0.8639796 0.47709158 0.15909164 0.314921
0.22117184 -0.8586173 0.4624491 0.22066459 -0.85867715 0.46258053 0.17045532 0.314921
0.017862305 -0.05497545 0.99832785 0.018025614 -0.055475052 0.9982974 0.26704618 0.4625407
0.057805188 0 0.9983278 0.058331124 -1.4840466e-09 0.9982973 0.27840978 0.4625407
0 0 1 8.814699e-07 -2.967912e-10 1 0.272728 0.472382
0.036847737 -0.1134076 0.9928651 0.036992352 -0.113851845 0.9928088 0.26136437 0.45269936
0.07823876 -0.056843594 0.99531275 0.079211056 -0.057550084 0.99519527 0.27272797 0.45269936
0.05682843 -0.17490289 0.9829443 0.056952517 -0.17528184 0.9828696 0.25568256 0.44285804
0.099706635 -0.11721223 0.988089 0.100699864 -0.11783979 0.98791367 0.26704615 0.44285804
0.07760664 -0.23885272 0.9679497 0.07770671 -0.23915769 0.96786636 0.25000075 0.43301675
0.12199273 -0.18062162 0.9759577 0.12299197 -0.18113376 0.97573745 0.26136437 0.43301675
0.098912746 -0.30442727 0.947386 0.09898775 -0.30465487 0.94730514 0.24431895 0.42317545
0.14479919 -0.2463484 0.9583035 0.14578877 -0.24670969 0.9580606 0.25568256 0.42317548
0.120412655 -0.3705983 0.92095476 0.12046073 -0.3707471 0.9208886 0.23863712 0.41333413
0.16775209 -0.3134332 0.93467575 0.16871645 -0.31361565 0.93444103 0.25000075 0.41333413
0.1417262 -0.4361957 0.88862073 0.14174987 -0.43626785 0.88858163 0.2329553 0.4034928
0.19042046 -0.38071963 0.90487164 0.1913451 -0.38070655 0.9046821 0.24431893 0.4034928
0.16245557 -0.49999523 0.8506544 0.16245653 -0.4999946 0.8506546 0.2272735 0.39365152
0.21234782 -0.44693118 0.8689999 0.21322098 -0.4467202 0.86889464 0.23863712 0.39365152
0.18221974 -0.56082416 0.80763376 0.18219873 -0.5607585 0.8076842 0.22159168 0.3838102
0.23309287 -0.510779 0.82750976 0.23390676 -0.5103832 0.82752436 0.2329553 0.3838102
0.2006885 -0.61766607 0.760403 0.2006486 -0.6175432 0.7605133 0.21590987 0.3739689
0.25227162 -0.57108104 0.78116924 0.25302193 -0.5705303 0.7813291 0.2272735 0.37396887
0.21760921 -0.66974354 0.7099928 0.21755436 -0.6695727 0.7101708 0.21022806 0.36412758
0.26959205 -0.6268694 0.7309959 0.27028078 -0.62620294 0.7313127 0.22159168 0.36412758
0.23282152 -0.7165631 0.6575192 0.23275493 -0.71635544 0.657769 0.20454624 0.35428625
0.2848743 -0.6774624 0.6781528 0.28550705 -0.6767228 0.6786251 0.21590987 0.35428625
0.24625853 -0.7579187 0.60408276 0.24618298 -0.7576865 0.6044049 0.19886445 0.34444496
0.29805428 -0.7224923 0.6238338 0.29863757 -0.7217214 0.6244468 0.21022807 0.34444496
0.25793654 -0.79386044 0.55068535 0.25785655 -0.793614 0.551078 0.19318262 0.33460364
0.30917054 -0.7618865 0.5691596 0.30971164 -0.7611212 0.56988883 0.20454624 0.33460364
0.31834227 -0.7958184 0.5151032 0.31884843 -0.79508585 0.51592076 0.19886443 0.3247623
0.11924498 0 0.9928649 0.119712085 3.858965e-09 0.99280864 0.2840916 0.45269936
0.14228739 -0.058606114 0.98808885 0.14319134 -0.059356697 0.9879135 0.27840978 0.44285807
0.18390556 0 0.9829439 0.18430343 -2.6778287e-07 0.98286945 0.2897734 0.4428581
0.16619766 -0.12074927 0.9786716 0.16709961 -0.12140461 0.9784368 0.27272797 0.43301675
0.20948078 -0.060207207 0.97595733 0.21027678 -0.060999975 0.975737 0.2840916 0.43301678
0.25114697 0 0.96794903 0.25146687 -1.9180244e-07 0.96786594 0.29545522 0.4330168
0.19065386 -0.18584143 0.96390563 0.19153793 -0.18636192 0.96362984 0.26704615 0.42317548
0.235662 -0.123894274 0.96390533 0.23643057 -0.12457417 0.96362954 0.27840978 0.42317548
0.27903885 -0.061587088 0.9583028 0.27968872 -0.062418286 0.95805967 0.2897734 0.42317548
0.32009664 0 0.94738495 0.32033628 1.27681865e-08 0.9473039 0.30113703 0.42317548
0.21524478 -0.25303575 0.94320863 0.21609488 -0.2533843 0.9429207 0.26136437 0.41333416
0.26200822 -0.19035965 0.9461051 0.26273155 -0.19088493 0.9457987 0.272728 0.41333416
0.3071672 -0.12651786 0.94320804 0.30776066 -0.12721865 0.9429204 0.2840916 0.41333413
0.34993368 -0.06268663 0.9346747 0.35040575 -0.063548386 0.9344397 0.29545522 0.41333413
0.38967335 0 0.9209531 0.38983002 1.9747534e-07 0.92088693 0.30681887 0.41333416
0.2394877 -0.32124335 0.9162141 0.24028999 -0.32139146 0.9159522 0.25568256 0.4034928
0.28799006 -0.25863102 0.92204756 0.28865448 -0.25896516 0.921746 0.26704618 0.40349284
0.33496755 -0.19397326 0.92204726 0.3354899 -0.19450186 0.92174596 0.2784098 0.40349284
0.3795285 -0.12849733 0.91621315 0.3799175 -0.12921411 0.9159511 0.2897734 0.4034928
0.42093223 -0.06345326 0.90487003 0.42120558 -0.06433713 0.9046805 0.30113703 0.4034928
0.45864686 0 0.8886186 0.45872322 3.058777e-08 0.88857925 0.3125007 0.40349284
0.26286182 -0.38919193 0.88285524 0.26360524 -0.3891273 0.882662 0.25000075 0.39365152
0.31302315 -0.3275 0.8914932 0.31361794 -0.32761607 0.89124155 0.26136437 0.39365152
0.36180028 -0.26286295 0.89442915 0.36224067 -0.2631835 0.8941567 0.272728 0.39365155
0.40820193 -0.19650002 0.89149255 0.40849674 -0.19702993 0.89124054 0.28409162 0.39365155
0.45137474 -0.12973064 0.88285375 0.45154285 -0.13045704 0.88266075 0.29545522 0.39365152
0.4906794 -0.06384731 0.86899775 0.49074823 -0.064742975 0.8688928 0.30681884 0.39365152
0.5257297 0 0.8506516 0.5257288 1.8442036e-07 0.8506522 0.3181825 0.39365152
0.2848547 -0.4555242 0.84341884 0.28553334 -0.45525107 0.843337 0.24431893 0.3838102
0.3365184 -0.39560214 0.8545492 0.3370402 -0.39549434 0.8543935 0.25568256 0.38381022
0.3870019 -0.3318802 0.86028206 0.3873586 -0.3319715 0.8600862 0.26704618 0.3838102
0.4352277 -0.26550415 0.8602816 0.43542504 -0.26581493 0.8600857 0.2784098 0.38381022
0.48023164 -0.19780107 0.85454804 0.4802903 -0.19833085 0.8543923 0.2897734 0.3838102
0.5212569 -0.13014978 0.843417 0.5212064 -0.1308798 0.8433354 0.30113703 0.38381016
0.55781305 -0.06384738 0.8275072 0.55768764 -0.06474346 0.8275221 0.31250066 0.38381016
0.589689 0 0.8076305 0.5896203 1.3096319e-07 0.8076806 0.32386428 0.3838102
0.3050135 -0.5189236 0.7985518 0.30562794 -0.51846313 0.7986161 0.23863712 0.37396887
0.35794142 -0.46153635 0.8117032 0.3583941 -0.46121562 0.8116858 0.25000075 0.37396887
0.40995076 -0.39960387 0.81991285 0.4102294 -0.39946675 0.8198403 0.26136437 0.37396887
0.45990074 -0.33413744 0.822705 0.4600079 -0.3342157 0.82261336 0.272728 0.37396887
0.50672865 -0.26640263 0.8199121 0.5066839 -0.26670977 0.8198399 0.28409162 0.3739689
0.549559 -0.19780128 0.8117016 0.549394 -0.19833083 0.8116841 0.29545525 0.3739689
0.58778286 -0.12973088 0.79854935 0.58753467 -0.1304576 0.7986137 0.30681884 0.3739689
0.6210903 -0.06345345 0.7811661 0.62079877 -0.06433698 0.7813257 0.31818247 0.3739689
0.6494559 0 0.76039916 0.6493271 -1.4075685e-07 0.7605094 0.3295461 0.3739689
0.32298982 -0.5782404 0.74921006 0.32354492 -0.57763 0.7494414 0.2329553 0.36412755
0.37686947 -0.5240016 0.7638008 0.37726286 -0.52349776 0.76395226 0.24431893 0.36412755
0.4301354 -0.46463323 0.7740152 0.43034995 -0.46428654 0.77410406 0.25568256 0.36412755
0.48161417 -0.4009653 0.7792783 0.4816479 -0.40081793 0.7793333 0.26704618 0.36412755
0.53016794 -0.33413777 0.7792779 0.5300376 -0.33421582 0.77933306 0.2784098 0.36412755
0.57481277 -0.2655047 0.77401394 0.5745494 -0.2658158 0.77410275 0.28977343 0.36412758
0.61481625 -0.1965006 0.7637988 0.61445886 -0.19703029 0.76395 0.30113706 0.36412758
0.6497514 -0.12849784 0.74920726 0.6493426 -0.12921405 0.74943846 0.31250066 0.36412758
0.6795002 -0.06268692 0.7309923 0.6790786 -0.06354774 0.73130983 0.32386428 0.36412758
0.7042132 0 0.70998865 0.70403373 1.1996158e-07 0.71016663 0.33522794 0.36412758
0.33856848 -0.6325931 0.69656116 0.33907345 -0.63187945 0.69696313 0.22727348 0.35428625
0.39303234 -0.5819229 0.7119631 0.39337987 -0.58128077 0.7122956 0.23863709 0.35428622
0.44720912 -0.52572817 0.7236117 0.44737762 -0.5252096 0.72388405 0.25000072 0.35428622
0.4999279 -0.46463376 0.7308813 0.49991173 -0.4642871 0.7311127 0.26136434 0.35428622
0.55000806 -0.39960477 0.73335344 0.5498188 -0.3994676 0.7335701 0.27272797 0.35428625
0.59637946 -0.33188125 0.7308805 0.59604484 -0.33197317 0.7311117 0.2840916 0.35428622
0.6381935 -0.26286405 0.7236101 0.6377525 -0.26318485 0.72388226 0.29545522 0.35428625
0.6748971 -0.19397427 0.7119607 0.6743937 -0.19450346 0.7122932 0.30681884 0.35428625
0.70625776 -0.1265186 0.69655806 0.7057349 -0.12721935 0.6969602 0.31818247 0.35428625
0.73233926 -0.061587486 0.67814904 0.73183155 -0.062417194 0.6786212 0.3295461 0.35428625
0.7534416 0 0.65751475 0.75322354 1.5231369e-07 0.6577648 0.34090972 0.35428625
0.3516757 -0.68142366 0.6418613 0.35214028 -0.6806525 0.6424247 0.2215917 0.34444496
0.40632787 -0.63453656 0.65746564 0.40664318 -0.6338054 0.6579757 0.23295532 0.34444496
0.46101838 -0.5819234 0.66994554 0.46116114 -0.5812814 0.6704047 0.24431893 0.34444493
0.5146127 -0.52400285 0.6786714 0.51457167 -0.5234994 0.6790908 0.25568256 0.34444493
0.5659239 -0.4615378 0.68316394 0.5657056 -0.46121663 0.68356156 0.26704618 0.34444493
0.61382824 -0.39560384 0.6831635 0.6134558 -0.39549565 0.6835608 0.2784098 0.34444493
0.6573807 -0.32750174 0.6786703 0.6568894 -0.32761827 0.6790896 0.28977343 0.34444493
0.6959056 -0.2586326 0.66994363 0.6953393 -0.25896615 0.6704027 0.30113706 0.34444493
0.729044 -0.19036093 0.65746295 0.7284464 -0.19088624 0.6579728 0.31250066 0.34444493
0.7567485 -0.12389519 0.641858 0.7561589 -0.12457489 0.6424211 0.32386428 0.34444493
0.7792376 -0.060207672 0.62382984 0.7786845 -0.061000716 0.6244433 0.3352279 0.34444493
0.79692507 0 0.6040783 0.7966799 -3.3398643e-07 0.60440147 0.34659153 0.34444493
0.36236566 -0.72450197 0.5863343 0.3627996 -0.7237159 0.58703643 0.21590987 0.33460364
0.4168117 -0.6814243 0.6016053 0.4171073 -0.6806526 0.6022736 0.2272735 0.33460367
0.47159904 -0.63259435 0.6143442 0.47173333 -0.63187945 0.6149764 0.23863712 0.33460367
0.5256575 -0.5782422 0.62395525 0.5256152 -0.5776324 0.62455535 0.25000075 0.33460367
0.5778304 -0.5189258 0.62994295 0.57761276 -0.5184659 0.63052094 0.26136437 0.33460367
0.6269771 -0.4555266 0.6319772 0.62660074 -0.4552528 0.6325476 0.272728 0.33460364
0.6720868 -0.38919428 0.6299421 0.6715816 -0.3891299 0.63052046 0.28409162 0.33460364
0.7123784 -0.32124564 0.62395376 0.7117856 -0.32139438 0.62455344 0.29545525 0.33460364
0.74736595 -0.2530377 0.614342 0.7467278 -0.25338632 0.6149739 0.30681887 0.33460364
0.77687645 -0.18584295 0.60160244 0.77623415 -0.18636252 0.60227054 0.3181825 0.33460364
0.8010215 -0.1207503 0.5863308 0.8004079 -0.12140575 0.5870331 0.3295461 0.3346036
0.8201386 -0.058606636 0.5691556 0.8195778 -0.059357762 0.5698851 0.34090972 0.3346036
0.8347159 0 0.5506808 0.8344574 -3.1435724e-07 0.55107266 0.35227337 0.33460364
0.3707936 -0.76188713 0.5310744 0.3712048 -0.76112163 0.53188425 0.21022806 0.3247623
0.4246674 -0.7224937 0.5455828 0.4249548 -0.7217232 0.54637825 0.2215917 0.3247623
0.4791466 -0.67746454 0.55808634 0.47928616 -0.6767247 0.5588636 0.23295534 0.3247623
0.53324604 -0.62687194 0.56804943 0.53322136 -0.6262048 0.56880814 0.24431895 0.3247623
0.5858694 -0.5710841 0.5749957 0.58567643 -0.57053345 0.5757385 0.25568256 0.32476228
0.6358957 -0.51078224 0.57856554 0.6355453 -0.51038647 0.57929957 0.26704618 0.3247623
0.6822843 -0.44693446 0.5785652 0.6817995 -0.44672295 0.5792997 0.2784098 0.3247623
0.72417635 -0.38072273 0.5749946 0.7235929 -0.3807095 0.5757375 0.28977343 0.3247623
0.76097274 -0.31343597 0.5680477 0.76033086 -0.3136188 0.56880593 0.30113706 0.32476228
0.79237217 -0.24635075 0.5580841 0.79171157 -0.24671255 0.55886114 0.3125007 0.32476228
0.81836295 -0.18062343 0.5455798 0.8177191 -0.1811347 0.5463751 0.3238643 0.32476228
0.83918095 -0.11721343 0.531071 0.83857965 -0.1178406 0.53188133 0.3352279 0.32476228
0.85524344 -0.056844175 0.5150992 0.85470325 -0.057550777 0.51591694 0.34659153 0.32476228
0.8670791 0 0.4981704 0.866816 -7.179817e-07 0.49862817 0.3579552 0.3247623
0.377183 -0.79386127 0.4769876 0.37757045 -0.7936145 0.47709185 0.20454624 0.314921
0.43016633 -0.7579199 0.4904226 0.43048856 -0.7576876 0.490499 0.21590985 0.314921
0.48397136 -0.71656454 0.50230163 0.48422474 -0.71635747 0.50235295 0.22727346 0.314921
0.53770924 -0.6697453 0.5121622 0.5378928 -0.6695749 0.5121921 0.23863709 0.314921
0.59036565 -0.6176679 0.5195718 0.5904823 -0.6175451 0.519585 0.25000072 0.314921
0.6408706 -0.5608259 0.52417475 0.64092547 -0.5607602 0.5241781 0.26136434 0.314921
0.6881893 -0.4999969 0.5257362 0.6881894 -0.49999687 0.5257362 0.27272797 0.314921
0.73141897 -0.4361972 0.5241739 0.7313733 -0.43626985 0.52417725 0.2840916 0.31492096
0.769872 -0.37059954 0.5195701 0.7697911 -0.3707481 0.51958394 0.29545522 0.31492096
0.8031288 -0.30442825 0.51215976 0.8030232 -0.30465645 0.51218957 0.30681887 0.31492096
0.83105063 -0.23885344 0.50229865 0.83093226 -0.2391588 0.50234914 0.3181825 0.31492096
0.8537552 -0.17490335 0.49041912 0.85363394 -0.17528254 0.490495 0.32954612 0.31492096
0.8715648 -0.11340785 0.47698382 0.87145 -0.11385261 0.47708753 0.34090975 0.314921
0.88494194 -0.054975554 0.46244505 0.8848418 -0.05547592 0.462577 0.35227337 0.314921
0.9138449 0.03397647 0.40463948 0.91400814 0.03428592 0.40424445 0.36931878 0.30507973
0.9311879 0.0700893 0.3577379 0.9313067 0.070364274 0.3573747 0.3750006 0.29523847
0.9035987 0.091974765 0.41838983 0.9036598 0.093119346 0.41800454 0.3806824 0.30507973
0.9457091 0.10809531 0.30651206 0.94578654 0.108328834 0.3061906 0.38068244 0.28539723
0.9198475 0.131047 0.36973965 0.9198202 0.13218492 0.36940223 0.38636422 0.29523847
0.95662576 0.14761832 0.25114948 0.9566675 0.14780645 0.25087965 0.38636425 0.27555597
0.932887 0.17183715 0.3165342 0.9327694 0.17294633 0.31627652 0.39204606 0.28539723
0.96317923 0.18814547 0.19206004 0.9631934 0.18828626 0.1918507 0.39204603 0.26571473
0.94190025 0.21383828 0.25903112 0.94169956 0.21489236 0.25888872 0.39772785 0.27555597
0.96471137 0.22904125 0.12989262 0.96470875 0.22913349 0.12974963 0.39772785 0.2558735
0.94612795 0.25639838 0.19774182 0.94586194 0.2573731 0.19774812 0.40340966 0.26571473
0.9607456 0.2695825 0.0655218 0.9607379 0.26962784 0.065449215 0.40340963 0.24603225
0.9449561 0.29875013 0.1334401 0.9446531 0.29962596 0.13362198 0.40909144 0.2558735
0.95105785 0.30901256 3.5034976e-08 0.95105815 0.30901217 1.241348e-07 0.40909144 0.236191
0.9380025 0.3400651 0.06713441 0.9376981 0.34082985 0.067508034 0.41477326 0.24603225
0.9357194 0.34660667 -0.065521844 0.9357397 0.34656575 -0.06544895 0.41477326 0.22634976
0.92518145 0.37952507 0 0.9249143 0.3801753 0.00056746695 0.42045507 0.236191
0.9150984 0.38173664 -0.12989296 0.91515046 0.3816603 -0.12974998 0.4204551 0.21650851
0.9067303 0.4163996 -0.066720225 0.906535 0.4169435 -0.06597261 0.42613688 0.22634976
0.889821 0.4139219 -0.19206083 0.8899148 0.41381702 -0.19185194 0.42613694 0.20666726
0.8831878 0.45011175 -0.13182841 0.8830925 0.45056108 -0.13092868 0.43181872 0.21650851
0.8606976 0.4428575 -0.2511508 0.86084193 0.44272995 -0.25088158 0.43181872 0.19682601
0.85532945 0.48028022 -0.1942744 0.8553497 0.48065352 -0.19325958 0.43750057 0.20666726
0.8286346 0.4684162 -0.30651405 0.82883483 0.46827242 -0.30619252 0.43750054 0.18698475
0.82407516 0.50672984 -0.253229 0.8242155 0.5070454 -0.25213853 0.44318235 0.19682601
0.79454696 0.49062896 -0.3577406 0.7948052 0.49047565 -0.357377 0.44318238 0.1771435
0.7903915 0.5294753 -0.30811876 0.7906446 0.5297521 -0.30699164 0.44886416 0.18698475
0.75520605 0.54868335 -0.358623 0.75555617 0.5489378 -0.35749432 0.454546 0.1771435
0.88903564 0.15343288 0.43136284 0.88907325 0.15452452 0.4308955 0.39204603 0.30507973
0.9037397 0.19537641 0.38089722 0.9036838 0.1964371 0.3804843 0.39772785 0.29523847
0.86958003 0.21783207 0.44314772 0.86961 0.2188338 0.44259486 0.40340966 0.30507973
0.91483855 0.23875052 0.32568178 0.9146906 0.2397536 0.32536033 0.40340966 0.28539723
0.8822703 0.26241258 0.3908181 0.88220704 0.26335374 0.39032772 0.40909147 0.29523847
0.84476334 0.28441194 0.4533043 0.8448088 0.28528684 0.4526693 0.4147733 0.30507973
0.9215079 0.2829024 0.26606283 0.92128074 0.28381914 0.2658733 0.40909147 0.27555597
0.8909779 0.3080086 0.3335999 0.89082736 0.30885908 0.33321562 0.4147733 0.28539723
0.85499203 0.3312287 0.3990942 0.8549507 0.3320106 0.39853287 0.4204551 0.29523847
0.8142997 0.35217655 0.46139744 0.81439036 0.35289243 0.46069005 0.4261369 0.30507973
0.9230235 0.32703638 0.20266926 0.9227412 0.32784566 0.20264736 0.41477326 0.26571473
0.8949074 0.3538162 0.27194628 0.8946881 0.35455033 0.27171168 0.42045507 0.27555597
0.86091405 0.3785137 0.33993283 0.8607972 0.37917376 0.33949307 0.42613688 0.28539723
0.82168865 0.40066004 0.40533847 0.82170546 0.40125147 0.4047189 0.43181866 0.29523847
0.7781556 0.41993707 0.46704018 0.77832437 0.42046964 0.46627963 0.43750048 0.30507973
0.9188563 0.3702641 0.13640967 0.9185536 0.37095043 0.13658386 0.4204551 0.2558735
0.8934111 0.39890632 0.20661661 0.89315313 0.3995082 0.20656936 0.42613688 0.26571473
0.86180425 0.42532185 0.27639621 0.8616354 0.42584047 0.27612382 0.4318187 0.27555597
0.8245387 0.4489447 0.34436095 0.8244983 0.44938853 0.34387892 0.4375005 0.28539723
0.7824465 0.4693712 0.40922892 0.78256017 0.4697551 0.40857062 0.4431823 0.29523847
0.7365991 0.48639253 0.4699406 0.7368765 0.48673454 0.46915084 0.4488641 0.30507973
0.9087567 0.4116788 0.06842518 0.9084733 0.4122398 0.06880864 0.42613688 0.24603224
0.8860858 0.44229677 0.13865645 0.88582826 0.44276 0.13882346 0.4318187 0.2558735
0.8571339 0.47061807 0.20938006 0.8569481 0.47098643 0.2093132 0.4375005 0.26571473
0.8222372 0.49597186 0.2791734 0.8221668 0.49625623 0.27887583 0.44318232 0.27555597
0.7820933 0.51785135 0.34664106 0.78217196 0.5180707 0.34613562 0.44886413 0.28539723
0.7376935 0.5359628 0.41055107 0.7379375 0.53614074 0.40987977 0.45454592 0.29523847
0.69021064 0.5502405 0.469941 0.6906222 0.5503987 0.4691507 0.46022773 0.3050797
0.8928054 0.45044258 -1.5648776e-08 0.8925818 0.45088503 0.0005899243 0.43181872 0.236191
0.8728458 0.48304632 0.06932827 0.87263095 0.48337832 0.06971868 0.43750054 0.24603224
0.8466598 0.51337194 0.14005905 0.8464978 0.5135949 0.14022106 0.44318238 0.2558735
0.8144094 0.54064673 0.21080413 0.8143453 0.54077345 0.21072711 0.44886416 0.26571473
0.7766301 0.5642511 0.2801181 0.77670306 0.56430316 0.27981114 0.45454597 0.27555597
0.7341892 0.58378595 0.34664145 0.73442185 0.5837927 0.3461369 0.4602278 0.28539723
0.6881904 0.5991035 0.40922967 0.68859106 0.59909254 0.40857133 0.4659096 0.29523847
0.6398493 0.6102993 0.46704152 0.6404087 0.6102944 0.46628052 0.4715914 0.3050797
0.87141687 0.48586908 -0.06755667 0.8712868 0.48620933 -0.0667811 0.4375005 0.22634976
0.8539524 0.5203511 0 0.85381866 0.5205702 0.00060422544 0.44318232 0.236191
0.83047646 0.5526643 0.069793515 0.8303788 0.55276114 0.07018703 0.44886416 0.24603224
0.80099 0.58194894 0.14053626 0.8009713 0.58193594 0.14069651 0.45454597 0.2558735
0.7658559 0.6074752 0.2108044 0.76595706 0.60737485 0.21072662 0.4602278 0.26571473
0.7257862 0.628726 0.27917406 0.7260349 0.62857074 0.27887693 0.46590963 0.27555597
0.6817713 0.6454476 0.34436202 0.6821804 0.645272 0.34388068 0.47159144 0.28539723
0.63496846 0.65765834 0.40534005 0.6355366 0.6574915 0.40471977 0.47727323 0.29523847
0.58657384 0.66561383 0.46139953 0.5872823 0.66547936 0.46069172 0.48295504 0.3050797
0.8452903 0.51748127 -0.1330321 0.84527636 0.51774156 -0.13210471 0.44318238 0.21650851
0.82998836 0.5536217 -0.06798686 0.8299647 0.55375385 -0.06719589 0.44886416 0.22634976
0.80901927 0.58778197 4.9197226e-08 0.80901915 0.5877821 0.00060928566 0.45454597 0.236191
0.7822509 0.6190415 0.06979364 0.78231245 0.6189191 0.07018746 0.4602278 0.24603224
0.74988234 0.64657545 0.14005946 0.7500441 0.646353 0.14022052 0.4659096 0.2558735
0.71245736 0.6697495 0.20938087 0.7127499 0.66945916 0.2093134 0.4715914 0.26571473
0.67082065 0.68818897 0.27639744 0.671261 0.6878688 0.2761254 0.47727323 0.27555597
0.6260277 0.7018075 0.33993465 0.6266197 0.70149225 0.33949432 0.48295504 0.28539723
0.57922596 0.7107878 0.39909652 0.579957 0.71050704 0.39853454 0.48863685 0.29523847
0.5315388 0.71552736 0.45330706 0.53238386 0.7153012 0.4526717 0.49431866 0.3050797
0.8153221 0.5450364 -0.19541036 0.81543356 0.5452404 -0.19437364 0.4488642 0.20666726
0.8017843 0.582525 -0.1334408 0.8018859 0.5825991 -0.13250397 0.454546 0.21650851
0.7830112 0.6182809 -0.06798692 0.7831298 0.6182173 -0.06719577 0.4602278 0.22634976
0.75877416 0.6513537 7.5335294e-08 0.7589411 0.6511591 0.0006054879 0.46590963 0.236191
0.7291333 0.680851 0.06932861 0.7293827 0.6805441 0.06971876 0.4715914 0.24603224
0.6944691 0.70603603 0.13865715 0.69483083 0.70564735 0.13882357 0.47727323 0.2558735
0.65546536 0.72641194 0.2066178 0.6559579 0.7259806 0.20657077 0.48295504 0.26571473
0.6130437 0.7417692 0.27194804 0.6136749 0.7413334 0.27171293 0.48863685 0.27555597
0.56826293 0.752188 0.33360225 0.56902546 0.7517818 0.33321792 0.49431866 0.28539723
0.5222066 0.7579969 0.3908209 0.5230816 0.75764596 0.390331 0.5000005 0.29523847
0.47588533 0.7597041 0.44315085 0.47684693 0.7594235 0.44259804 0.5056823 0.3050797
0.7825016 0.5685149 -0.25393346 0.7827354 0.56868464 -0.25283065 0.45454597 0.19682601
0.7703143 0.6069848 -0.19541058 0.7705424 0.60702837 -0.19437347 0.46022782 0.20666726
0.7533685 0.64400184 -0.13303238 0.7536117 0.64390814 -0.13210528 0.4659096 0.21650851
0.731377 0.6786191 -0.067556836 0.7316601 0.6783906 -0.06678027 0.47159138 0.22634976
0.7042935 0.70990884 9.375269e-08 0.7046451 0.7095597 0.0005900071 0.4772732 0.236191
0.67235565 0.737059 0.068425685 0.6728019 0.73661596 0.06880868 0.482955 0.24603225
0.6360883 0.75946295 0.13641067 0.6366477 0.7589627 0.13658455 0.48863685 0.2558735
0.59626323 0.7767849 0.20267087 0.59694517 0.7762665 0.20264941 0.49431866 0.26571473
0.5538199 0.7889822 0.26606503 0.5546213 0.7884831 0.26587543 0.5000005 0.27555597
0.5097669 0.7962834 0.32568452 0.5106741 0.79583365 0.32536253 0.5056823 0.28539723
0.4650848 0.79913145 0.3809004 0.4660766 0.7987504 0.3804873 0.5113641 0.29523847
0.42064917 0.7981085 0.43136644 0.42169926 0.7978068 0.4308991 0.5170459 0.30507973
0.74781114 0.58808273 -0.30811912 0.7481532 0.588237 -0.30699202 0.46022782 0.18698475
0.73658776 0.62714696 -0.25322956 0.7369314 0.62718296 -0.25213823 0.46590963 0.19682601
0.7210906 0.66504556 -0.194275 0.7214516 0.66494983 -0.19325976 0.47159147 0.20666726
0.70100725 0.7008637 -0.13182893 0.70140475 0.7006347 -0.13092919 0.47727326 0.21650851
0.67621976 0.7336724 -0.06672048 0.6766763 0.73331904 -0.06597328 0.48295504 0.22634976
0.6468512 0.76261616 1.3844733e-07 0.6473878 0.76216066 0.00056752464 0.48863685 0.236191
0.6132838 0.78700435 0.06713505 0.6139169 0.78647876 0.06750805 0.49431866 0.24603225
0.5761389 0.8063854 0.13344139 0.57687813 0.8058267 0.13362293 0.5000005 0.2558735
0.536221 0.82058793 0.19774374 0.5370653 0.82003385 0.19775079 0.5056823 0.26571473
0.4944364 0.8297193 0.25903362 0.4953765 0.82920265 0.2588922 0.5113641 0.27555597
0.45170456 0.8341266 0.31653723 0.4527232 0.83367205 0.3162794 0.5170459 0.28539723
0.4088802 0.8343303 0.3697432 0.4099543 0.8339526 0.36940572 0.5227277 0.29523847
0.36669797 0.83095086 0.41839376 0.36780483 0.8306554 0.41800877 0.52840954 0.30507973
0.71215034 0.60403895 -0.35774136 0.71208453 0.60433155 -0.35737807 0.4659096 0.17714348
0.7015585 0.6433228 -0.30651504 0.70148313 0.64355797 -0.30619374 0.47159144 0.18698475
0.6871586 0.6817153 -0.25115192 0.687081 0.6818927 -0.2508827 0.47727326 0.196826
0.6686385 0.7183556 -0.1920619 0.66856736 0.71847785 -0.1918523 0.48295504 0.20666724
0.6458393 0.7523424 -0.12989385 0.64578295 0.7524156 -0.12975079 0.48863685 0.2165085
0.6188005 0.7828108 -0.0655224 0.61876833 0.78284234 -0.06544956 0.49431866 0.22634973
0.58778554 0.80901664 -3.503527e-08 0.58778614 0.80901647 4.0328962e-07 0.5000005 0.23619097
0.55327815 0.8304156 0.065522335 0.5533189 0.8303943 0.06544935 0.5056823 0.24603222
0.5159456 0.8467159 0.12989382 0.516032 0.8466853 0.12975045 0.5113641 0.25587347
0.4765768 0.85789675 0.19206193 0.4767147 0.85786706 0.19185263 0.5170459 0.26571473
0.43600684 0.86418796 0.251152 0.43619922 0.8641692 0.25088266 0.5227277 0.27555597
0.39504358 0.86601907 0.3065152 0.39528978 0.86602056 0.30619368 0.52840954 0.28539723
0.3544092 0.8639532 0.3577415 0.35470694 0.8639815 0.35737807 0.53409135 0.2952385
0.31470338 0.8586184 0.40464348 0.3150483 0.85867786 0.40424854 0.53977317 0.30507976
0.2500751 0.87961715 0.40464327 0.24983062 0.87986827 0.40424806 0.5511368 0.30507973
0.22108896 0.9072711 0.35774115 0.22086388 0.907469 0.3573784 0.5568186 0.29523847
0.19174871 0.8877946 0.41839343 0.19067937 0.88820636 0.41800815 0.5625004 0.30507973
0.18943031 0.9328263 0.3065147 0.18923178 0.9329722 0.30619335 0.5625004 0.28539723
0.15960987 0.9153223 0.36974266 0.1585189 0.91564816 0.36940518 0.56818223 0.29523847
0.15521511 0.95542204 0.25115153 0.15504865 0.9555197 0.25088283 0.56818223 0.27555597
0.12484562 0.9403287 0.31653658 0.12375502 0.9405595 0.31627917 0.57386404 0.28539723
0.11869666 0.9741784 0.19206151 0.11856714 0.9742355 0.19185168 0.57386404 0.26571473
0.08768544 0.96188 0.25903296 0.08662135 0.96201485 0.2588904 0.57954586 0.27555597
0.080276 0.98827296 0.12989354 0.08018765 0.98829883 0.12975125 0.57954586 0.2558735
0.048514903 0.97905254 0.19774306 0.047505762 0.9791009 0.1977491 0.58522767 0.26571473
0.040493637 0.9970291 0.06552222 0.040448755 0.9970358 0.06544975 0.5852276 0.24603225
0.007874037 0.99102545 0.1334408 0.0069472175 0.99100786 0.13362315 0.5909095 0.2558735
2.6276382e-08 0.99999994 3.5035175e-08 1.9236438e-07 1 3.3082813e-07 0.5909094 0.236191
-0.033567265 0.9971791 0.067134604 -0.03438852 0.9971259 0.06750924 0.59659123 0.24603225
-0.040493585 0.9970291 -0.06552216 -0.04044825 0.99703574 -0.065449655 0.59659123 0.22634976
-0.07505748 0.9971792 -1.6794692e-07 -0.075759016 0.99712604 0.0005673256 0.60227305 0.236191
-0.08027595 0.9882731 -0.1298935 -0.080187164 0.988299 -0.12975079 0.60227305 0.21650851
-0.11582848 0.9910258 -0.06672066 -0.11640599 0.9910083 -0.06597315 0.60795486 0.22634976
-0.11869661 0.9741784 -0.19206147 -0.11856706 0.97423524 -0.19185282 0.60795486 0.20666726
-0.15516518 0.9790531 -0.13182902 -0.15562248 0.9791012 -0.13092929 0.6136367 0.21650851
-0.15521505 0.95542204 -0.2511515 -0.15504803 0.95551986 -0.2508827 0.6136367 0.19682601
-0.19246514 0.9618807 -0.19427507 -0.1928133 0.9620154 -0.19325987 0.6193185 0.20666726
-0.18943028 0.9328263 -0.30651468 -0.18923143 0.9329722 -0.3061935 0.6193185 0.18698475
-0.22727779 0.9403296 -0.25322965 -0.2275353 0.9405603 -0.25213936 0.6250003 0.19682601
-0.22108895 0.9072712 -0.35774115 -0.22086398 0.90746945 -0.35737732 0.62500036 0.1771435
-0.25931814 0.9153232 -0.30811927 -0.25950447 0.9156491 -0.30699205 0.6306821 0.18698475
-0.2884584 0.8877956 -0.35862342 -0.28859237 0.8882071 -0.3574951 0.636364 0.1771435
0.1287979 0.89293575 0.43136618 0.12777172 0.8933088 0.43089882 0.57386404 0.30507973
0.09345107 0.9198816 0.3809 0.09242594 0.9201561 0.38048682 0.57954586 0.29523847
0.061538205 0.8943324 0.44315076 0.060595036 0.89467037 0.44259846 0.58522767 0.30507973
0.055629656 0.94384074 0.32568398 0.05463171 0.94401014 0.3253617 0.58522767 0.28539723
0.02306122 0.920178 0.39082062 0.022146972 0.9204083 0.39033073 0.5909095 0.29523847
-0.009451948 0.89130425 0.45330706 -0.010269142 0.89161813 0.4526717 0.5965913 0.30507973
0.01569978 0.96382743 0.26606444 0.014758189 0.96389484 0.26587424 0.5909095 0.27555597
-0.017612206 0.9425496 0.33360183 -0.018467845 0.9426694 0.33321673 0.5965913 0.28539723
-0.050816346 0.9154998 0.39909637 -0.0515726 0.91570187 0.39853537 0.6022731 0.29523847
-0.083313756 0.8832718 0.46139976 -0.08396531 0.8835795 0.46069205 0.6079549 0.30507973
-0.02580562 0.9789069 0.20267023 -0.026661795 0.9788887 0.202648 0.59659123 0.26571473
-0.059963387 0.96044207 0.27194756 -0.060730197 0.9604604 0.2717125 0.60227305 0.27555597
-0.093956836 0.9357439 0.33993438 -0.09462128 0.93583685 0.33949417 0.60795486 0.28539723
-0.12714072 0.9052815 0.40534022 -0.1276985 0.90548044 0.40472 0.6136366 0.29523847
-0.15892681 0.8698356 0.46704212 -0.15938203 0.8701611 0.4662801 0.6193185 0.30507973
-0.06820501 0.9883017 0.13641009 -0.068951026 0.98822594 0.13658468 0.60227305 0.2558735
-0.10330861 0.97295254 0.20661728 -0.103960186 0.97289306 0.20657046 0.60795486 0.26571473
-0.13819852 0.9510551 0.2763971 -0.13874337 0.9510547 0.27612546 0.6136367 0.27555597
-0.17218103 0.922913 0.3443621 -0.17261568 0.9230113 0.34388095 0.6193185 0.28539723
-0.20461507 0.88919246 0.4092302 -0.20494579 0.8894193 0.40857148 0.62500024 0.29523847
-0.234971 0.85084844 0.46994203 -0.23521066 0.85121804 0.4691523 0.6306821 0.30507973
-0.11071323 0.9914942 0.06842519 -0.11133405 0.99139804 0.06880921 0.60795486 0.24603224
-0.14683855 0.97939414 0.13865666 -0.14735845 0.9792923 0.1388241 0.6136367 0.2558735
-0.18272048 0.9606108 0.2093805 -0.18312763 0.9605479 0.2093134 0.6193185 0.26571473
-0.21761723 0.9352565 0.27917403 -0.21790896 0.9352772 0.27887702 0.6250003 0.27555597
-0.2508311 0.90383804 0.3466419 -0.251015 0.9039804 0.34613737 0.6306821 0.28539723
-0.28177652 0.86720765 0.41055202 -0.28186953 0.8674948 0.40988088 0.63636386 0.29523847
-0.3100284 0.8264605 0.46994203 -0.31005153 0.8269002 0.4691525 0.64204574 0.3050797
-0.15250854 0.9883022 -3.2862437e-07 -0.15299854 0.98822623 0.00058940717 0.6136367 0.236191
-0.18968455 0.9793944 0.0693281 -0.19006637 0.97929275 0.069718346 0.6193185 0.24603224
-0.22661799 0.96386087 0.14005904 -0.22687988 0.96377575 0.14022076 0.62500036 0.2558735
-0.26252392 0.9416171 0.2108043 -0.26266414 0.9415955 0.21072596 0.6306821 0.26571473
-0.2966476 0.9129808 0.28011847 -0.29667526 0.913066 0.27981123 0.6363639 0.27555597
-0.32834128 0.8786533 0.34664193 -0.3282757 0.87887645 0.34613758 0.64204574 0.28539723
-0.35712355 0.8396388 0.40923023 -0.3569897 0.8400161 0.40857223 0.6477275 0.29523847
-0.38270953 0.797123 0.46704212 -0.38253286 0.7976536 0.4662806 0.65340936 0.3050797
-0.19280995 0.9789077 -0.067557186 -0.19317354 0.97888935 -0.06678082 0.6193185 0.22634976
-0.23100136 0.97295344 -4.0877865e-07 -0.23125046 0.9728941 0.00060396607 0.6250003 0.236191
-0.26898757 0.9606117 0.069793224 -0.2691096 0.9605488 0.07018709 0.6306821 0.24603224
-0.30595085 0.94161755 0.14053611 -0.30594423 0.94159573 0.14069687 0.6363639 0.2558735
-0.34108496 0.9160909 0.21080439 -0.3409592 0.9161558 0.21072607 0.64204574 0.26571473
-0.37367785 0.88454884 0.27917415 -0.37345406 0.8847373 0.2788764 0.64772755 0.27555597
-0.4031824 0.8478553 0.34436226 -0.40288866 0.84819037 0.34388086 0.65340936 0.28539723
-0.4292583 0.80711615 0.40534028 -0.42892385 0.80760497 0.40472034 0.6590911 0.29523847
-0.4517791 0.76354825 0.46139982 -0.45143208 0.7641802 0.4606926 0.664773 0.3050797
-0.23094785 0.9638285 -0.13303274 -0.23119932 0.9638959 -0.13210472 0.62500024 0.21650851
-0.27004817 0.9604435 -0.067987464 -0.27018067 0.9604619 -0.067196436 0.630682 0.22634976
-0.30901647 0.95105666 -4.7557342e-07 -0.30901667 0.95105654 0.00060853385 0.63636386 0.236191
-0.34701803 0.935258 0.06979321 -0.3468829 0.93527853 0.070187174 0.6420457 0.24603224
-0.38320678 0.91298187 0.1400591 -0.3829452 0.913067 0.14022054 0.6477275 0.2558735
-0.41681162 0.88454956 0.2093806 -0.41644526 0.884738 0.20931302 0.65340924 0.26571473
-0.44721514 0.85064876 0.2763973 -0.4467739 0.850969 0.27612486 0.6590911 0.27555597
-0.47400886 0.8122562 0.3399346 -0.47352624 0.8127215 0.3394948 0.6647729 0.28539723
-0.497012 0.7705201 0.39909646 -0.49651924 0.7711283 0.3985348 0.67045474 0.29523847
-0.5162556 0.7266312 0.453307 -0.515779 0.72736573 0.45267114 0.6761366 0.3050797
-0.26641437 0.9438422 -0.19541097 -0.26657397 0.9440113 -0.19437358 0.6306821 0.20666726
-0.30625173 0.94255143 -0.13344137 -0.3062907 0.94267106 -0.132504 0.63636386 0.21650851
-0.34605885 0.93574625 -0.067987464 -0.34596208 0.93583924 -0.0671961 0.6420456 0.22634976
-0.38500276 0.9229154 -4.143442e-07 -0.38476643 0.92301375 0.00060531637 0.64772743 0.236191
-0.4222159 0.9038403 0.06932818 -0.4218474 0.90398246 0.06971874 0.65340924 0.24603224
-0.45688015 0.8786551 0.13865678 -0.45639938 0.8788786 0.13882373 0.6590911 0.2558735
-0.48831156 0.8478567 0.20661747 -0.48774916 0.8481921 0.2065696 0.66477287 0.26571473
-0.5160262 0.812257 0.2719478 -0.51541734 0.8127223 0.27171224 0.67045474 0.27555597
-0.53977305 0.77288723 0.33360204 -0.53915197 0.7734863 0.3332178 0.67613655 0.28539723
-0.5595297 0.73087996 0.3908207 -0.55892587 0.7316042 0.3903296 0.68181837 0.29523847
-0.5754674 0.6873535 0.44315082 -0.5749036 0.68818146 0.44259706 0.68750024 0.3050797
-0.29888526 0.91988325 -0.25393403 -0.29897502 0.9201577 -0.25283167 0.6363639 0.19682601
-0.3392385 0.92018026 -0.19541112 -0.33920932 0.9204106 -0.19437465 0.64204574 0.20666726
-0.37968034 0.91550267 -0.1330329 -0.37951642 0.9157048 -0.13210656 0.64772755 0.21650851
-0.4193991 0.90528476 -0.06755733 -0.4190944 0.9054835 -0.06678158 0.65340936 0.22634976
-0.45752674 0.8891958 -3.7501079e-07 -0.45708576 0.8894225 0.00058987114 0.65909123 0.236191
-0.49321735 0.86721087 0.068425246 -0.4926578 0.86749846 0.06880935 0.6647731 0.24603225
-0.525732 0.8396417 0.13641025 -0.5250831 0.8400192 0.13658474 0.6704549 0.2558735
-0.5545128 0.8071185 0.2026705 -0.5538098 0.80760676 0.20264801 0.67613673 0.26571473
-0.57922876 0.7705216 0.2660647 -0.5785067 0.77112955 0.26587456 0.68181854 0.27555597
-0.59978575 0.73088086 0.32568422 -0.59907687 0.7316046 0.32536387 0.68750036 0.28539723
-0.6163018 0.6892656 0.38090014 -0.6156333 0.69009084 0.38048688 0.6931821 0.29523847
-0.62906027 0.6466887 0.4313662 -0.62844956 0.6475939 0.43089816 0.6988639 0.30507973
-0.32821462 0.8929376 -0.3081195 -0.3282558 0.8933105 -0.30699274 0.6420458 0.18698475
-0.36883518 0.89433503 -0.25322998 -0.36876246 0.89467317 -0.2521392 0.6477276 0.19682601
-0.40966776 0.8913077 -0.19427542 -0.409465 0.8916217 -0.19325987 0.6534094 0.20666726
-0.44993895 0.8832757 -0.13182935 -0.44959804 0.883583 -0.13093007 0.65909123 0.21650851
-0.48880166 0.8698398 -0.0667209 -0.48832434 0.87016493 -0.065973684 0.66477305 0.22634976
-0.5254042 0.8508528 -2.7689467e-07 -0.52480495 0.85122234 0.0005671175 0.67045486 0.236191
-0.55897164 0.8264646 0.06713464 -0.5582761 0.8269042 0.067508824 0.6761367 0.24603225
-0.5888824 0.79712665 0.13344096 -0.58812284 0.7976568 0.13362348 0.6818185 0.2558735
-0.614725 0.7635513 0.19774334 -0.61393726 0.76418346 0.19774927 0.6875003 0.26571473
-0.6363218 0.7266336 0.25903323 -0.6355399 0.7273684 0.2588905 0.6931821 0.27555597
-0.6537183 0.68735504 0.31653684 -0.6529709 0.6881832 0.31627977 0.698864 0.28539723
-0.6671453 0.64668953 0.36974278 -0.66645366 0.6475948 0.36940572 0.70454574 0.29523847
-0.6769663 0.6055276 0.4183934 -0.6763429 0.60648954 0.418008 0.71022755 0.30507973
-0.35440916 0.8639531 -0.35774156 -0.35470796 0.86398095 -0.35737842 0.6477276 0.17714348
-0.39504355 0.86601907 -0.30651525 -0.39528975 0.8660202 -0.30619484 0.6534094 0.18698475
-0.43600684 0.8641879 -0.25115207 -0.4361993 0.864169 -0.25088266 0.65909123 0.196826
-0.47657675 0.85789675 -0.192062 -0.47671518 0.8578667 -0.19185288 0.66477305 0.20666724
-0.51594555 0.84671587 -0.12989391 -0.5160326 0.84668475 -0.12975118 0.67045486 0.2165085
-0.55327815 0.8304156 -0.06552242 -0.5533183 0.8303947 -0.06545023 0.6761367 0.22634973
-0.5877856 0.8090167 -3.503528e-08 -0.587786 0.80901647 3.8131358e-07 0.6818185 0.23619097
-0.61880046 0.78281075 0.06552234 -0.61876804 0.7828426 0.06545063 0.68750024 0.24603222
-0.64583933 0.75234246 0.12989382 -0.64578253 0.75241596 0.1297513 0.69318205 0.25587347
-0.6686385 0.71835554 0.19206189 -0.6685672 0.718478 0.19185245 0.6988639 0.26571473
-0.6871586 0.6817153 0.25115192 -0.6870813 0.68189263 0.2508821 0.70454574 0.27555597
-0.7015585 0.6433229 0.3065151 -0.70148337 0.6435579 0.3061934 0.71022755 0.28539723
-0.71215034 0.60403895 0.35774136 -0.71208537 0.60433036 0.35737842 0.71590936 0.2952385
-0.71934634 0.5646279 0.40464318 -0.71929735 0.56497324 0.40424833 0.7215912 0.30507976
-0.7592889 0.50965136 0.4046428 -0.75960237 0.5094973 0.40424842 0.7329548 0.30507973
-0.79454696 0.490629 0.35774064 -0.7948042 0.490477 0.3573774 0.7386366 0.29523847
-0.7850899 0.456707 0.41839272 -0.78581166 0.45581776 0.41800767 0.7443184 0.30507973
-0.8286346 0.46841624 0.30651408 -0.8288345 0.46827298 0.3061927 0.7443184 0.28539723
-0.82120204 0.4346472 0.36974183 -0.8218489 0.43371016 0.3694048 0.75000024 0.29523847
-0.8606976 0.44285756 0.25115085 -0.8608421 0.44272962 0.25088122 0.75000024 0.27555597
-0.8557275 0.40931135 0.31653574 -0.85628396 0.4083454 0.31627834 0.75568205 0.28539723
-0.889821 0.413922 0.19206087 -0.8899151 0.4138167 0.19185174 0.75568205 0.26571473
-0.88770705 0.3806291 0.25903204 -0.8881642 0.3796587 0.2588894 0.76136386 0.27555597
-0.9150983 0.3817367 0.129893 -0.9151505 0.38166028 0.12974983 0.76136386 0.2558735
-0.91614354 0.34868178 0.19774227 -0.91650146 0.3477368 0.19774842 0.7670457 0.26571473
-0.9357193 0.34660673 0.0655219 -0.93573946 0.34656605 0.065449774 0.7670457 0.24603225
-0.94008905 0.31372938 0.1334402 -0.9403587 0.31284264 0.13362253 0.7727275 0.2558735
-0.95105785 0.30901265 3.5034976e-08 -0.951058 0.30901247 -2.2213594e-07 0.7727275 0.236191
-0.95874757 0.27621755 0.06713435 -0.95895064 0.27542034 0.06750883 0.7784093 0.24603225
-0.9607456 0.2695826 -0.06552173 -0.9607381 0.2696271 -0.06544945 0.7784093 0.22634976
-0.97156876 0.23675773 2.2901844e-08 -0.9717352 0.23607294 0.00056762446 0.7840911 0.236191
-0.96471137 0.22904132 -0.12989256 -0.9647087 0.22913334 -0.12974982 0.7840911 0.21650851
-0.9783154 0.19608043 -0.06671992 -0.97847694 0.19552624 -0.06597273 0.7897729 0.22634976
-0.96317923 0.18814552 -0.19206 -0.96319336 0.18828672 -0.19185084 0.7897729 0.20666726
-0.97908425 0.15496908 -0.13182768 -0.97927123 0.15455018 -0.13092843 0.79545474 0.21650851
-0.95662576 0.14761837 -0.25114942 -0.9566672 0.14780806 -0.25088015 0.79545474 0.19682601
-0.97427875 0.1141881 -0.19427305 -0.97451466 0.11389845 -0.19325727 0.80113655 0.20666726
-0.9457091 0.10809534 -0.30651203 -0.94578624 0.10832957 -0.30619153 0.80113655 0.18698475
-0.9645403 0.07441968 -0.253227 -0.96483934 0.07424608 -0.25213644 0.80681837 0.19682601
-0.9311879 0.07008932 -0.35773787 -0.9313068 0.07036432 -0.35737452 0.80681837 0.1771435
-0.95065904 0.036220167 -0.308116 -0.95102626 0.036143385 -0.30698973 0.8125002 0.18698475
-0.93348384 -2.4652041e-07 -0.35861954 -0.93391675 -8.13328e-08 -0.3574908 0.818182 0.1771435
-0.8094322 0.39842635 0.43136522 -0.8101043 0.3975653 0.43089792 0.75568205 0.30507973
-0.8459821 0.37313575 0.38089886 -0.84655994 0.3722452 0.3804863 0.76136386 0.29523847
-0.83154476 0.33489072 0.44314954 -0.83215743 0.33409896 0.44259676 0.7670457 0.30507973
-0.8804562 0.34456882 0.32568285 -0.8809255 0.34367168 0.3253614 0.7670456 0.28539723
-0.8680155 0.30628327 0.39081928 -0.8685172 0.30548468 0.3903293 0.7727274 0.29523847
-0.85060203 0.26644003 0.45330557 -0.85115343 0.26575905 0.45266998 0.77840924 0.30507973
-0.91180366 0.31276897 0.26606336 -0.91215867 0.3118943 0.26587325 0.7727275 0.27555597
-0.9018609 0.27451327 0.33360046 -0.9022389 0.27373672 0.33321643 0.7784093 0.28539723
-0.8863955 0.23457658 0.3990948 -0.8868217 0.23391981 0.39853358 0.7840911 0.29523847
-0.86578727 0.19371189 0.46139815 -0.8662813 0.19318628 0.46069065 0.7897729 0.30507973
-0.938971 0.27795437 0.20266934 -0.9392182 0.27713463 0.20264694 0.7784093 0.26571473
-0.93196493 0.23976359 0.27194634 -0.9322193 0.23904067 0.27171114 0.7840911 0.27555597
-0.9189802 0.199803 0.33993292 -0.91927326 0.19920054 0.33949357 0.789773 0.28539723
-0.90026295 0.15883102 0.40533847 -0.90062416 0.15836209 0.40471932 0.79545474 0.29523847
-0.8763744 0.11764844 0.46704027 -0.87682396 0.11731635 0.46627957 0.80113655 0.30507973
-0.96100795 0.24053289 0.13640952 -0.9611665 0.23979999 0.13658385 0.7840911 0.2558735
-0.9572574 0.20240538 0.20661637 -0.9574026 0.20176703 0.20656857 0.7897729 0.26571473
-0.94721323 0.16245766 0.2763959 -0.9473818 0.16193824 0.27612257 0.79545474 0.27555597
-0.9309497 0.12144326 0.3443606 -0.93117785 0.12105964 0.34387878 0.80113655 0.28539723
-0.90890247 0.080177665 0.4092285 -0.90921986 0.0799341 0.4085707 0.80681837 0.29523847
-0.88181585 0.03945969 0.46994022 -0.88224113 0.039346196 0.46915084 0.8125002 0.30507973
-0.97717977 0.2010914 0.06842507 -0.97728044 0.20047021 0.0688092 0.7897729 0.24603224
-0.976835 0.1629962 0.13865615 -0.9768991 0.16246994 0.13882339 0.79545474 0.2558735
-0.970059 0.12306733 0.20937958 -0.9701252 0.12266079 0.20931225 0.80113655 0.26571473
-0.9567294 0.082044914 0.2791728 -0.95683956 0.08177412 0.2788749 0.80681837 0.27555597
-0.9371126 0.040749107 0.34664038 -0.937305 0.040617242 0.34613556 0.8125001 0.28539723
-0.911838 7.0026466e-08 0.4105503 -0.91214 -8.4175696e-07 0.4098787 0.8181819 0.29523847
-0.8818158 -0.039459534 0.4699402 -0.8822412 -0.039346475 0.46915063 0.82386374 0.3050797
-0.98705935 0.160355 1.330145e-07 -0.9871387 0.15986562 0.0005905736 0.79545474 0.236191
-0.99007535 0.12224702 0.069328204 -0.99009657 0.121853076 0.06971887 0.8011365 0.24603224
-0.986715 0.08232233 0.14005873 -0.98671496 0.08204803 0.14022066 0.8068183 0.2558735
-0.9766556 0.041301347 0.21080358 -0.9766783 0.041162223 0.21072584 0.8125001 0.26571473
-0.95996577 -2.410108e-08 0.28011736 -0.96005505 -2.750786e-07 0.27981126 0.81818193 0.27555597
-0.93711245 -0.040749036 0.3466405 -0.93730474 -0.04061787 0.34613606 0.82386374 0.28539723
-0.90890235 -0.080177546 0.40922868 -0.9092199 -0.079932846 0.40857053 0.8295455 0.29523847
-0.8763744 -0.1176483 0.46704048 -0.87682396 -0.11731648 0.46627957 0.8352274 0.3050797
-0.9905786 0.11912287 -0.067556106 -0.99067324 0.118772715 -0.06678017 0.80113655 0.22634976
-0.9967172 0.080961846 3.3664068e-07 -0.9967377 0.080707 0.00060503546 0.80681837 0.236191
-0.9967177 0.041022208 0.06979357 -0.99669564 0.040887102 0.07018746 0.8125002 0.24603224
-0.9900756 -2.0853095e-07 0.14053603 -0.99005294 -5.394743e-07 0.14069581 0.818182 0.2558735
-0.9766555 -0.041301582 0.21080385 -0.9766783 -0.041162338 0.21072584 0.8238638 0.26571473
-0.95672935 -0.082045026 0.27917323 -0.9568394 -0.0817736 0.27887562 0.8295456 0.27555597
-0.93094957 -0.12144328 0.34436104 -0.93117756 -0.12105913 0.34387967 0.8352275 0.28539723
-0.9002628 -0.15883096 0.4053389 -0.900624 -0.15836245 0.40471944 0.84090924 0.29523847
-0.8657871 -0.19371177 0.46139833 -0.8662811 -0.19318691 0.46069077 0.84659106 0.3050797
-0.98802274 0.07819176 -0.13303094 -0.9881643 0.07797337 -0.13210401 0.80681837 0.21650851
-0.9968858 0.039960206 -0.06798595 -0.9969442 0.039839346 -0.0671949 0.8125002 0.22634976
-0.99999994 -3.4437997e-07 6.6416135e-07 -0.9999998 -5.7625266e-07 0.0006103178 0.818182 0.236191
-0.9967176 -0.041022778 0.069793895 -0.9966955 -0.04088806 0.070187815 0.8238638 0.24603224
-0.9867149 -0.082322754 0.1400593 -0.98671496 -0.08204811 0.1402208 0.8295457 0.2558735
-0.97005886 -0.12306763 0.20938033 -0.9701251 -0.12266092 0.20931245 0.8352275 0.26571473
-0.947213 -0.16245787 0.27639663 -0.94738126 -0.16193932 0.27612394 0.8409093 0.27555597
-0.9189798 -0.19980305 0.3399336 -0.9192732 -0.19920023 0.33949402 0.8465911 0.28539723
-0.88639534 -0.2345766 0.39909533 -0.8868211 -0.2339202 0.3985344 0.85227287 0.29523847
-0.85060185 -0.26643997 0.45330584 -0.85115314 -0.26575923 0.45267028 0.8579547 0.3050797
-0.9799744 0.03828495 -0.19540845 -0.98018456 0.038185593 -0.19437112 0.8125002 0.20666726
-0.991057 -4.25723e-07 -0.13343911 -0.9911827 -1.2675108e-06 -0.13250251 0.818182 0.21650851
-0.9968857 -0.039961018 -0.06798554 -0.9969442 -0.039840057 -0.067194864 0.8238638 0.22634976
-0.99671715 -0.080962606 1.0714327e-06 -0.9967377 -0.08070646 0.00060584216 0.8295456 0.236191
-0.9900752 -0.12224766 0.06932917 -0.99009657 -0.12185263 0.06972014 0.83522743 0.24603224
-0.9768347 -0.16299674 0.13865727 -0.97689885 -0.16246994 0.13882428 0.84090924 0.2558735
-0.9572571 -0.20240587 0.20661753 -0.9574024 -0.20176686 0.20656945 0.84659106 0.26571473
-0.9319645 -0.2397639 0.27194744 -0.9322188 -0.2390408 0.27171245 0.85227287 0.27555597
-0.9018606 -0.27451345 0.33360136 -0.9022386 -0.27373672 0.3332172 0.8579546 0.28539723
-0.86801517 -0.3062833 0.3908199 -0.8685169 -0.3054848 0.3903299 0.8636364 0.29523847
-0.83154464 -0.33489072 0.4431499 -0.832158 -0.33409768 0.44259655 0.86931825 0.3050797
-0.96722245 -3.9664562e-07 -0.25393078 -0.96751106 -8.5628426e-07 -0.25282872 0.818182 0.19682601
-0.97997445 -0.038285818 -0.19540805 -0.9801846 -0.038187195 -0.19437064 0.8238638 0.20666726
-0.9880227 -0.07819267 -0.13303012 -0.98816454 -0.07797393 -0.13210276 0.82954556 0.21650851
-0.99057853 -0.11912381 -0.06755495 -0.99067336 -0.11877219 -0.06677936 0.8352274 0.22634976
-0.98705924 -0.16035588 1.5128229e-06 -0.9871387 -0.15986574 0.00059133273 0.8409092 0.236191
-0.9771796 -0.20109221 0.06842661 -0.9772801 -0.20047167 0.068810865 0.846591 0.24603225
-0.96100754 -0.24053362 0.13641109 -0.96116626 -0.23980011 0.13658534 0.8522728 0.2558735
-0.9389705 -0.27795497 0.20267084 -0.93921757 -0.27713525 0.20264871 0.8579546 0.26571473
-0.91180307 -0.3127694 0.26606464 -0.91215795 -0.31189486 0.2658749 0.86363643 0.27555597
-0.8804556 -0.3445691 0.3256839 -0.88092506 -0.34367183 0.32536262 0.86931825 0.28539723
-0.84598166 -0.37313592 0.38089958 -0.8465599 -0.3722451 0.38048643 0.875 0.29523847
-0.80943197 -0.3984264 0.43136555 -0.8101041 -0.39756584 0.4308977 0.8806819 0.30507973
-0.9506591 -0.036220852 -0.30811563 -0.95102644 -0.036144987 -0.30698907 0.8238638 0.18698475
-0.96454036 -0.07442053 -0.25322625 -0.9648394 -0.07424667 -0.25213584 0.8295456 0.19682601
-0.97427887 -0.11418909 -0.19427195 -0.97451484 -0.11389866 -0.19325621 0.83522743 0.20666726
-0.9790843 -0.15497017 -0.13182624 -0.97927135 -0.15455039 -0.13092662 0.8409092 0.21650851
-0.97831523 -0.19608155 -0.06671823 -0.9784769 -0.1955273 -0.06597096 0.846591 0.22634976
-0.97156847 -0.23675883 1.882012e-06 -0.97173476 -0.23607464 0.00056885066 0.8522728 0.236191
-0.9587471 -0.2762186 0.06713626 -0.95895034 -0.27542087 0.06751031 0.8579546 0.24603225
-0.9400885 -0.31373033 0.13344207 -0.94035834 -0.3128432 0.13362414 0.8636365 0.2558735
-0.9161429 -0.34868258 0.19774398 -0.91650057 -0.3477378 0.19775067 0.8693183 0.26571473
-0.8877064 -0.38062966 0.2590335 -0.8881633 -0.3796593 0.25889125 0.8750001 0.27555597
-0.85572684 -0.4093117 0.3165368 -0.8562836 -0.4083454 0.3162793 0.880682 0.28539723
-0.82120156 -0.43464747 0.3697426 -0.82184887 -0.43371022 0.36940506 0.88636374 0.29523847
-0.78508973 -0.45670715 0.41839314 -0.7858113 -0.45581764 0.4180082 0.89204556 0.30507973
-0.9311879 -0.0700893 -0.3577379 -0.93130666 -0.0703647 -0.35737473 0.8295456 0.17714348
-0.9457091 -0.10809531 -0.30651206 -0.94578636 -0.10832923 -0.30619138 0.83522743 0.18698475
-0.95662576 -0.14761832 -0.25114948 -0.9566672 -0.14780763 -0.2508803 0.84090924 0.196826
-0.96317923 -0.18814547 -0.19206004 -0.9631932 -0.18828724 -0.19185098 0.84659106 0.20666724
-0.96471137 -0.22904125 -0.12989262 -0.9647089 -0.22913301 -0.12974973 0.85227287 0.2165085
-0.9607456 -0.2695825 -0.0655218 -0.9607378 -0.2696281 -0.06544899 0.8579546 0.22634973
-0.95105785 -0.30901256 -3.5034976e-08 -0.95105803 -0.30901232 -2.7915482e-07 0.86363643 0.23619097
-0.9357194 -0.34660667 0.065521844 -0.9357395 -0.346566 0.065449074 0.86931825 0.24603222
-0.9150984 -0.38173664 0.12989296 -0.91515034 -0.3816608 0.12974994 0.87500006 0.25587347
-0.889821 -0.4139219 0.19206083 -0.88991463 -0.41381732 0.19185226 0.88068193 0.26571473
-0.8606976 -0.4428575 0.2511508 -0.86084217 -0.44272944 0.25088128 0.88636374 0.27555597
-0.8286346 -0.4684162 0.30651405 -0.82883507 -0.46827212 0.30619258 0.89204556 0.28539723
-0.79454696 -0.49062896 0.3577406 -0.79480445 -0.49047703 0.35737696 0.8977274 0.2952385
-0.75928897 -0.50965136 0.40464282 -0.7596021 -0.50949776 0.40424827 0.9034092 0.30507976
-0.71934634 -0.56462795 0.4046432 -0.71929723 -0.56497353 0.40424803 0.005681875 0.30507973
-0.71215034 -0.60403895 0.35774136 -0.71208566 -0.60433054 0.35737756 0.01136375 0.29523847
-0.67696637 -0.60552746 0.41839337 -0.6763428 -0.60648966 0.41800815 0.017045565 0.30507973
-0.7015585 -0.6433228 0.30651504 -0.7014835 -0.6435575 0.30619386 0.017045626 0.28539723
-0.6671455 -0.6466894 0.36974278 -0.666454 -0.6475946 0.36940545 0.022727441 0.29523847
-0.6871586 -0.6817153 0.25115192 -0.6870816 -0.6818921 0.25088283 0.022727503 0.27555597
-0.6537184 -0.6873548 0.31653678 -0.65297216 -0.6881823 0.31627923 0.028409317 0.28539723
-0.6686385 -0.7183556 0.1920619 -0.6685675 -0.71847785 0.19185181 0.028409377 0.26571473
-0.6363221 -0.7266334 0.25903317 -0.63554084 -0.7273676 0.25889054 0.034091193 0.27555597
-0.6458393 -0.7523424 0.12989385 -0.6457833 -0.7524153 0.12975115 0.034091253 0.2558735
-0.61472535 -0.7635511 0.19774328 -0.61393803 -0.76418287 0.19774914 0.03977307 0.26571473
-0.6188005 -0.7828108 0.0655224 -0.6187684 -0.7828424 0.06544921 0.03977313 0.24603225
-0.5888828 -0.7971265 0.1334409 -0.588123 -0.79765683 0.13362287 0.04545494 0.2558735
-0.58778554 -0.80901664 3.503527e-08 -0.58778626 -0.8090164 -5.387094e-07 0.045455005 0.236191
-0.55897194 -0.82646435 0.06713458 -0.55827594 -0.82690424 0.06750865 0.051136818 0.24603225
-0.55327815 -0.8304156 -0.065522335 -0.5533187 -0.8303943 -0.06544991 0.05113688 0.22634976
-0.5254046 -0.8508526 -3.3589373e-07 -0.52480596 -0.85122186 0.0005663554 0.056818694 0.236191
-0.5159456 -0.8467159 -0.12989382 -0.51603234 -0.84668493 -0.12975083 0.056818757 0.21650851
-0.48880193 -0.86983955 -0.06672092 -0.4883248 -0.8701645 -0.065973856 0.062500566 0.22634976
-0.4765768 -0.85789675 -0.19206193 -0.47671494 -0.85786676 -0.191853 0.06250063 0.20666726
-0.44993925 -0.88327557 -0.13182938 -0.4495979 -0.88358325 -0.13092983 0.068182446 0.21650851
-0.43600684 -0.86418796 -0.251152 -0.43619946 -0.8641688 -0.25088307 0.068182506 0.19682601
-0.409668 -0.8913076 -0.19427541 -0.40946525 -0.8916215 -0.1932602 0.073864326 0.20666726
-0.39504358 -0.86601907 -0.3065152 -0.3952903 -0.8660197 -0.30619505 0.07386438 0.18698475
-0.36883542 -0.89433503 -0.25322998 -0.36876228 -0.8946732 -0.2521393 0.0795462 0.19682601
-0.3544092 -0.8639532 -0.3577415 -0.3547075 -0.86398107 -0.35737857 0.07954626 0.1771435
-0.32821476 -0.89293754 -0.30811948 -0.32825547 -0.8933105 -0.30699313 0.08522807 0.18698475
-0.28845847 -0.8877955 -0.3586234 -0.2885921 -0.88820726 -0.35749474 0.09090994 0.1771435
-0.6290604 -0.6466887 0.43136612 -0.6284493 -0.6475934 0.43089938 0.028409256 0.30507973
-0.6163021 -0.6892656 0.3809 -0.6156336 -0.69009036 0.38048732 0.03409113 0.29523847
-0.57546747 -0.6873534 0.4431506 -0.57490253 -0.6881817 0.4425982 0.039772943 0.30507973
-0.5997861 -0.7308808 0.325684 -0.5990775 -0.7316044 0.32536304 0.03977301 0.28539723
-0.55952996 -0.73087996 0.39082047 -0.55892533 -0.7316036 0.39033157 0.045454822 0.29523847
-0.51625574 -0.72663116 0.45330682 -0.515779 -0.72736555 0.45267153 0.051136635 0.30507973
-0.57922924 -0.7705214 0.2660645 -0.5785065 -0.77112985 0.26587436 0.045454886 0.27555597
-0.53977346 -0.7728871 0.33360177 -0.5391514 -0.77348703 0.3332171 0.0511367 0.28539723
-0.49701235 -0.77052 0.39909622 -0.49651977 -0.77112746 0.39853546 0.05681851 0.29523847
-0.45177922 -0.7635482 0.46139956 -0.4514329 -0.76418024 0.460692 0.06250033 0.30507973
-0.5545133 -0.80711824 0.20267023 -0.55380946 -0.8076069 0.20264791 0.051136754 0.26571473
-0.51602674 -0.8122567 0.2719474 -0.515417 -0.8127225 0.27171212 0.05681857 0.27555597
-0.47400942 -0.81225604 0.33993417 -0.47352666 -0.81272155 0.3394941 0.06250039 0.28539723
-0.42925882 -0.80711615 0.40534 -0.42892474 -0.8076043 0.40472096 0.0681822 0.29523847
-0.3827098 -0.797123 0.4670419 -0.3825335 -0.79765296 0.46628097 0.07386401 0.30507973
-0.5257324 -0.83964133 0.13640998 -0.5250835 -0.8400191 0.13658422 0.05681863 0.2558735
-0.48831213 -0.8478565 0.2066171 -0.48774984 -0.8481918 0.20656908 0.06250044 0.26571473
-0.44721574 -0.85064846 0.27639684 -0.446775 -0.8509687 0.27612415 0.06818225 0.27555597
-0.40318304 -0.8478552 0.3443618 -0.40288883 -0.8481907 0.34387943 0.073864065 0.28539723
-0.3571241 -0.83963877 0.4092299 -0.35698995 -0.8400166 0.40857127 0.07954588 0.29523847
-0.31002873 -0.82646054 0.46994182 -0.3100523 -0.82690066 0.46915138 0.0852277 0.30507973
-0.49321786 -0.86721057 0.068424985 -0.49265894 -0.8674978 0.06880957 0.06250051 0.24603224
-0.45688078 -0.87865484 0.13865638 -0.45640033 -0.8788782 0.13882343 0.06818232 0.2558735
-0.41681233 -0.88454926 0.20938013 -0.41644594 -0.8847379 0.20931269 0.07386413 0.26571473
-0.37367862 -0.88454866 0.2791736 -0.37345487 -0.88473725 0.27887535 0.079545945 0.27555597
-0.328342 -0.87865305 0.34664145 -0.32827616 -0.8788768 0.34613624 0.08522776 0.28539723
-0.28177702 -0.8672077 0.41055167 -0.28187048 -0.86749524 0.40987933 0.09090957 0.29523847
-0.23497128 -0.8508485 0.4699418 -0.23521028 -0.8512181 0.4691523 0.09659138 0.3050797
-0.45752734 -0.8891956 -5.8682883e-07 -0.45708632 -0.8894221 0.000589611 0.06818238 0.236191
-0.42221653 -0.90384007 0.06932781 -0.4218473 -0.9039824 0.06971899 0.07386419 0.24603224
-0.38320756 -0.9129816 0.1400587 -0.3829458 -0.91306657 0.14022084 0.079546005 0.2558735
-0.3410858 -0.91609067 0.21080388 -0.34096032 -0.9161552 0.21072677 0.08522782 0.26571473
-0.29664847 -0.9129806 0.280118 -0.2966762 -0.9130655 0.27981198 0.09090963 0.27555597
-0.25083178 -0.9038379 0.3466414 -0.2510166 -0.9039803 0.3461363 0.09659144 0.28539723
-0.20461564 -0.8891926 0.4092299 -0.20494585 -0.88941896 0.4085721 0.102273256 0.29523847
-0.1589271 -0.8698356 0.46704194 -0.15938197 -0.8701605 0.46628112 0.10795507 0.3050797
-0.41939962 -0.90528446 -0.06755751 -0.41909486 -0.9054832 -0.06678142 0.07386426 0.22634976
-0.38500342 -0.9229151 -7.534342e-07 -0.38476664 -0.9230138 0.000603942 0.07954607 0.236191
-0.3470188 -0.9352576 0.06979283 -0.34688333 -0.9352785 0.07018665 0.085227884 0.24603224
-0.30595177 -0.94161737 0.14053567 -0.30594528 -0.9415956 0.14069591 0.090909705 0.2558735
-0.26252484 -0.94161695 0.2108039 -0.262665 -0.9415952 0.21072628 0.09659152 0.26571473
-0.21761805 -0.93525636 0.2791736 -0.21791007 -0.93527734 0.27887547 0.10227333 0.27555597
-0.17218174 -0.9229131 0.34436175 -0.17261666 -0.9230115 0.34387985 0.10795514 0.28539723
-0.12714121 -0.9052815 0.40533993 -0.1276983 -0.9054802 0.40472052 0.113636956 0.29523847
-0.08331402 -0.8832719 0.46139964 -0.08396553 -0.88357913 0.46069252 0.11931877 0.3050797
-0.37968075 -0.9155024 -0.13303302 -0.3795168 -0.91570467 -0.13210608 0.07954614 0.21650851
-0.34605938 -0.935746 -0.067987725 -0.34596276 -0.9358388 -0.067197114 0.08522795 0.22634976
-0.30901715 -0.9510565 -7.7075555e-07 -0.30901757 -0.95105624 0.000608717 0.090909764 0.236191
-0.2689883 -0.9606114 0.06979284 -0.26911068 -0.96054846 0.070187315 0.09659158 0.24603224
-0.22661884 -0.96386075 0.14005867 -0.22688018 -0.9637757 0.14022064 0.10227339 0.2558735
-0.18272126 -0.96061075 0.20938009 -0.18312837 -0.9605479 0.20931269 0.1079552 0.26571473
-0.13819923 -0.9510551 0.27639675 -0.13874455 -0.95105493 0.27612442 0.113637015 0.27555597
-0.09395741 -0.935744 0.33993408 -0.094621435 -0.9358365 0.33949527 0.11931883 0.28539723
-0.050816745 -0.9154998 0.39909613 -0.05157293 -0.91570187 0.3985355 0.12500063 0.29523847
-0.009452166 -0.8913043 0.45330688 -0.010269664 -0.8916182 0.45267153 0.13068244 0.3050797
-0.33923888 -0.92018014 -0.1954112 -0.3392096 -0.9204106 -0.19437452 0.08522801 0.20666726
-0.30625218 -0.94255126 -0.13344158 -0.30629107 -0.94267094 -0.1325039 0.090909824 0.21650851
-0.27004877 -0.96044326 -0.06798768 -0.27018145 -0.9604617 -0.06719734 0.09659164 0.22634976
-0.23100203 -0.9729533 -6.905724e-07 -0.2312514 -0.97289383 0.00060325145 0.10227345 0.236191
-0.18968529 -0.97939426 0.069327824 -0.19006683 -0.9792925 0.069718935 0.10795526 0.24603224
-0.14683925 -0.97939396 0.13865635 -0.14735962 -0.9792924 0.13882262 0.113637075 0.2558735
-0.10330928 -0.9729526 0.20661701 -0.103961565 -0.9728932 0.20656927 0.11931889 0.26571473
-0.05996397 -0.9604421 0.27194735 -0.06073051 -0.9604605 0.27171224 0.1250007 0.27555597
-0.01761267 -0.9425496 0.33360165 -0.018468186 -0.94266874 0.3332185 0.13068251 0.28539723
0.023060896 -0.920178 0.39082047 0.022146046 -0.9204081 0.3903313 0.13636433 0.29523847
0.061538037 -0.89433247 0.44315067 0.060594592 -0.8946703 0.4425984 0.14204614 0.3050797
-0.29888546 -0.91988313 -0.25393403 -0.29897445 -0.92015785 -0.25283185 0.09090988 0.19682601
-0.26641467 -0.94384205 -0.19541107 -0.2665738 -0.94401133 -0.19437398 0.096591696 0.20666726
-0.23094824 -0.9638284 -0.13303286 -0.23119952 -0.9638958 -0.13210511 0.1022735 0.21650851
-0.1928104 -0.97890764 -0.06755734 -0.19317375 -0.9788892 -0.0667824 0.107955314 0.22634976
-0.15250905 -0.9883021 -4.9859267e-07 -0.15299858 -0.98822623 0.00058917614 0.113637134 0.236191
-0.11071371 -0.99149406 0.06842499 -0.11133531 -0.9913979 0.06880859 0.11931895 0.24603225
-0.0682055 -0.9883018 0.1364099 -0.06895237 -0.9882258 0.13658442 0.12500076 0.2558735
-0.025806062 -0.978907 0.20267005 -0.026661713 -0.97888875 0.20264752 0.13068257 0.26571473
0.015699398 -0.9638275 0.26606426 0.014757599 -0.9638947 0.26587424 0.13636439 0.27555597
0.055629343 -0.9438408 0.32568386 0.05463047 -0.94400996 0.32536265 0.1420462 0.28539723
0.09345085 -0.9198817 0.3808999 0.09242475 -0.9201562 0.38048708 0.14772801 0.29523847
0.1287978 -0.8929358 0.43136612 0.12777154 -0.8933086 0.43089944 0.15340982 0.30507973
-0.2593183 -0.9153232 -0.30811936 -0.25950444 -0.91564906 -0.30699232 0.096591756 0.18698475
-0.22727795 -0.94032943 -0.25322974 -0.22753558 -0.9405604 -0.2521383 0.10227357 0.19682601
-0.19246538 -0.96188056 -0.19427517 -0.19281384 -0.9620154 -0.1932597 0.10795538 0.20666726
-0.15516545 -0.97905296 -0.13182914 -0.15562221 -0.97910136 -0.13092873 0.113637194 0.21650851
-0.11582879 -0.9910257 -0.0667208 -0.11640606 -0.99100816 -0.065974 0.11931901 0.22634976
-0.0750578 -0.9971792 -3.24485e-07 -0.07575971 -0.99712604 0.0005664069 0.12500082 0.236191
-0.033567585 -0.99717915 0.06713444 -0.034388892 -0.9971259 0.06750785 0.13068263 0.24603225
0.00787374 -0.9910255 0.13344063 0.006947161 -0.9910079 0.13362296 0.13636445 0.2558735
0.048514634 -0.9790526 0.19774291 0.04750548 -0.979101 0.1977485 0.14204626 0.26571473
0.08768522 -0.96188015 0.25903285 0.08662119 -0.9620148 0.25889057 0.14772807 0.27555597
0.12484543 -0.94032884 0.3165365 0.12375489 -0.94055957 0.31627905 0.15340988 0.28539723
0.15960976 -0.9153225 0.3697426 0.15851876 -0.91564816 0.36940548 0.15909168 0.29523847
0.19174862 -0.8877947 0.41839337 0.19067948 -0.88820595 0.4180092 0.1647735 0.30507973
-0.22108896 -0.9072711 -0.35774115 -0.22086464 -0.90746915 -0.35737735 0.10227363 0.17714348
-0.18943031 -0.9328263 -0.3065147 -0.18923156 -0.93297213 -0.3061934 0.10795544 0.18698475
-0.15521511 -0.95542204 -0.25115153 -0.1550486 -0.95551974 -0.25088277 0.11363725 0.196826
-0.11869666 -0.9741784 -0.19206151 -0.118567266 -0.97423565 -0.19185121 0.11931906 0.20666724
-0.080276 -0.98827296 -0.12989354 -0.08018771 -0.9882989 -0.12975039 0.12500088 0.2165085
-0.040493637 -0.9970291 -0.06552222 -0.040448595 -0.99703574 -0.06545006 0.13068269 0.22634973
-2.6276382e-08 -0.99999994 -3.5035175e-08 5.0247866e-07 -1 -9.731812e-07 0.1363645 0.23619097
0.040493585 -0.9970291 0.06552216 0.04044908 -0.9970358 0.065449916 0.14204632 0.24603222
0.08027595 -0.9882731 0.1298935 0.080188 -0.98829895 0.12975068 0.14772813 0.25587347
0.11869661 -0.9741784 0.19206147 0.11856796 -0.9742354 0.19185205 0.15340996 0.26571473
0.15521505 -0.95542204 0.2511515 0.15504871 -0.9555198 0.25088197 0.15909176 0.27555597
0.18943028 -0.9328263 0.30651468 0.18923175 -0.9329723 0.30619282 0.16477357 0.28539723
0.22108895 -0.9072712 0.35774115 0.22086453 -0.90746915 0.3573775 0.1704554 0.2952385
0.25007507 -0.87961715 0.40464324 0.24983066 -0.8798678 0.40424925 0.1761372 0.30507976
0.31470338 -0.8586184 0.4046435 0.31504878 -0.8586778 0.40424845 0.1875008 0.30507973
0.35440916 -0.8639531 0.35774156 0.35470733 -0.86398107 0.3573785 0.19318262 0.29523847
0.36669797 -0.83095086 0.4183936 0.36780542 -0.83065534 0.4180082 0.19886443 0.30507973
0.39504355 -0.86601907 0.30651525 0.3952896 -0.8660203 0.30619434 0.19886445 0.28539723
0.4088802 -0.8343304 0.36974296 0.40995416 -0.83395267 0.36940563 0.20454624 0.29523847
0.43600684 -0.8641879 0.25115207 0.43619943 -0.86416894 0.25088263 0.20454624 0.27555597
0.4517046 -0.8341268 0.3165369 0.45272258 -0.8336725 0.31627938 0.21022806 0.28539723
0.47657675 -0.85789675 0.192062 0.47671536 -0.85786647 0.19185314 0.21022806 0.26571473
0.49443635 -0.8297195 0.25903323 0.49537626 -0.8292035 0.25889012 0.21590987 0.27555597
0.51594555 -0.84671587 0.12989391 0.51603276 -0.8466846 0.12975152 0.21590987 0.2558735
0.53622097 -0.82058793 0.19774322 0.53706515 -0.82003427 0.19774939 0.22159168 0.26571473
0.55327815 -0.8304156 0.06552242 0.55331826 -0.8303947 0.06544943 0.22159168 0.24603225
0.57613885 -0.8063855 0.13344078 0.5768777 -0.8058269 0.13362302 0.2272735 0.2558735
0.5877856 -0.8090167 3.503528e-08 0.5877855 -0.8090169 -7.222389e-07 0.2272735 0.236191
0.61328375 -0.7870045 0.067134395 0.61391723 -0.78647846 0.06750827 0.2329553 0.24603225
0.61880046 -0.78281075 -0.06552234 0.61876816 -0.7828426 -0.065449804 0.2329553 0.22634976
0.6468511 -0.7626163 -5.420104e-07 0.6473881 -0.7621604 0.00056696153 0.23863712 0.236191
0.64583933 -0.75234246 -0.12989382 0.64578307 -0.7524155 -0.12975056 0.23863712 0.21650851
0.6762195 -0.7336725 -0.06672117 0.67667645 -0.73331887 -0.065973654 0.24431892 0.22634976
0.6686385 -0.71835554 -0.19206189 0.668568 -0.71847725 -0.19185252 0.24431895 0.20666726
0.701007 -0.7008638 -0.1318296 0.7014051 -0.7006342 -0.13093019 0.25000075 0.21650851
0.6871586 -0.6817153 -0.25115192 0.68708134 -0.6818926 -0.2508822 0.25000075 0.19682601
0.7210903 -0.66504556 -0.19427562 0.7214513 -0.6649501 -0.19326031 0.25568256 0.20666726
0.7015585 -0.6433229 -0.3065151 0.70148337 -0.6435577 -0.30619368 0.25568256 0.18698475
0.73658746 -0.62714714 -0.25323012 0.73693186 -0.6271823 -0.2521386 0.26136437 0.19682601
0.71215034 -0.60403895 -0.35774136 0.71208507 -0.60433066 -0.35737848 0.26136437 0.1771435
0.7478107 -0.5880828 -0.30811957 0.74815303 -0.5882369 -0.30699262 0.26704618 0.18698475
0.75520575 -0.54868346 -0.35862336 0.75555587 -0.5489379 -0.35749486 0.272728 0.1771435
0.42064908 -0.7981087 0.43136626 0.42169848 -0.7978073 0.430899 0.21022806 0.30507973
0.46508464 -0.79913163 0.38090006 0.4660757 -0.7987508 0.38048726 0.21590984 0.29523847
0.47588524 -0.7597044 0.44315067 0.47684684 -0.75942385 0.44259775 0.22159165 0.30507973
0.5097667 -0.79628384 0.32568404 0.5106735 -0.7958338 0.325363 0.22159168 0.28539723
0.52220637 -0.7579973 0.39082044 0.52308184 -0.7576462 0.3903304 0.22727346 0.29523847
0.5315386 -0.71552765 0.4533067 0.5323848 -0.7153011 0.4526707 0.23295528 0.30507973
0.5538197 -0.7889827 0.26606435 0.55462146 -0.7884837 0.26587337 0.2272735 0.27555597
0.5682627 -0.7521885 0.3336015 0.5690253 -0.75178206 0.3332176 0.2329553 0.28539723
0.5792258 -0.71078825 0.39909583 0.5799567 -0.7105072 0.39853457 0.23863709 0.29523847
0.58657354 -0.6656142 0.4613991 0.58728206 -0.6654799 0.46069106 0.2443189 0.30507973
0.59626293 -0.7767853 0.20267 0.59694487 -0.7762672 0.20264782 0.2329553 0.26571473
0.6130435 -0.74176973 0.27194706 0.61367506 -0.7413337 0.27171192 0.23863712 0.27555597
0.62602746 -0.7018082 0.3399337 0.6266189 -0.7014932 0.3394938 0.24431893 0.28539723
0.6349683 -0.65765893 0.40533933 0.63553566 -0.6574923 0.40472016 0.25000072 0.29523847
0.6398491 -0.61029965 0.46704108 0.640408 -0.6102952 0.46628043 0.25568253 0.30507973
0.63608795 -0.7594633 0.13640966 0.636648 -0.7589628 0.13658324 0.23863712 0.2558735
0.65546507 -0.7264126 0.2066166 0.6559579 -0.72598106 0.20656936 0.24431893 0.26571473
0.67082036 -0.68818974 0.27639616 0.67126125 -0.68786937 0.27612337 0.25000075 0.27555597
0.68177116 -0.64544845 0.34436095 0.6821812 -0.6452723 0.3438787 0.25568256 0.28539723
0.6881903 -0.5991043 0.4092289 0.688591 -0.599093 0.40857086 0.26136434 0.29523847
0.6902106 -0.55024105 0.46994054 0.6906219 -0.55039865 0.46915105 0.26704615 0.30507973
0.6723552 -0.73705935 0.06842457 0.6728017 -0.7366162 0.06880832 0.24431893 0.24603224
0.6944686 -0.7060367 0.13865574 0.69482946 -0.7056489 0.13882244 0.25000075 0.2558735
0.7124569 -0.66975033 0.20937932 0.71274877 -0.6694606 0.20931263 0.25568256 0.26571473
0.7257858 -0.62872696 0.2791726 0.72603405 -0.6285724 0.27887517 0.26136437 0.27555597
0.73418885 -0.5837869 0.3466402 0.7344218 -0.5837936 0.3461355 0.26704618 0.28539723
0.7376933 -0.5359637 0.41055018 0.73793757 -0.53614146 0.40987858 0.27272797 0.29523847
0.73659897 -0.486393 0.4699401 0.7368766 -0.48673508 0.4691501 0.27840978 0.3050797
0.70429295 -0.7099094 -1.0875896e-06 0.7046445 -0.70956033 0.00058883784 0.25000072 0.236191
0.7291328 -0.6808518 0.069327064 0.72938186 -0.68054503 0.06971764 0.25568253 0.24603224
0.7498818 -0.6465765 0.14005771 0.7500435 -0.64635396 0.14021899 0.26136434 0.2558735
0.76585543 -0.60747653 0.21080269 0.76595616 -0.6073765 0.21072493 0.26704615 0.26571473
0.7766298 -0.56425244 0.28011656 0.7767021 -0.56430507 0.27981004 0.27272797 0.27555597
0.7820932 -0.5178525 0.34663978 0.7821712 -0.51807195 0.3461353 0.27840978 0.28539723
0.7824463 -0.46937206 0.40922794 0.7825596 -0.46975628 0.4085702 0.2840916 0.29523847
0.7781556 -0.4199377 0.4670398 0.7783244 -0.42047077 0.46627855 0.2897734 0.3050797
0.7313764 -0.67861944 -0.06755801 0.7316593 -0.67839146 -0.06678188 0.25568256 0.22634976
0.7587736 -0.65135443 -1.5389296e-06 0.7589402 -0.6511602 0.0006034039 0.26136437 0.236191
0.7822502 -0.6190424 0.06979175 0.78231233 -0.6189196 0.07018637 0.26704618 0.24603224
0.80098945 -0.5819501 0.14053428 0.8009711 -0.5819369 0.1406938 0.272728 0.2558735
0.81440896 -0.54064804 0.2108022 0.81434536 -0.5407742 0.21072462 0.2784098 0.26571473
0.822237 -0.49597317 0.27917168 0.82216686 -0.49625742 0.27887338 0.28409162 0.27555597
0.82453865 -0.4489459 0.34435955 0.82449794 -0.44939008 0.34387776 0.28977343 0.28539723
0.82168865 -0.40066102 0.4053375 0.82170516 -0.40125304 0.404718 0.29545522 0.29523847
0.8142997 -0.35217714 0.46139696 0.8143906 -0.35289276 0.46068949 0.30113703 0.3050797
0.75336796 -0.6440022 -0.13303354 0.7536105 -0.6439093 -0.13210638 0.26136437 0.21650851
0.7830106 -0.6182815 -0.067988545 0.78312796 -0.61821926 -0.06719788 0.26704618 0.22634976
0.80901873 -0.5877829 -1.9022905e-06 0.80901843 -0.587783 0.0006080996 0.272728 0.236191
0.83047587 -0.55266535 0.06979139 0.83037794 -0.5527626 0.07018522 0.2784098 0.24603224
0.84665936 -0.51337326 0.14005692 0.8464974 -0.5135959 0.14021927 0.28409162 0.2558735
0.8571337 -0.47061938 0.20937802 0.856948 -0.47098735 0.20931126 0.28977343 0.26571473
0.8618041 -0.4253232 0.27639443 0.86163515 -0.42584231 0.27612165 0.29545525 0.27555597
0.8609141 -0.37851498 0.3399315 0.86079687 -0.3791757 0.33949167 0.30113706 0.28539723
0.85499215 -0.3312296 0.3990933 0.85495055 -0.3320115 0.3985322 0.30681884 0.29523847
0.8447634 -0.28441247 0.4533039 0.84480935 -0.2852868 0.45266837 0.31250066 0.3050797
0.7703136 -0.6069852 -0.19541167 0.7705416 -0.60702896 -0.19437458 0.26704618 0.20666726
0.80178356 -0.58252573 -0.13344239 0.80188507 -0.5825998 -0.13250592 0.272728 0.21650851
0.82998765 -0.5536227 -0.06798883 0.82996434 -0.5537541 -0.067198165 0.2784098 0.22634976
0.85395163 -0.52035236 -2.1721637e-06 0.85381836 -0.5205707 0.0006019044 0.28409162 0.236191
0.87284523 -0.48304778 0.069326006 0.87263066 -0.48337913 0.06971639 0.28977343 0.24603224
0.88608533 -0.44229826 0.1386542 0.8858281 -0.44276097 0.1388212 0.29545525 0.2558735
0.89341086 -0.39890784 0.20661455 0.893153 -0.39950964 0.20656666 0.30113706 0.26571473
0.8949074 -0.35381773 0.27194458 0.89468825 -0.354552 0.27170947 0.30681887 0.27555597
0.89097804 -0.3080098 0.33359858 0.8908275 -0.30886015 0.33321434 0.3125007 0.28539723
0.8822704 -0.26241347 0.39081722 0.8822069 -0.2633542 0.39032754 0.31818247 0.29523847
0.86958 -0.21783255 0.44314724 0.8696103 -0.21883327 0.4425946 0.32386428 0.3050797
0.7825009 -0.56851524 -0.25393444 0.7827341 -0.5686857 -0.2528317 0.272728 0.19682601
0.81532145 -0.545037 -0.1954118 0.81543267 -0.5452411 -0.194375 0.2784098 0.20666726
0.84528947 -0.5174821 -0.13303392 0.84527606 -0.51774174 -0.1321063 0.28409162 0.21650851
0.87141603 -0.4858701 -0.06755876 0.87128633 -0.4862102 -0.066782825 0.2897734 0.22634976
0.89280474 -0.4504439 -2.2671045e-06 0.8925811 -0.45088667 0.0005874398 0.29545525 0.236191
0.90875614 -0.41168013 0.06842287 0.90847266 -0.41224155 0.06880699 0.30113706 0.24603225
0.918856 -0.37026557 0.13640743 0.9185531 -0.37095267 0.13658145 0.3068189 0.2558735
0.9230234 -0.32703784 0.20266728 0.9227412 -0.3278469 0.20264556 0.31250072 0.26571473
0.92150795 -0.28290367 0.2660612 0.92128104 -0.28382015 0.2658714 0.31818253 0.27555597
0.91483873 -0.23875158 0.32568052 0.91469115 -0.23975377 0.32535887 0.32386434 0.28539723
0.9037399 -0.19537719 0.38089636 0.9036839 -0.19643727 0.38048366 0.32954612 0.29523847
0.88903576 -0.1534333 0.43136242 0.8890733 -0.15452507 0.43089518 0.33522794 0.30507973
0.790391 -0.5294756 -0.3081196 0.7906433 -0.52975345 -0.30699268 0.2784098 0.18698475
0.8240745 -0.50673044 -0.25323027 0.8242145 -0.50704646 -0.25213945 0.28409162 0.19682601
0.8553286 -0.48028097 -0.19427603 0.8553492 -0.4806539 -0.19326082 0.28977343 0.20666726
0.883187 -0.45011282 -0.13183038 0.88309175 -0.45056227 -0.13092998 0.29545525 0.21650851
0.9067295 -0.41640085 -0.066722415 0.9065343 -0.41694462 -0.06597508 0.30113703 0.22634976
0.9251809 -0.37952647 -2.3016796e-06 0.92491335 -0.3801776 0.0005655325 0.30681884 0.236191
0.9380021 -0.34006655 0.06713209 0.9376975 -0.34083188 0.06750597 0.31250066 0.24603225
0.944956 -0.29875168 0.13343796 0.9446528 -0.29962778 0.13362 0.31818247 0.2558735
0.94612795 -0.25639978 0.19773993 0.9458619 -0.25737455 0.19774643 0.32386428 0.26571473
0.94190043 -0.2138395 0.25902954 0.9416996 -0.21489342 0.25888726 0.32954612 0.27555597
0.9328872 -0.17183812 0.31653294 0.9327697 -0.17294678 0.31627536 0.33522794 0.28539723
0.91984767 -0.1310477 0.36973885 0.9198204 -0.13218519 0.3694015 0.34090972 0.29523847
0.9035988 -0.091975115 0.41838947 0.90365994 -0.09311971 0.4180041 0.34659153 0.30507973
0.79454696 -0.490629 -0.35774064 0.7948049 -0.49047565 -0.35737774 0.2840916 0.17714348
0.8286346 -0.46841624 -0.30651408 0.8288346 -0.46827263 -0.3061927 0.2897734 0.18698475
0.8606976 -0.44285756 -0.25115085 0.86084175 -0.44273016 -0.25088152 0.29545522 0.196826
0.889821 -0.413922 -0.19206087 0.8899151 -0.41381666 -0.19185184 0.30113703 0.20666724
0.9150983 -0.3817367 -0.129893 0.9151504 -0.38166043 -0.12975003 0.30681887 0.2165085
0.9357193 -0.34660673 -0.0655219 0.9357396 -0.3465659 -0.06544955 0.3125007 0.22634973
0.95105785 -0.30901265 -3.5034976e-08 0.95105803 -0.30901265 -1.4700174e-07 0.3181825 0.23619097
0.9607456 -0.2695826 0.06552173 0.96073806 -0.26962745 0.065449074 0.32386428 0.24603222
0.96471137 -0.22904132 0.12989256 0.96470875 -0.22913334 0.12974969 0.3295461 0.25587347
0.96317923 -0.18814552 0.19206 0.96319354 -0.18828633 0.19185062 0.33522794 0.26571473
0.95662576 -0.14761837 0.25114942 0.95666736 -0.14780727 0.2508799 0.34090972 0.27555597
0.9457091 -0.10809534 0.30651203 0.94578624 -0.10833006 0.30619124 0.34659153 0.28539723
0.9311879 -0.07008932 0.35773787 0.9313067 -0.07036435 0.35737485 0.35227337 0.2952385
0.9138449 -0.033976477 0.40463945 0.91400814 -0.03428696 0.40424463 0.3579552 0.30507976
0.28845853 0.88779557 0.35862333 0.28859213 0.88820744 0.35749426 0.545455 0.2952385
0.32821482 0.89293754 0.3081194 0.328256 0.8933106 0.30699217 0.53977317 0.28539723
0.36883536 0.894335 0.25322977 0.36876252 0.8946732 0.25213882 0.53409135 0.27555597
0.4096681 0.89130765 0.1942752 0.40946516 0.89162177 0.19325879 0.52840954 0.26571473
0.44993925 0.8832755 0.13182907 0.4495976 0.8835833 0.13092947 0.5227277 0.25587347
0.488802 0.86983967 0.06672061 0.4883244 0.8701648 0.065973565 0.5170459 0.24603224
0.5254046 0.85085255 -2.6843173e-08 0.52480537 0.85122216 -0.0005675953 0.5113641 0.23619097
0.558972 0.8264643 -0.06713494 0.55827606 0.8269041 -0.06750913 0.5056823 0.22634973
0.5888827 0.79712635 -0.13344124 0.588123 0.79765666 -0.13362318 0.5000005 0.2165085
0.61472535 0.7635511 -0.19774356 0.61393785 0.76418304 -0.19774882 0.49431863 0.20666724
0.63632196 0.7266333 -0.25903344 0.6355411 0.7273671 -0.25889137 0.4886369 0.19682601
0.65371835 0.68735474 -0.31653693 0.6529716 0.6881828 -0.31627932 0.48295507 0.18698475
0.6671454 0.6466894 -0.3697429 0.6664537 0.6475947 -0.36940575 0.47727323 0.17714348
0.6769663 0.60552746 -0.41839343 0.67634267 0.60648984 -0.418008 0.4715914 0.16730225
0.2593183 0.9153232 0.3081192 0.25950435 0.9156492 0.30699235 0.5511368 0.28539723
0.29888552 0.9198832 0.25393385 0.2989748 0.9201577 0.25283206 0.545455 0.27555597
0.227278 0.94032943 0.25322956 0.22753567 0.9405603 0.2521386 0.5568186 0.27555597
0.3392389 0.9201802 0.19541086 0.33920982 0.9204107 0.19437335 0.53977317 0.26571473
0.26641476 0.94384205 0.19541079 0.2665738 0.9440112 0.19437405 0.5511368 0.2657147
0.19246542 0.9618806 0.19427496 0.19281399 0.96201545 0.19325954 0.5625004 0.2657147
0.3796808 0.9155024 0.13303258 0.37951717 0.9157046 0.13210532 0.53409135 0.2558735
0.30625227 0.9425513 0.1334411 0.30629143 0.9426709 0.13250391 0.545455 0.2558735
0.23094836 0.96382844 0.1330325 0.23119956 0.9638958 0.13210529 0.5568186 0.2558735
0.15516551 0.97905296 0.1318289 0.1556222 0.97910136 0.13092887 0.56818223 0.2558735
0.41939962 0.9052845 0.06755697 0.41909498 0.9054832 0.066781804 0.5284095 0.24603224
0.3460594 0.935746 0.06798711 0.34596282 0.9358388 0.067197025 0.5397731 0.24603224
0.2700488 0.9604433 0.067987084 0.2701813 0.96046174 0.067196295 0.55113673 0.24603224
0.19281049 0.97890764 0.06755692 0.19317387 0.9788892 0.06678133 0.56250036 0.24603224
0.11582882 0.99102575 0.06672052 0.116406165 0.99100816 0.065973364 0.573864 0.24603224
0.45752728 0.88919556 -1.8180797e-08 0.4570869 0.88942194 -0.0005897874 0.5227277 0.23619099
0.38500342 0.9229152 -9.179372e-09 0.3847671 0.9230136 -0.00060463365 0.53409135 0.23619099
0.3090172 0.9510565 -5.0429855e-14 0.30901673 0.9510564 -0.0006089729 0.545455 0.23619099
0.23100203 0.9729532 9.179269e-09 0.23125112 0.9728939 -0.00060416595 0.5568186 0.236191
0.15250911 0.98830205 1.8180698e-08 0.15299909 0.98822623 -0.0005896659 0.56818223 0.236191
0.07505781 0.99717915 2.6843072e-08 0.07575955 0.9971259 -0.00056761835 0.57954586 0.236191
0.49321786 0.86721045 -0.068425626 0.49265885 0.8674979 -0.06880935 0.5170459 0.22634973
0.42221656 0.90384 -0.06932863 0.4218484 0.90398186 -0.06971952 0.52840954 0.22634974
0.3470188 0.9352576 -0.06979372 0.346883 0.9352785 -0.07018805 0.5397731 0.22634974
0.26898834 0.96061134 -0.0697937 0.26911002 0.9605485 -0.07018809 0.55113673 0.22634974
0.18968531 0.97939426 -0.06932855 0.19006756 0.97929245 -0.06971972 0.56250036 0.22634976
0.11071379 0.9914941 -0.0684255 0.111334875 0.9913979 -0.06880965 0.573864 0.22634974
0.033567596 0.9971791 -0.06713474 0.034388658 0.997126 -0.067508206 0.5852276 0.22634974
0.52573246 0.83964133 -0.13641064 0.52508384 0.8400188 -0.13658467 0.5113641 0.21650851
0.45688072 0.8786547 -0.13865723 0.4564003 0.8788782 -0.13882396 0.5227277 0.21650851
0.38320753 0.91298157 -0.14005966 0.38294622 0.91306645 -0.14022155 0.53409135 0.21650851
0.30595165 0.9416173 -0.14053667 0.30594411 0.941596 -0.1406963 0.545455 0.21650851
0.22661877 0.9638605 -0.14005956 0.22688009 0.96377563 -0.14022128 0.5568186 0.21650851
0.14683919 0.97939384 -0.13865705 0.14735986 0.9792922 -0.13882379 0.56818223 0.21650851
0.068205506 0.9883017 -0.13641039 0.06895229 0.9882258 -0.1365842 0.57954586 0.21650851
-0.00787375 0.99102545 -0.13344094 -0.0069469437 0.99100786 -0.1336234 0.5909095 0.21650851
0.55451316 0.8071182 -0.20267081 0.55380946 0.80760676 -0.20264876 0.50568223 0.20666724
0.48831207 0.8478564 -0.20661789 0.48774943 0.8481917 -0.20657076 0.51704586 0.20666724
0.41681224 0.88454914 -0.20938107 0.4164461 0.8847375 -0.20931429 0.5284095 0.20666726
0.3410857 0.91609055 -0.2108049 0.34095973 0.9161553 -0.21072727 0.5397731 0.20666726
0.2625247 0.9416167 -0.21080483 0.2626643 0.9415954 -0.21072683 0.55113673 0.20666726
0.1827212 0.96061057 -0.20938097 0.18312854 0.96054757 -0.20931375 0.56250036 0.20666726
0.10330923 0.9729524 -0.20661768 0.103961356 0.972893 -0.20657009 0.573864 0.20666726
0.025806071 0.9789069 -0.20267053 0.026662061 0.97888845 -0.20264909 0.5852276 0.20666724
-0.048514646 0.97905254 -0.19774319 -0.04750562 0.9791009 -0.1977489 0.59659123 0.20666724
0.5792291 0.77052134 -0.26606497 0.57850677 0.7711291 -0.2658757 0.50000054 0.196826
0.5160265 0.8122566 -0.27194813 0.51541686 0.8127222 -0.27171335 0.5113641 0.196826
0.44721556 0.8506483 -0.27639768 0.4467746 0.8509684 -0.2761258 0.5227277 0.196826
0.3736784 0.8845485 -0.27917457 0.37345505 0.88473666 -0.278877 0.53409135 0.196826
0.29664823 0.91298044 -0.28011894 0.2966756 0.9130656 -0.27981228 0.545455 0.196826
0.21761782 0.9352561 -0.2791745 0.21790944 0.9352771 -0.27887672 0.5568186 0.196826
0.1381991 0.9510549 -0.27639756 0.13874413 0.95105475 -0.27612528 0.56818223 0.196826
0.059963867 0.9604418 -0.2719479 0.060730513 0.9604603 -0.27171305 0.57954586 0.19682601
-0.015699428 0.9638273 -0.26606464 -0.014757503 0.9638948 -0.26587442 0.5909095 0.19682601
-0.087685235 0.96188 -0.2590331 -0.086620905 0.9620149 -0.2588906 0.6022731 0.19682601
0.599786 0.73088056 -0.32568437 0.5990783 0.73160386 -0.32536295 0.4943187 0.18698475
0.53977334 0.77288693 -0.33360225 0.5391517 0.7734868 -0.33321738 0.5056823 0.18698475
0.47400922 0.81225586 -0.33993483 0.47352654 0.8127215 -0.33949438 0.51704586 0.18698473
0.4031829 0.8478549 -0.34436253 0.40288928 0.84819025 -0.34388033 0.5284095 0.18698473
0.32834187 0.8786529 -0.34664226 0.32827598 0.8788762 -0.34613794 0.5397731 0.18698473
0.25083163 0.90383774 -0.34664223 0.25101563 0.90398 -0.3461379 0.55113673 0.18698473
0.17218155 0.9229127 -0.34436244 0.1726167 0.92301124 -0.34388068 0.56250036 0.18698473
0.09395731 0.9357438 -0.3399347 0.09462196 0.93583673 -0.3394941 0.573864 0.18698475
0.017612595 0.9425495 -0.3336021 0.018467935 0.942669 -0.33321783 0.5852276 0.18698475
-0.055629373 0.9438407 -0.32568413 -0.05463108 0.94400966 -0.3253633 0.59659123 0.18698475
-0.124845445 0.9403288 -0.31653664 -0.1237548 0.94055945 -0.31627968 0.60795486 0.18698475
0.61630195 0.6892655 -0.38090023 0.61563385 0.69009036 -0.3804869 0.48863685 0.17714348
0.5595299 0.7308799 -0.3908209 0.5589256 0.7316039 -0.39033052 0.5000005 0.17714348
0.4970122 0.7705198 -0.39909667 0.49651945 0.77112794 -0.39853528 0.5113641 0.17714348
0.4292586 0.807116 -0.40534055 0.42892462 0.8076045 -0.4047205 0.5227277 0.17714348
0.3571239 0.83963865 -0.40923053 0.35698968 0.8400162 -0.40857214 0.53409135 0.1771435
0.28177682 0.86720735 -0.41055223 0.28186983 0.86749494 -0.4098806 0.545455 0.1771435
0.20461541 0.88919234 -0.4092305 0.20494628 0.88941884 -0.40857235 0.5568186 0.1771435
0.12714101 0.90528136 -0.4053405 0.1276985 0.90548015 -0.40472096 0.56818223 0.17714348
0.0508166 0.9154996 -0.39909655 0.051572517 0.9157018 -0.39853543 0.57954586 0.1771435
-0.023061002 0.9201778 -0.39082074 -0.022147145 0.9204084 -0.3903306 0.5909095 0.1771435
-0.093450904 0.9198815 -0.38090008 -0.09242479 0.9201562 -0.38048694 0.6022731 0.17714348
-0.1596098 0.91532236 -0.36974272 -0.15851809 0.91564846 -0.3694049 0.61363673 0.17714348
0.62906027 0.6466887 -0.43136624 0.6284496 0.64759356 -0.43089885 0.48295504 0.16730225
0.57546735 0.68735343 -0.44315085 0.574903 0.68818134 -0.442598 0.49431866 0.16730225
0.51625556 0.72663116 -0.45330715 0.5157786 0.7273655 -0.45267197 0.5056823 0.16730225
0.4517791 0.7635482 -0.4613999 0.45143232 0.76418036 -0.4606923 0.5170459 0.16730225
0.3827095 0.79712296 -0.4670422 0.38253263 0.797653 -0.46628162 0.52840954 0.16730224
0.3100284 0.8264604 -0.46994215 0.31005165 0.8269005 -0.469152 0.53977317 0.16730224
0.23497102 0.8508484 -0.46994215 0.23521058 0.85121834 -0.46915168 0.5511368 0.16730224
0.15892683 0.8698355 -0.4670422 0.15938187 0.8701607 -0.46628106 0.5625004 0.16730225
0.08331377 0.88327175 -0.46139985 0.083965525 0.8835788 -0.46069333 0.57386404 0.16730225
0.0094519835 0.8913043 -0.45330715 0.010269314 0.89161825 -0.45267147 0.58522767 0.16730225
-0.061538167 0.89433235 -0.44315085 -0.06059527 0.8946706 -0.44259793 0.5965913 0.16730225
-0.1287979 0.89293575 -0.43136624 -0.12777115 0.8933088 -0.4308991 0.6079549 0.16730225
-0.19174866 0.8877947 -0.41839346 -0.19067931 0.888206 -0.41800895 0.61931854 0.16730225
0.6384525 0.6040376 -0.4769874 0.6380978 0.6043304 -0.47709113 0.47727323 0.157461
0.58789814 0.64332074 -0.4904225 0.5875777 0.6435557 -0.4904983 0.48863685 0.15746102
0.5319409 0.68171245 -0.5023017 0.53166527 0.6818896 -0.5023532 0.5000005 0.15746102
0.47080797 0.718352 -0.51216245 0.47058943 0.7184737 -0.5121926 0.5113641 0.15746102
0.4050084 0.7523382 -0.5195724 0.40485528 0.7524112 -0.5195862 0.5227277 0.15746102
0.33534232 0.78280604 -0.52417576 0.33526358 0.7828374 -0.52417934 0.53409135 0.157461
0.26286882 0.80901176 -0.52573764 0.26286873 0.8090119 -0.5257376 0.545455 0.157461
0.1888334 0.83041054 -0.52417576 0.1889164 0.8303898 -0.5241788 0.5568186 0.157461
0.114563935 0.84671104 -0.5195725 0.11473003 0.84668034 -0.5195858 0.56818223 0.157461
0.041354477 0.8578923 -0.51216257 0.041603416 0.85786265 -0.5121923 0.57954586 0.157461
-0.02963927 0.8641842 -0.5023019 -0.029312301 0.8641659 -0.5023528 0.5909095 0.157461
-0.09747573 0.86601615 -0.4904227 -0.09707799 0.8660177 -0.49049908 0.6022731 0.157461
-0.16146524 0.86395127 -0.47698766 -0.16100672 0.8639794 -0.47709188 0.61363673 0.157461
-0.22117184 0.8586173 -0.4624491 -0.22066495 0.8586771 -0.46258053 0.62500036 0.157461
-0.7552059 0.54868335 0.35862297 -0.7555559 0.5489378 0.35749483 0.727273 0.2952385
-0.747811 0.5880828 0.30811915 -0.74815327 0.5882367 0.3069925 0.7215911 0.28539723
-0.7365876 0.6271471 0.2532296 -0.73693186 0.62718236 0.2521384 0.71590936 0.27555597
-0.72109044 0.66504574 0.19427505 -0.7214514 0.66495013 0.19325957 0.71022755 0.26571473
-0.701007 0.7008639 0.13182901 -0.7014051 0.7006343 0.1309296 0.7045457 0.25587347
-0.6762195 0.7336727 0.06672059 -0.6766763 0.733319 0.06597346 0.69886386 0.24603224
-0.6468509 0.7626165 -2.684321e-08 -0.64738744 0.762161 -0.0005668339 0.6931821 0.23619097
-0.6132834 0.78700477 -0.06713493 -0.613916 0.7864794 -0.067509055 0.6875003 0.22634973
-0.5761384 0.80638564 -0.13344122 -0.5768771 0.8058272 -0.13362372 0.6818185 0.2165085
-0.53622055 0.8205882 -0.1977436 -0.5370652 0.82003427 -0.19774935 0.6761367 0.20666724
-0.49443597 0.8297196 -0.25903347 -0.4953758 0.82920337 -0.25889105 0.67045486 0.19682601
-0.45170406 0.83412695 -0.31653705 -0.45272243 0.83367234 -0.31628004 0.66477305 0.18698475
-0.4088797 0.8343305 -0.36974296 -0.40995404 0.833953 -0.3694053 0.65909123 0.17714348
-0.3666975 0.8309511 -0.41839355 -0.36780503 0.8306558 -0.4180076 0.6534094 0.16730225
-0.79039145 0.5294754 0.30811882 -0.7906436 0.5297531 0.30699265 0.73295474 0.28539723
-0.78250134 0.5685152 0.25393352 -0.7827349 0.5686852 0.25283098 0.727273 0.27555597
-0.82407504 0.50673014 0.25322908 -0.8242153 0.50704587 0.2521384 0.7386366 0.27555597
-0.770314 0.60698533 0.19541064 -0.7705422 0.60702884 0.19437318 0.7215912 0.26571473
-0.8153218 0.54503685 0.19541043 -0.8154338 0.5452404 0.19437298 0.73295474 0.2657147
-0.8553292 0.48028052 0.19427441 -0.8553498 0.48065382 0.19325858 0.74431837 0.2657147
-0.75336796 0.6440023 0.13303244 -0.7536108 0.6439094 0.13210477 0.7159093 0.2558735
-0.8017838 0.5825257 0.13344088 -0.8018858 0.5825993 0.13250403 0.727273 0.2558735
-0.8452898 0.5174818 0.13303216 -0.8452761 0.51774186 0.13210481 0.7386366 0.2558735
-0.88318753 0.4501122 0.13182847 -0.88309205 0.45056206 0.13092884 0.75000024 0.2558735
-0.73137635 0.6786197 0.0675569 -0.7316598 0.6783909 0.06678083 0.7102275 0.24603224
-0.7830106 0.61828166 0.067986995 -0.78312856 0.61821884 0.06719626 0.7215911 0.24603224
-0.8299878 0.5536226 0.06798693 -0.82996446 0.5537543 0.06719655 0.7329548 0.24603224
-0.87141645 0.48586988 0.06755671 -0.8712865 0.48620993 0.066781215 0.74431837 0.24603224
-0.90673006 0.4164001 0.06672026 -0.9065349 0.41694385 0.06597334 0.755682 0.24603224
-0.7042927 0.7099096 -1.8180863e-08 -0.7046448 0.70956004 -0.00058979954 0.70454574 0.23619099
-0.75877327 0.65135473 -9.179461e-09 -0.7589399 0.65116054 -0.00060440897 0.71590936 0.23619099
-0.80901843 0.5877833 -1.6062852e-13 -0.80901796 0.5877836 -0.0006096112 0.727273 0.23619099
-0.85395163 0.52035236 9.17914e-09 -0.8538183 0.52057076 -0.00060463115 0.7386366 0.236191
-0.89280486 0.45044363 1.8180549e-08 -0.89258116 0.45088658 -0.0005905154 0.75000024 0.236191
-0.92518127 0.37952572 2.6842901e-08 -0.92491376 0.38017675 -0.0005675036 0.76136386 0.236191
-0.67235476 0.73705983 -0.068425596 -0.67280084 0.73661685 -0.06880901 0.6988639 0.22634973
-0.7291323 0.68085223 -0.069328554 -0.72938186 0.68054503 -0.06971846 0.71022755 0.22634974
-0.78224975 0.61904293 -0.069793604 -0.7823113 0.6189207 -0.070186794 0.7215912 0.22634974
-0.8304754 0.5526658 -0.06979352 -0.83037823 0.55276203 -0.0701872 0.7329548 0.22634974
-0.87284493 0.4830478 -0.06932831 -0.87263054 0.4833792 -0.06971881 0.7443184 0.22634976
-0.9087561 0.4116799 -0.06842519 -0.90847254 0.41224146 -0.06880931 0.755682 0.22634974
-0.9380023 0.34006578 -0.06713438 -0.93769795 0.34083006 -0.067508586 0.7670456 0.22634974
-0.6360873 0.7594638 -0.13641056 -0.6366461 0.75896394 -0.13658509 0.6931821 0.21650851
-0.69446784 0.7060373 -0.13865708 -0.69482934 0.70564866 -0.13882421 0.70454574 0.21650851
-0.749881 0.646577 -0.14005941 -0.7500424 0.6463547 -0.14022136 0.7159094 0.21650851
-0.8009888 0.5819508 -0.14053631 -0.80097026 0.58193755 -0.1406963 0.72727305 0.21650851
-0.84665865 0.5133737 -0.14005913 -0.84649736 0.51359576 -0.14022075 0.7386367 0.21650851
-0.886085 0.44229832 -0.13865651 -0.88582754 0.44276136 -0.1388235 0.75000024 0.21650851
-0.9188558 0.37026533 -0.13640971 -0.9185528 0.37095228 -0.13658433 0.76136386 0.21650851
-0.9449559 0.2987509 -0.13344014 -0.944653 0.29962647 -0.13362215 0.7727275 0.21650851
-0.5962621 0.77678573 -0.20267072 -0.59694386 0.77626777 -0.20264883 0.6875003 0.20666724
-0.65546405 0.7264132 -0.2066177 -0.6559566 0.7259816 -0.206571 0.698864 0.20666724
-0.7124558 0.669751 -0.20938076 -0.71274847 0.6694606 -0.20931366 0.7102276 0.20666726
-0.7658544 0.6074771 -0.21080445 -0.7659547 0.6073777 -0.21072713 0.72159123 0.20666726
-0.8144081 0.5406487 -0.21080422 -0.8143445 0.540775 -0.21072648 0.7329548 0.20666726
-0.8571329 0.4706199 -0.20938016 -0.85694754 0.47098732 -0.20931275 0.7443184 0.20666726
-0.8934102 0.39890796 -0.2066167 -0.8931526 0.39950934 -0.20656948 0.75568205 0.20666726
-0.923023 0.32703766 -0.20266938 -0.92274046 0.32784748 -0.20264784 0.7670456 0.20666724
-0.9461278 0.2563991 -0.19774188 -0.9458616 0.2573741 -0.19774844 0.77840924 0.20666724
-0.5538189 0.78898305 -0.2660649 -0.5546201 0.788484 -0.2658755 0.6818185 0.196826
-0.61304235 0.7417704 -0.27194792 -0.6136732 0.74133486 -0.2717128 0.6931821 0.196826
-0.67081904 0.68819064 -0.27639732 -0.6712599 0.68787026 -0.2761245 0.70454574 0.196826
-0.7257845 0.6287279 -0.279174 -0.72603285 0.62857336 -0.2788763 0.71590936 0.196826
-0.7766286 0.56425333 -0.2801182 -0.7767006 0.5643062 -0.27981177 0.727273 0.196826
-0.82223594 0.49597403 -0.27917355 -0.82216555 0.49625808 -0.27887592 0.7386366 0.196826
-0.8618032 0.4253239 -0.27639633 -0.861635 0.4258418 -0.27612317 0.75000024 0.196826
-0.8949066 0.35381803 -0.27194643 -0.8946874 0.35455307 -0.2717106 0.76136386 0.19682601
-0.9215074 0.28290367 -0.26606297 -0.92128026 0.28382096 -0.26587287 0.7727275 0.19682601
-0.9419 0.21383896 -0.2590312 -0.9416993 0.21489297 -0.25888905 0.7840911 0.19682601
-0.50976574 0.7962842 -0.32568434 -0.5106729 0.79583424 -0.3253632 0.6761367 0.18698475
-0.5682613 0.7521892 -0.33360204 -0.56902367 0.7517831 -0.33321837 0.6875003 0.18698475
-0.6260259 0.7018092 -0.33993447 -0.62661743 0.70149416 -0.33949456 0.6988639 0.18698473
-0.6817694 0.6454497 -0.34436196 -0.68217903 0.6452735 -0.3438805 0.71022755 0.18698473
-0.7341873 0.5837883 -0.34664145 -0.73442006 0.583795 -0.34613672 0.7215912 0.18698473
-0.7820916 0.51785374 -0.34664118 -0.7821701 0.5180732 -0.34613627 0.7329548 0.18698473
-0.8245374 0.44894713 -0.34436116 -0.8244967 0.44939092 -0.3438796 0.7443184 0.18698473
-0.860913 0.37851596 -0.3399331 -0.8607959 0.37917662 -0.33949304 0.75568205 0.18698475
-0.8909773 0.30801043 -0.33360022 -0.8908268 0.30886078 -0.3332156 0.7670457 0.18698475
-0.91483814 0.23875178 -0.32568198 -0.9146906 0.23975359 -0.32536036 0.77840924 0.18698475
-0.93288684 0.1718378 -0.31653425 -0.9327693 0.17294696 -0.31627667 0.78977287 0.18698475
-0.46508375 0.79913205 -0.38090017 -0.4660752 0.7987517 -0.3804863 0.6704549 0.17714348
-0.5222052 0.757998 -0.39082065 -0.5230804 0.75764686 -0.39033082 0.68181854 0.17714348
-0.5792243 0.7107892 -0.3990962 -0.57995445 0.71050864 -0.39853513 0.6931822 0.17714348
-0.6349666 0.65766025 -0.40533984 -0.63553417 0.6574937 -0.40472007 0.7045458 0.17714348
-0.68818855 0.5991057 -0.40922955 -0.688589 0.5990949 -0.4085713 0.7159095 0.1771435
-0.7376918 0.53596526 -0.41055104 -0.7379364 0.5361429 -0.40987897 0.7272731 0.1771435
-0.78244495 0.4693736 -0.40922892 -0.7825588 0.46975747 -0.40857026 0.73863673 0.1771435
-0.8216874 0.4006624 -0.4053386 -0.82170427 0.40125382 -0.40471905 0.75000036 0.17714348
-0.85499114 0.3312308 -0.3990944 -0.8549494 0.33201304 -0.3985334 0.761364 0.1771435
-0.8822697 0.26241428 -0.3908183 -0.88220626 0.2633549 -0.39032847 0.7727276 0.1771435
-0.90373933 0.1953776 -0.38089734 -0.90368354 0.19643816 -0.38048428 0.7840911 0.17714348
-0.9198473 0.13104762 -0.3697397 -0.91982013 0.13218544 -0.3694023 0.79545474 0.17714348
-0.4206482 0.7981093 -0.43136624 -0.42169762 0.79780823 -0.43089807 0.66477305 0.16730225
-0.47588396 0.7597052 -0.44315058 -0.47684622 0.75942373 -0.44259837 0.6761367 0.16730225
-0.531537 0.7155287 -0.45330667 -0.5323831 0.7153021 -0.45267132 0.68750036 0.16730225
-0.5865718 0.6656157 -0.4613992 -0.58727986 0.6654818 -0.46069124 0.698864 0.16730225
-0.6398473 0.61030155 -0.4670413 -0.6404067 0.6102968 -0.46628013 0.7102276 0.16730224
-0.6902087 0.5502431 -0.46994093 -0.6906196 0.55040145 -0.46915138 0.72159123 0.16730224
-0.73659736 0.48639518 -0.46994066 -0.7368746 0.4867373 -0.46915108 0.73295486 0.16730224
-0.7781542 0.41993973 -0.4670404 -0.77832323 0.42047226 -0.46627912 0.7443185 0.16730225
-0.8142985 0.35217902 -0.4613977 -0.81438965 0.35289428 -0.46069002 0.75568205 0.16730225
-0.8447625 0.28441408 -0.45330465 -0.8448085 0.2852884 -0.4526691 0.7670457 0.16730225
-0.8695794 0.21783376 -0.443148 -0.86960983 0.21883485 -0.44259474 0.7784093 0.16730225
-0.88903534 0.15343405 -0.43136308 -0.8890733 0.15452497 -0.4308953 0.78977287 0.16730225
-0.90359855 0.09197536 -0.41838998 -0.90366 0.09311922 -0.41800418 0.8011365 0.16730225
-0.377183 0.79386127 -0.4769876 -0.37757018 0.7936147 -0.47709173 0.65909123 0.157461
-0.43016633 0.7579199 -0.4904226 -0.43048885 0.75768715 -0.49049926 0.67045486 0.15746102
-0.48397136 0.71656454 -0.50230163 -0.48422492 0.71635723 -0.502353 0.6818185 0.15746102
-0.53770924 0.6697453 -0.5121622 -0.537893 0.66957515 -0.5121917 0.6931821 0.15746102
-0.59036565 0.6176679 -0.5195718 -0.5904823 0.6175448 -0.5195855 0.70454574 0.15746102
-0.6408706 0.5608259 -0.52417475 -0.6409251 0.56076014 -0.5241786 0.71590936 0.157461
-0.6881893 0.4999969 -0.5257362 -0.6881888 0.49999735 -0.5257366 0.727273 0.157461
-0.73141897 0.4361972 -0.5241739 -0.73137283 0.43626958 -0.524178 0.73863655 0.157461
-0.769872 0.37059954 -0.5195701 -0.7697912 0.37074798 -0.51958394 0.7500002 0.157461
-0.8031288 0.30442825 -0.51215976 -0.803023 0.30465633 -0.51219004 0.76136386 0.157461
-0.83105063 0.23885344 -0.50229865 -0.8309318 0.23915835 -0.5023501 0.7727275 0.157461
-0.8537552 0.17490335 -0.49041912 -0.85363334 0.17528269 -0.4904959 0.7840911 0.157461
-0.8715648 0.11340785 -0.47698382 -0.87144995 0.11385291 -0.47708777 0.79545474 0.157461
-0.88494194 0.054975554 -0.46244505 -0.8848421 0.055475883 -0.46257645 0.80681837 0.157461
-0.71934634 -0.56462795 0.4046432 -0.71929723 -0.56497353 0.40424803 0.9147728 0.30507973
-0.7552059 -0.54868335 0.35862297 -0.75555605 -0.54893816 0.35749412 0.909091 0.2952385
-0.7903915 -0.5294754 0.30811876 -0.7906437 -0.52975345 0.30699202 0.9034091 0.28539723
-0.82407504 -0.5067301 0.25322905 -0.8242156 -0.50704557 0.25213784 0.8977274 0.27555597
-0.8553292 -0.48028043 0.19427438 -0.8553497 -0.48065358 0.19325918 0.89204556 0.26571473
-0.8831876 -0.45011216 0.13182841 -0.8830918 -0.45056233 0.13092905 0.8863637 0.25587347
-0.90673006 -0.41640005 0.06672022 -0.9065348 -0.416944 0.06597276 0.8806819 0.24603224
-0.92518127 -0.37952563 -2.6842903e-08 -0.9249139 -0.38017625 -0.00056773407 0.87500006 0.23619097
-0.9380023 -0.3400657 -0.06713443 -0.9376978 -0.34083062 -0.06750795 0.86931825 0.22634973
-0.94495595 -0.29875085 -0.13344017 -0.9446532 -0.29962584 -0.13362198 0.8636365 0.2165085
-0.9461277 -0.25639907 -0.19774193 -0.94586194 -0.25737303 -0.19774817 0.8579547 0.20666724
-0.9419 -0.21383893 -0.25903124 -0.9416995 -0.21489266 -0.25888872 0.85227287 0.19682601
-0.93288684 -0.17183778 -0.31653425 -0.93276924 -0.17294611 -0.31627706 0.84659106 0.18698475
-0.91984725 -0.1310476 -0.36973974 -0.91981995 -0.13218619 -0.36940238 0.84090924 0.17714348
-0.9035985 -0.09197533 -0.41838995 -0.90365994 -0.09311959 -0.4180041 0.83522743 0.16730225
-0.71215034 -0.60403895 0.35774136 -0.71208566 -0.60433054 0.35737756 0.9204546 0.29523847
-0.74781096 -0.58808273 0.30811906 -0.7481531 -0.5882368 0.3069926 0.91477275 0.28539723
-0.7015585 -0.6433228 0.30651504 -0.7014835 -0.6435575 0.30619386 0.92613643 0.28539723
-0.78250134 -0.5685151 0.2539335 -0.78273475 -0.5686849 0.2528316 0.909091 0.27555597
-0.7365877 -0.6271471 0.2532296 -0.7369314 -0.6271825 0.25213954 0.9204546 0.27555597
-0.6871586 -0.6817153 0.25115192 -0.6870816 -0.6818921 0.25088283 0.93181825 0.27555597
-0.81532186 -0.5450368 0.1954104 -0.81543386 -0.54523987 0.19437373 0.9034092 0.26571473
-0.77031404 -0.6069853 0.19541062 -0.77054226 -0.6070287 0.19437313 0.91477275 0.2657147
-0.72109044 -0.66504574 0.19427507 -0.7214514 -0.66495025 0.1932591 0.9261364 0.2657147
-0.6686385 -0.7183556 0.1920619 -0.6685675 -0.71847785 0.19185181 0.93750006 0.26571473
-0.8452899 -0.5174818 0.13303213 -0.84527636 -0.5177416 0.13210501 0.8977273 0.2558735
-0.80178386 -0.5825257 0.13344087 -0.8018854 -0.5825997 0.13250373 0.909091 0.2558735
-0.75336796 -0.6440023 0.13303244 -0.7536108 -0.6439094 0.13210472 0.9204546 0.2558735
-0.701007 -0.7008639 0.13182904 -0.70140487 -0.7006346 0.13092896 0.93181825 0.2558735
-0.6458393 -0.7523424 0.12989385 -0.6457833 -0.7524153 0.12975115 0.9431819 0.2558735
-0.87141645 -0.48586985 0.06755668 -0.87128645 -0.4862103 0.066780925 0.8920455 0.24603224
-0.8299878 -0.5536226 0.06798693 -0.82996464 -0.5537541 0.06719625 0.9034091 0.24603224
-0.78301054 -0.61828166 0.067987 -0.78312844 -0.61821884 0.06719637 0.9147728 0.24603224
-0.73137635 -0.6786197 0.067556925 -0.73165977 -0.6783909 0.06678125 0.9261364 0.24603224
-0.6762195 -0.7336726 0.06672063 -0.6766762 -0.733319 0.06597384 0.9375 0.24603224
-0.6188005 -0.7828108 0.0655224 -0.6187684 -0.7828424 0.06544921 0.9488637 0.24603225
-0.8928049 -0.45044354 -1.8180552e-08 -0.8925815 -0.4508857 -0.0005900503 0.88636374 0.23619099
-0.8539517 -0.52035224 -9.179145e-09 -0.85381824 -0.52057105 -0.0006040196 0.8977274 0.23619099
-0.8090185 -0.5877832 1.550252e-13 -0.80901825 -0.5877834 -0.00060904195 0.909091 0.23619099
-0.7587733 -0.65135473 9.179454e-09 -0.75893986 -0.6511604 -0.000604242 0.9204546 0.236191
-0.7042928 -0.7099096 1.8180858e-08 -0.7046443 -0.7095605 -0.0005894236 0.93181825 0.236191
-0.6468509 -0.76261646 2.6843205e-08 -0.6473875 -0.76216096 -0.00056774856 0.9431819 0.236191
-0.58778554 -0.80901664 3.503527e-08 -0.58778626 -0.8090164 -5.387094e-07 0.9545455 0.236191
-0.90875614 -0.41167977 -0.06842522 -0.90847296 -0.4122406 -0.068809405 0.88068193 0.22634973
-0.8728451 -0.4830477 -0.06932832 -0.87263054 -0.48337907 -0.06971914 0.89204556 0.22634974
-0.8304755 -0.55266577 -0.069793515 -0.8303779 -0.5527624 -0.070187755 0.9034092 0.22634974
-0.7822498 -0.61904293 -0.06979358 -0.7823112 -0.61892074 -0.070187554 0.9147728 0.22634974
-0.7291323 -0.6808522 -0.06932851 -0.72938126 -0.68054557 -0.069719054 0.92613643 0.22634976
-0.6723547 -0.7370598 -0.068425536 -0.67280036 -0.73661727 -0.0688096 0.9375 0.22634974
-0.6132834 -0.78700465 -0.06713485 -0.6139169 -0.78647876 -0.067508884 0.9488636 0.22634974
-0.55327815 -0.8304156 -0.065522335 -0.5533187 -0.8303943 -0.06544991 0.9602273 0.22634976
-0.91885585 -0.37026533 -0.13640973 -0.91855305 -0.37095174 -0.13658378 0.8750001 0.21650851
-0.8860849 -0.44229826 -0.1386565 -0.8858275 -0.4427615 -0.13882333 0.88636374 0.21650851
-0.84665865 -0.5133737 -0.1400591 -0.84649724 -0.5135959 -0.1402208 0.8977274 0.21650851
-0.80098873 -0.5819507 -0.14053626 -0.80096996 -0.5819378 -0.14069657 0.909091 0.21650851
-0.749881 -0.64657694 -0.14005935 -0.7500425 -0.6463546 -0.14022133 0.9204546 0.21650851
-0.69446784 -0.7060372 -0.138657 -0.694829 -0.7056491 -0.13882399 0.93181825 0.21650851
-0.6360873 -0.75946367 -0.13641046 -0.6366466 -0.75896376 -0.13658448 0.9431819 0.21650851
-0.57613844 -0.8063857 -0.13344114 -0.57687825 -0.80582666 -0.13362306 0.9545455 0.21650851
-0.5159456 -0.8467159 -0.12989382 -0.51603234 -0.84668493 -0.12975083 0.9659091 0.21650851
-0.92302305 -0.32703772 -0.20266941 -0.9227407 -0.32784683 -0.20264779 0.8693183 0.20666724
-0.89341027 -0.39890802 -0.20661673 -0.8931523 -0.39951015 -0.20656924 0.88068193 0.20666724
-0.8571329 -0.47061998 -0.2093802 -0.85694736 -0.47098786 -0.2093129 0.89204556 0.20666726
-0.81440806 -0.5406488 -0.21080424 -0.8143441 -0.5407754 -0.21072659 0.9034092 0.20666726
-0.7658543 -0.6074772 -0.21080439 -0.7659549 -0.6073777 -0.21072634 0.9147728 0.20666726
-0.71245575 -0.66975105 -0.20938072 -0.71274865 -0.6694605 -0.20931335 0.92613643 0.20666726
-0.65546405 -0.7264132 -0.20661765 -0.6559568 -0.72598183 -0.20656984 0.93750006 0.20666726
-0.5962621 -0.77678573 -0.20267066 -0.59694433 -0.7762675 -0.20264786 0.9488636 0.20666724
-0.53622055 -0.82058823 -0.1977435 -0.5370655 -0.820034 -0.19774981 0.96022725 0.20666724
-0.4765768 -0.85789675 -0.19206193 -0.47671494 -0.85786676 -0.191853 0.97159094 0.20666726
-0.92150754 -0.28290367 -0.26606303 -0.92128056 -0.28381965 -0.26587328 0.8636365 0.196826
-0.8949066 -0.35381803 -0.2719465 -0.8946872 -0.3545528 -0.27171177 0.8750001 0.196826
-0.8618032 -0.42532393 -0.27639633 -0.8616348 -0.42584193 -0.27612382 0.88636374 0.196826
-0.8222358 -0.49597403 -0.27917346 -0.8221655 -0.49625805 -0.27887645 0.8977274 0.196826
-0.7766286 -0.5642534 -0.28011814 -0.7767011 -0.56430566 -0.27981162 0.909091 0.196826
-0.7257845 -0.628728 -0.27917397 -0.7260329 -0.62857336 -0.2788759 0.9204546 0.196826
-0.67081904 -0.6881907 -0.27639726 -0.6712598 -0.6878704 -0.2761244 0.93181825 0.196826
-0.61304235 -0.74177045 -0.27194783 -0.61367315 -0.74133503 -0.27171233 0.9431819 0.19682601
-0.5538189 -0.7889831 -0.2660648 -0.55462074 -0.7884838 -0.26587474 0.9545455 0.19682601
-0.49443597 -0.82971966 -0.2590334 -0.49537554 -0.8292036 -0.25889084 0.9659091 0.19682601
-0.43600684 -0.86418796 -0.251152 -0.43619946 -0.8641688 -0.25088307 0.97727275 0.19682601
-0.9148382 -0.23875175 -0.32568198 -0.9146906 -0.23975314 -0.32536092 0.8579547 0.18698475
-0.89097726 -0.30801034 -0.33360013 -0.89082634 -0.30886143 -0.33321625 0.8693183 0.18698475
-0.86091304 -0.37851587 -0.33993304 -0.86079603 -0.3791763 -0.33949322 0.88068193 0.18698473
-0.82453746 -0.44894704 -0.34436107 -0.82449657 -0.4493914 -0.34387904 0.89204556 0.18698473
-0.78209174 -0.5178537 -0.3466411 -0.78217 -0.5180732 -0.3461364 0.9034092 0.18698473
-0.7341874 -0.58378816 -0.34664136 -0.7344205 -0.58379406 -0.34613737 0.91477287 0.18698473
-0.6817696 -0.6454496 -0.34436187 -0.6821791 -0.6452737 -0.34388018 0.92613643 0.18698473
-0.6260261 -0.7018091 -0.33993435 -0.62661767 -0.70149386 -0.33949476 0.93750006 0.18698475
-0.5682615 -0.75218916 -0.33360195 -0.56902426 -0.7517827 -0.33321783 0.9488637 0.18698475
-0.5097659 -0.79628426 -0.32568428 -0.5106727 -0.7958345 -0.32536274 0.96022725 0.18698475
-0.4517041 -0.8341269 -0.31653696 -0.45272186 -0.83367264 -0.31627968 0.9715909 0.18698475
-0.39504358 -0.86601907 -0.3065152 -0.3952903 -0.8660197 -0.30619505 0.98295456 0.18698475
-0.9037393 -0.1953776 -0.38089743 -0.9036834 -0.19643825 -0.38048428 0.85227287 0.17714348
-0.8822696 -0.26241428 -0.3908184 -0.8822061 -0.26335517 -0.3903287 0.8636365 0.17714348
-0.854991 -0.3312308 -0.3990945 -0.85495 -0.332012 -0.39853317 0.8750001 0.17714348
-0.82168734 -0.40066245 -0.4053387 -0.82170445 -0.40125364 -0.4047188 0.88636374 0.17714348
-0.7824449 -0.46937364 -0.40922904 -0.78255826 -0.46975794 -0.4085707 0.8977274 0.1771435
-0.73769164 -0.53596526 -0.4105511 -0.7379365 -0.5361425 -0.40987918 0.909091 0.1771435
-0.6881885 -0.59910583 -0.4092296 -0.6885892 -0.5990946 -0.40857142 0.9204546 0.1771435
-0.6349665 -0.65766037 -0.40533984 -0.635534 -0.6574938 -0.40472025 0.93181825 0.17714348
-0.5792242 -0.7107894 -0.3990962 -0.5799548 -0.7105083 -0.39853546 0.9431819 0.1771435
-0.5222052 -0.7579981 -0.39082065 -0.5230803 -0.7576468 -0.3903311 0.9545455 0.1771435
-0.46508375 -0.79913217 -0.38090014 -0.46607432 -0.7987521 -0.38048655 0.9659091 0.17714348
-0.4088797 -0.83433056 -0.3697429 -0.40995404 -0.8339529 -0.3694053 0.97727275 0.17714348
-0.3544092 -0.8639532 -0.3577415 -0.3547075 -0.86398107 -0.35737857 0.9886364 0.1771435
-0.8890354 -0.15343402 -0.43136308 -0.8890734 -0.15452534 -0.43089494 0.84659106 0.16730225
-0.8695794 -0.21783368 -0.443148 -0.8696095 -0.21883601 -0.44259483 0.8579547 0.16730225
-0.84476244 -0.28441393 -0.45330462 -0.84480864 -0.2852879 -0.45266917 0.86931837 0.16730225
-0.8142986 -0.3521789 -0.4613977 -0.8143897 -0.35289425 -0.46068984 0.880682 0.16730225
-0.77815425 -0.4199396 -0.4670404 -0.7783226 -0.4204729 -0.46627948 0.89204556 0.16730224
-0.73659736 -0.48639506 -0.46994066 -0.7368752 -0.4867366 -0.46915084 0.90340924 0.16730224
-0.69020885 -0.550243 -0.469941 -0.6906201 -0.5504011 -0.46915084 0.91477287 0.16730224
-0.63984734 -0.61030143 -0.4670413 -0.64040595 -0.61029744 -0.4662803 0.9261365 0.16730225
-0.5865719 -0.6656156 -0.46139926 -0.5872798 -0.66548175 -0.46069145 0.93750006 0.16730225
-0.53153706 -0.71552867 -0.4533067 -0.532383 -0.7153019 -0.4526717 0.9488637 0.16730225
-0.47588402 -0.7597051 -0.44315064 -0.47684637 -0.75942385 -0.44259807 0.9602273 0.16730225
-0.4206482 -0.79810923 -0.43136624 -0.42169777 -0.79780823 -0.43089807 0.9715909 0.16730225
-0.3666975 -0.8309511 -0.41839355 -0.36780468 -0.83065563 -0.41800827 0.9829545 0.16730225
-0.31470338 -0.8586184 -0.40464348 -0.31504843 -0.85867786 -0.4042485 0.9943182 0.16730225
-0.8715648 -0.11340781 -0.47698376 -0.87145007 -0.113852665 -0.47708762 0.84090924 0.157461
-0.85375524 -0.1749033 -0.49041912 -0.8536333 -0.1752829 -0.49049592 0.85227287 0.15746102
-0.8310506 -0.23885334 -0.5022986 -0.8309321 -0.23915817 -0.5023498 0.8636365 0.15746102
-0.80312884 -0.30442816 -0.5121597 -0.8030237 -0.3046552 -0.51218957 0.8750001 0.15746102
-0.76987207 -0.37059942 -0.51957005 -0.76979107 -0.3707486 -0.51958364 0.88636374 0.15746102
-0.731419 -0.43619707 -0.52417386 -0.73137337 -0.43626928 -0.5241777 0.8977273 0.157461
-0.68818945 -0.49999684 -0.5257362 -0.6881893 -0.4999965 -0.52573663 0.90909094 0.157461
-0.6408707 -0.56082577 -0.52417475 -0.64092493 -0.5607605 -0.5241783 0.92045456 0.157461
-0.59036577 -0.61766773 -0.5195718 -0.5904821 -0.6175452 -0.5195852 0.9318182 0.157461
-0.53770936 -0.66974515 -0.5121622 -0.53789324 -0.6695746 -0.5121921 0.9431819 0.157461
-0.48397145 -0.7165645 -0.5023017 -0.4842253 -0.71635735 -0.50235265 0.9545455 0.157461
-0.43016642 -0.7579199 -0.49042264 -0.43048924 -0.757687 -0.49049923 0.9659091 0.157461
-0.37718308 -0.79386127 -0.47698766 -0.3775701 -0.793615 -0.4770914 0.97727275 0.157461
-0.32574326 -0.8246406 -0.46244916 -0.32618874 -0.82439065 -0.46258083 0.9886364 0.157461
-0.27638802 -0.85064924 -0.44721985 -0.2763877 -0.85064924 -0.44722024 1 0.157461
0.2884585 -0.88779557 0.35862336 0.28859276 -0.8882074 0.35749412 0.181819 0.2952385
0.25931826 -0.9153232 0.3081192 0.25950477 -0.9156492 0.306992 0.17613718 0.28539723
0.22727798 -0.94032955 0.2532296 0.22753544 -0.9405605 0.25213835 0.17045537 0.27555597
0.19246535 -0.96188056 0.1942749 0.1928137 -0.96201557 0.19325891 0.16477358 0.26571473
0.15516543 -0.97905296 0.13182886 0.15562296 -0.9791011 0.13092916 0.15909174 0.25587347
0.11582877 -0.9910257 0.06672047 0.11640644 -0.99100816 0.06597278 0.15340994 0.24603224
0.07505777 -0.99717915 -2.684307e-08 0.07575968 -0.99712604 -0.0005673219 0.14772813 0.23619097
0.03356755 -0.99717903 -0.0671348 0.034389053 -0.99712586 -0.06750946 0.14204632 0.22634973
-0.007873782 -0.99102545 -0.13344099 -0.0069469623 -0.991008 -0.13362287 0.1363645 0.2165085
-0.04851469 -0.97905254 -0.19774322 -0.04750565 -0.979101 -0.1977488 0.13068268 0.20666724
-0.08768528 -0.96188 -0.2590331 -0.08662136 -0.9620149 -0.25889018 0.12500088 0.19682601
-0.12484546 -0.9403287 -0.31653666 -0.12375502 -0.94055945 -0.3162794 0.11931907 0.18698475
-0.15960984 -0.91532236 -0.36974275 -0.15851872 -0.9156485 -0.36940452 0.113637246 0.17714348
-0.19174872 -0.88779473 -0.41839352 -0.19067964 -0.8882063 -0.41800842 0.10795544 0.16730225
0.32821476 -0.89293754 0.3081194 0.32825556 -0.89331025 0.3069936 0.1875008 0.28539723
0.29888555 -0.9198832 0.2539339 0.29897478 -0.9201576 0.2528321 0.18181899 0.27555597
0.36883545 -0.89433503 0.25322986 0.36876276 -0.8946731 0.25213927 0.19318262 0.27555597
0.2664147 -0.94384205 0.19541079 0.2665737 -0.9440115 0.1943729 0.17613721 0.26571473
0.33923885 -0.9201802 0.19541089 0.3392098 -0.9204109 0.19437274 0.18750082 0.2657147
0.40966797 -0.8913076 0.19427525 0.40946525 -0.89162165 0.19325966 0.19886443 0.2657147
0.23094827 -0.9638284 0.13303249 0.2311992 -0.9638958 0.13210583 0.17045537 0.2558735
0.3062522 -0.9425513 0.13344114 0.3062911 -0.9426709 0.13250475 0.18181899 0.2558735
0.37968075 -0.9155024 0.13303262 0.37951687 -0.91570467 0.13210571 0.19318262 0.2558735
0.44993925 -0.8832756 0.13182914 0.44959772 -0.8835833 0.13093008 0.20454624 0.2558735
0.19281045 -0.97890764 0.06755688 0.19317348 -0.9788893 0.06678131 0.16477357 0.24603224
0.2700488 -0.9604434 0.06798708 0.2701809 -0.9604619 0.06719676 0.1761372 0.24603224
0.34605944 -0.9357461 0.06798712 0.345963 -0.93583876 0.067197815 0.1875008 0.24603224
0.4193996 -0.9052845 0.067557 0.41909465 -0.90548325 0.06678172 0.19886442 0.24603224
0.488802 -0.86983967 0.06672067 0.48832515 -0.8701644 0.06597361 0.21022806 0.24603224
0.15250908 -0.98830205 -1.8180694e-08 0.15299869 -0.98822623 -0.00058964867 0.15909176 0.23619099
0.23100203 -0.9729532 -9.179265e-09 0.23125102 -0.97289395 -0.00060417847 0.17045538 0.23619099
0.30901724 -0.9510565 5.6033174e-14 0.30901662 -0.95105654 -0.0006091982 0.181819 0.23619099
0.38500348 -0.9229152 9.179378e-09 0.38476703 -0.9230136 -0.0006043963 0.19318262 0.236191
0.45752737 -0.88919556 1.8180806e-08 0.45708716 -0.8894218 -0.000589665 0.20454623 0.236191
0.5254046 -0.8508525 2.6843178e-08 0.52480567 -0.8512219 -0.0005677084 0.21590987 0.236191
0.11071374 -0.99149406 -0.06842554 0.11133423 -0.991398 -0.0688099 0.15340994 0.22634973
0.18968529 -0.9793943 -0.06932859 0.19006677 -0.9792926 -0.06971949 0.16477357 0.22634974
0.26898834 -0.9606114 -0.06979373 0.26911026 -0.9605485 -0.0701872 0.1761372 0.22634974
0.34701878 -0.9352577 -0.069793746 0.34688327 -0.93527836 -0.07018829 0.18750082 0.22634974
0.42221653 -0.90384007 -0.069328636 0.42184836 -0.90398186 -0.069719955 0.19886443 0.22634976
0.49321786 -0.8672105 -0.06842561 0.49265912 -0.8674977 -0.06880952 0.21022804 0.22634974
0.55897194 -0.82646424 -0.06713489 0.55827636 -0.826904 -0.06750882 0.22159168 0.22634974
0.0682055 -0.98830163 -0.13641043 0.068952315 -0.98822594 -0.13658386 0.14772813 0.21650851
0.1468392 -0.97939384 -0.1386571 0.14735875 -0.9792924 -0.13882382 0.15909176 0.21650851
0.22661883 -0.96386063 -0.1400596 0.22687984 -0.96377563 -0.14022185 0.1704554 0.21650851
0.3059517 -0.9416173 -0.14053668 0.30594486 -0.94159555 -0.14069675 0.181819 0.21650851
0.38320756 -0.9129815 -0.14005966 0.38294658 -0.91306627 -0.1402216 0.19318263 0.21650851
0.45688072 -0.87865466 -0.13865723 0.45640013 -0.8788782 -0.1388242 0.20454624 0.21650851
0.52573246 -0.83964133 -0.13641062 0.5250839 -0.84001875 -0.13658495 0.21590985 0.21650851
0.5888827 -0.7971264 -0.13344122 0.58812255 -0.79765713 -0.13362266 0.2272735 0.21650851
0.025806036 -0.97890687 -0.20267053 0.026662631 -0.97888845 -0.20264861 0.1420463 0.20666724
0.10330918 -0.97295237 -0.20661767 0.103960894 -0.97289324 -0.20656946 0.15340993 0.20666724
0.18272115 -0.96061057 -0.20938095 0.18312775 -0.9605478 -0.2093135 0.16477355 0.20666726
0.2625247 -0.9416168 -0.21080483 0.26266432 -0.94159514 -0.21072742 0.17613718 0.20666726
0.34108564 -0.9160906 -0.21080488 0.34096003 -0.9161553 -0.21072681 0.1875008 0.20666726
0.4168122 -0.88454914 -0.20938107 0.41644594 -0.88473755 -0.20931366 0.19886443 0.20666726
0.4883121 -0.8478564 -0.2066179 0.48774981 -0.8481916 -0.20656997 0.21022806 0.20666726
0.55451316 -0.80711806 -0.20267078 0.5538098 -0.80760664 -0.20264843 0.22159168 0.20666724
0.61472535 -0.7635511 -0.19774355 0.6139374 -0.7641834 -0.19774891 0.2329553 0.20666724
-0.015699452 -0.9638274 -0.26606467 -0.014757032 -0.96389496 -0.26587382 0.13636449 0.196826
0.059963856 -0.9604418 -0.27194792 0.060730375 -0.96046036 -0.27171275 0.14772812 0.196826
0.13819914 -0.95105493 -0.27639756 0.13874362 -0.95105475 -0.27612507 0.15909174 0.196826
0.21761788 -0.9352562 -0.27917454 0.21790932 -0.93527704 -0.27887696 0.17045537 0.196826
0.29664832 -0.91298044 -0.28011897 0.29667595 -0.9130653 -0.27981272 0.18181899 0.196826
0.37367848 -0.8845485 -0.2791746 0.3734549 -0.8847367 -0.278877 0.19318262 0.196826
0.44721565 -0.85064834 -0.2763977 0.44677445 -0.8509685 -0.27612555 0.20454624 0.196826
0.5160266 -0.81225663 -0.27194813 0.5154174 -0.8127221 -0.27171266 0.21590987 0.19682601
0.5792292 -0.7705213 -0.26606494 0.5785066 -0.7711295 -0.2658748 0.22727348 0.19682601
0.6363221 -0.72663337 -0.25903344 0.635541 -0.7273672 -0.25889122 0.23863712 0.19682601
-0.055629395 -0.94384074 -0.3256842 -0.054630715 -0.94400966 -0.32536334 0.13068269 0.18698475
0.017612567 -0.9425494 -0.3336021 0.018468337 -0.942669 -0.3332179 0.14204632 0.18698475
0.09395728 -0.9357438 -0.33993474 0.09462108 -0.93583655 -0.33949506 0.15340994 0.18698473
0.17218153 -0.9229128 -0.34436247 0.17261644 -0.92301124 -0.3438808 0.16477357 0.18698473
0.2508316 -0.9038378 -0.34664226 0.25101578 -0.9039797 -0.3461386 0.1761372 0.18698473
0.32834178 -0.8786529 -0.3466423 0.32827616 -0.8788759 -0.34613845 0.18750082 0.18698473
0.4031828 -0.847855 -0.34436256 0.40288913 -0.8481899 -0.34388113 0.19886445 0.18698473
0.47400913 -0.81225586 -0.33993486 0.47352627 -0.8127212 -0.33949545 0.21022807 0.18698475
0.5397733 -0.77288705 -0.3336023 0.539151 -0.7734867 -0.3332185 0.22159168 0.18698475
0.599786 -0.7308807 -0.32568443 0.5990778 -0.73160404 -0.32536337 0.23295529 0.18698475
0.6537183 -0.6873548 -0.31653696 0.6529716 -0.6881827 -0.3162795 0.24431893 0.18698475
-0.09345094 -0.9198816 -0.3809001 -0.092425086 -0.920156 -0.38048735 0.12500086 0.17714348
-0.023061028 -0.9201778 -0.39082074 -0.022146272 -0.9204082 -0.39033112 0.13636449 0.17714348
0.050816573 -0.9154996 -0.39909655 0.051572096 -0.91570175 -0.3985356 0.14772812 0.17714348
0.12714098 -0.90528136 -0.4053405 0.12769854 -0.90547985 -0.40472126 0.15909174 0.17714348
0.20461535 -0.8891923 -0.40923044 0.2049464 -0.8894187 -0.4085723 0.17045537 0.1771435
0.28177676 -0.86720735 -0.41055217 0.28187 -0.8674946 -0.409881 0.18181899 0.1771435
0.35712382 -0.8396386 -0.40923047 0.35698918 -0.8400161 -0.4085727 0.19318262 0.1771435
0.42925853 -0.807116 -0.40534052 0.42892456 -0.8076045 -0.40472066 0.20454624 0.17714348
0.4970121 -0.7705198 -0.3990966 0.4965187 -0.77112824 -0.39853528 0.21590987 0.1771435
0.55952984 -0.73087996 -0.3908209 0.5589253 -0.7316038 -0.39033133 0.2272735 0.1771435
0.6163019 -0.68926555 -0.38090023 0.6156331 -0.6900911 -0.38048685 0.2386371 0.17714348
0.6671454 -0.6466895 -0.3697429 0.66645426 -0.6475944 -0.36940527 0.25000075 0.17714348
-0.1287979 -0.8929357 -0.43136632 -0.12777106 -0.89330894 -0.43089882 0.11931907 0.16730225
-0.061538167 -0.89433235 -0.4431509 -0.060595024 -0.89467025 -0.4425985 0.13068269 0.16730225
0.009451992 -0.89130425 -0.4533072 0.01026931 -0.89161843 -0.45267114 0.14204632 0.16730225
0.08331379 -0.8832717 -0.4613999 0.08396578 -0.88357943 -0.46069205 0.15340994 0.16730225
0.15892684 -0.86983544 -0.46704224 0.15938216 -0.8701611 -0.46627998 0.16477357 0.16730224
0.23497103 -0.8508483 -0.46994215 0.23521118 -0.8512186 -0.46915114 0.1761372 0.16730224
0.31002843 -0.8264603 -0.4699422 0.31005156 -0.8269005 -0.46915206 0.18750082 0.16730224
0.38270953 -0.7971229 -0.46704227 0.38253286 -0.7976533 -0.46628082 0.19886445 0.16730225
0.45177907 -0.76354814 -0.46139988 0.45143205 -0.76418024 -0.46069258 0.21022807 0.16730225
0.5162556 -0.72663116 -0.45330718 0.51577854 -0.72736573 -0.4526716 0.2215917 0.16730225
0.57546735 -0.6873533 -0.44315088 0.5749031 -0.6881812 -0.44259813 0.2329553 0.16730225
0.6290604 -0.64668876 -0.4313663 0.62844944 -0.64759344 -0.43089923 0.24431892 0.16730225
0.6769663 -0.60552746 -0.4183934 0.6763439 -0.60648865 -0.4180078 0.25568256 0.16730225
-0.16146526 -0.86395127 -0.47698772 -0.1610067 -0.86397934 -0.4770919 0.11363724 0.157461
-0.09747574 -0.86601615 -0.49042276 -0.09707803 -0.8660174 -0.49049968 0.12500086 0.15746102
-0.02963927 -0.86418414 -0.50230193 -0.029312436 -0.86416537 -0.5023535 0.13636447 0.15746102
0.041354492 -0.85789233 -0.5121627 0.041603006 -0.85786265 -0.5121922 0.1477281 0.15746102
0.11456397 -0.84671104 -0.51957256 0.114730276 -0.84668046 -0.51958555 0.15909173 0.15746102
0.18883348 -0.83041054 -0.52417594 0.1889166 -0.8303898 -0.5241787 0.17045535 0.157461
0.26286885 -0.80901164 -0.5257377 0.26286966 -0.8090119 -0.52573705 0.18181898 0.157461
0.33534238 -0.782806 -0.5241758 0.33526334 -0.7828378 -0.5241789 0.1931826 0.157461
0.40500847 -0.75233805 -0.51957244 0.404856 -0.7524111 -0.5195857 0.20454623 0.157461
0.470808 -0.71835184 -0.5121625 0.47058883 -0.71847415 -0.5121924 0.21590987 0.157461
0.531941 -0.6817124 -0.5023017 0.5316658 -0.6818894 -0.5023529 0.22727348 0.157461
0.5878982 -0.6433207 -0.4904225 0.58757704 -0.6435557 -0.49049902 0.2386371 0.157461
0.63845253 -0.6040375 -0.4769874 0.6380981 -0.6043295 -0.47709182 0.25000075 0.157461
0.68362063 -0.56462735 -0.4624489 0.6832451 -0.56497407 -0.4625802 0.26136437 0.157461
0.93348366 -7.468949e-09 0.35861987 0.93391633 -3.8707282e-07 0.35749167 0.36363697 0.2952385
0.950659 -0.03622038 0.30811632 0.95102626 -0.036144596 0.30698988 0.35795516 0.28539723
0.9645402 -0.07441983 0.25322723 0.96483934 -0.074245885 0.25213626 0.35227334 0.27555597
0.9742786 -0.1141882 0.19427325 0.97451466 -0.11389833 0.19325759 0.3465916 0.26571473
0.97908425 -0.15496917 0.1318278 0.9792712 -0.15454999 0.13092852 0.34090972 0.25587347
0.97831535 -0.19608046 0.06671998 0.9784772 -0.19552504 0.06597273 0.3352279 0.24603224
0.97156876 -0.23675773 -2.6842915e-08 0.97173494 -0.23607385 -0.0005677278 0.32954612 0.23619097
0.9587475 -0.2762175 -0.0671344 0.9589508 -0.2754199 -0.06750822 0.3238643 0.22634973
0.9400891 -0.31372935 -0.1334403 0.94035864 -0.3128428 -0.1336227 0.31818247 0.2165085
0.9161435 -0.34868172 -0.19774237 0.9165012 -0.34773707 -0.1977484 0.31250063 0.20666724
0.8877071 -0.38062903 -0.2590322 0.88816404 -0.37965888 -0.2588894 0.30681887 0.19682601
0.8557275 -0.40931123 -0.3165358 0.8562836 -0.40834588 -0.31627873 0.30113703 0.18698475
0.8212019 -0.43464714 -0.36974192 0.82184863 -0.4337103 -0.3694053 0.29545522 0.17714348
0.7850899 -0.45670694 -0.41839275 0.78581184 -0.4558172 -0.41800773 0.2897734 0.16730225
0.950659 0.03622035 0.30811635 0.9510264 0.03614442 0.30698934 0.36931878 0.28539723
0.9672222 -1.506622e-08 0.2539314 0.96751106 8.176861e-07 0.25282878 0.36363697 0.27555597
0.96454006 0.07441979 0.25322726 0.96483934 0.07424606 0.25213608 0.3750006 0.27555597
0.97997427 -0.03828527 0.195409 0.98018444 -0.038186308 0.19437182 0.35795522 0.26571473
0.97997427 0.03828522 0.195409 0.98018426 0.038186394 0.19437231 0.3693188 0.2657147
0.9742786 0.11418815 0.19427326 0.97451466 0.1138975 0.19325797 0.3806824 0.2657147
0.9880226 -0.07819197 0.13303131 0.98816425 -0.07797416 0.13210423 0.35227334 0.2558735
0.99105686 -3.06162e-08 0.13343985 0.9911826 0 0.13250293 0.36363697 0.2558735
0.9880226 0.07819191 0.13303132 0.98816425 0.077973634 0.13210422 0.3750006 0.2558735
0.97908425 0.15496911 0.13182785 0.9792713 0.15454978 0.13092847 0.38636422 0.2558735
0.99057853 -0.119123004 0.06755632 0.9906733 -0.11877211 0.06678059 0.3465915 0.24603224
0.99688566 -0.039960515 0.067986466 0.99694407 -0.039839614 0.067195944 0.35795513 0.24603224
0.99688566 0.03996044 0.06798647 0.9969441 0.039839614 0.067195944 0.36931875 0.24603224
0.99057853 0.11912293 0.06755635 0.9906733 0.11877213 0.06678053 0.38068235 0.24603224
0.97831535 0.19608037 0.06672003 0.978477 0.19552597 0.06597268 0.39204597 0.24603224
0.98705935 -0.16035508 -1.8180598e-08 0.9871387 -0.15986566 -0.00059020676 0.34090975 0.23619099
0.9967172 -0.080962054 -9.179242e-09 0.9967377 -0.08070692 -0.00060487975 0.35227334 0.23619099
1 -4.7003958e-08 9.338847e-16 0.9999998 -2.970375e-09 -0.00061007077 0.36363697 0.23619099
0.9967172 0.08096195 9.179244e-09 0.9967377 0.08070691 -0.00060486404 0.3750006 0.236191
0.98705935 0.16035497 1.81806e-08 0.9871387 0.15986569 -0.0005901779 0.38636422 0.236191
0.97156876 0.23675762 2.6842915e-08 0.971735 0.23607379 -0.0005674287 0.39772785 0.236191
0.97717977 -0.20109135 -0.068425074 0.97728026 -0.2004711 -0.06880877 0.33522794 0.22634973
0.99007535 -0.12224706 -0.069328055 0.99009675 -0.12185188 -0.06971871 0.34659156 0.22634974
0.9967176 -0.04102241 -0.06979316 0.9966956 -0.040887102 -0.07018719 0.35795516 0.22634974
0.9967176 0.041022368 -0.06979315 0.99669564 0.04088712 -0.07018718 0.36931878 0.22634974
0.99007535 0.12224701 -0.06932803 0.9900967 0.121851854 -0.06971865 0.3806824 0.22634976
0.97717977 0.2010913 -0.06842504 0.97728044 0.20047027 -0.06880915 0.39204603 0.22634974
0.95874757 0.27621743 -0.06713436 0.9589508 0.2754199 -0.06750862 0.40340966 0.22634974
0.9610081 -0.24053289 -0.13640964 0.9611666 -0.23979886 -0.13658431 0.3295461 0.21650851
0.976835 -0.16299617 -0.13865618 0.97689897 -0.16247015 -0.13882355 0.34090972 0.21650851
0.9867151 -0.08232239 -0.14005859 0.986715 -0.08204785 -0.1402201 0.35227334 0.21650851
0.99007565 -1.6122067e-08 -0.14053561 0.990053 4.158942e-09 -0.14069493 0.36363697 0.21650851
0.9867151 0.08232235 -0.14005858 0.986715 0.082047865 -0.14021991 0.3750006 0.21650851
0.976835 0.16299613 -0.13865615 0.97689897 0.16247015 -0.13882308 0.38636422 0.21650851
0.96100795 0.24053279 -0.13640958 0.96116656 0.23979948 -0.13658406 0.39772785 0.21650851
0.9400891 0.3137293 -0.13344026 0.940359 0.3128417 -0.13362272 0.40909147 0.21650851
0.9389709 -0.27795428 -0.2026695 0.9392181 -0.27713406 -0.20264784 0.32386425 0.20666724
0.9572573 -0.2024053 -0.20661646 0.9574024 -0.20176722 -0.20656906 0.3352279 0.20666724
0.97005904 -0.123067304 -0.20937963 0.97012514 -0.1226611 -0.20931199 0.34659153 0.20666726
0.97665554 -0.041301418 -0.21080342 0.9766783 -0.041161582 -0.21072575 0.35795516 0.20666726
0.9766556 0.041301344 -0.21080343 0.9766783 0.04116158 -0.21072574 0.36931878 0.20666726
0.97005904 0.123067215 -0.20937961 0.97012514 0.12266062 -0.20931204 0.38068244 0.20666726
0.9572574 0.20240524 -0.20661648 0.9574025 0.20176741 -0.20656832 0.39204606 0.20666726
0.9389709 0.27795422 -0.20266947 0.9392182 0.27713457 -0.2026469 0.40340966 0.20666724
0.9161436 0.3486817 -0.19774236 0.9165013 0.3477369 -0.19774865 0.4147733 0.20666724
0.91180366 -0.31276888 -0.26606354 0.9121591 -0.31189346 -0.26587275 0.31818247 0.196826
0.9319649 -0.23976347 -0.27194655 0.9322195 -0.23903988 -0.2717108 0.3295461 0.196826
0.94721323 -0.16245757 -0.27639604 0.9473817 -0.16193908 -0.276123 0.34090972 0.196826
0.9567295 -0.08204486 -0.27917287 0.95683956 -0.08177345 -0.2788752 0.35227334 0.196826
0.95996577 -8.30989e-09 -0.2801172 0.96005523 -4.212327e-07 -0.27981082 0.36363697 0.196826
0.9567295 0.08204484 -0.27917287 0.95683944 0.08177365 -0.2788753 0.3750006 0.196826
0.94721323 0.16245754 -0.27639604 0.94738156 0.16193862 -0.27612332 0.38636422 0.196826
0.93196493 0.23976345 -0.27194658 0.9322194 0.2390405 -0.27171102 0.39772785 0.19682601
0.91180366 0.31276885 -0.2660635 0.9121588 0.3118941 -0.26587301 0.40909147 0.19682601
0.8877071 0.380629 -0.25903213 0.8881639 0.3796594 -0.25888944 0.4204551 0.19682601
0.8804562 -0.34456867 -0.32568303 0.88092566 -0.3436713 -0.32536158 0.31250066 0.18698475
0.90186095 -0.27451313 -0.3336007 0.90223897 -0.27373633 -0.33321658 0.32386428 0.18698475
0.91898006 -0.1998028 -0.3399331 0.9192735 -0.1991999 -0.3394933 0.3352279 0.18698473
0.9309496 -0.12144312 -0.34436068 0.9311776 -0.12105992 -0.34387907 0.34659153 0.18698473
0.93711257 -0.040749025 -0.34664038 0.9373048 -0.040617336 -0.3461359 0.35795516 0.18698473
0.93711257 0.040749036 -0.34664038 0.9373048 0.04061736 -0.34613597 0.3693188 0.18698473
0.9309496 0.12144314 -0.34436068 0.9311776 0.12106016 -0.3438792 0.3806824 0.18698473
0.91898006 0.19980282 -0.3399331 0.91927344 0.1991997 -0.3394936 0.39204603 0.18698475
0.90186095 0.27451313 -0.3336007 0.90223885 0.2737364 -0.33321702 0.40340966 0.18698475
0.8804562 0.34456867 -0.32568303 0.8809256 0.3436713 -0.32536185 0.4147733 0.18698475
0.8557275 0.4093112 -0.3165358 0.8562836 0.40834576 -0.31627855 0.4261369 0.18698475
0.8459821 -0.3731357 -0.38089904 0.84655964 -0.37224543 -0.38048664 0.30681887 0.17714348
0.86801547 -0.30628312 -0.39081943 0.868517 -0.30548447 -0.39033023 0.3181825 0.17714348
0.8863955 -0.2345765 -0.399095 0.8868212 -0.23391975 -0.39853463 0.32954612 0.17714348
0.90026295 -0.15883093 -0.4053387 0.90062386 -0.1583626 -0.40471962 0.34090972 0.17714348
0.9089024 -0.08017761 -0.40922856 0.9092198 -0.07993311 -0.40857077 0.35227337 0.1771435
0.91183794 -5.130261e-08 -0.4105503 0.9121399 -2.4355705e-08 -0.40987927 0.363637 0.1771435
0.9089024 0.080177516 -0.40922856 0.90921986 0.07993305 -0.4085707 0.37500066 0.1771435
0.90026295 0.15883085 -0.4053387 0.900624 0.15836254 -0.40471947 0.38636428 0.17714348
0.8863955 0.23457642 -0.399095 0.88682115 0.2339197 -0.39853463 0.3977279 0.1771435
0.86801547 0.30628306 -0.39081943 0.86851674 0.30548435 -0.39033067 0.4090915 0.1771435
0.8459821 0.37313566 -0.38089904 0.84655964 0.3722452 -0.380487 0.4204551 0.17714348
0.8212019 0.4346471 -0.36974192 0.8218488 0.43371025 -0.3694049 0.43181872 0.17714348
0.8094321 -0.39842626 -0.43136528 0.8101041 -0.39756626 -0.43089747 0.30113703 0.16730225
0.83154476 -0.3348906 -0.44314963 0.83215743 -0.33409873 -0.442597 0.31250066 0.16730225
0.850602 -0.26643988 -0.45330566 0.8511534 -0.2657585 -0.4526704 0.32386428 0.16730225
0.8657871 -0.19371173 -0.46139818 0.8662809 -0.193187 -0.4606912 0.3352279 0.16730225
0.87637436 -0.1176483 -0.4670404 0.87682396 -0.11731594 -0.46627975 0.34659153 0.16730224
0.88181573 -0.039459568 -0.46994022 0.8822414 -0.039345942 -0.46915036 0.35795516 0.16730224
0.88181573 0.03945964 -0.46994022 0.8822414 0.039346006 -0.46915045 0.36931878 0.16730224
0.87637436 0.11764837 -0.4670404 0.876824 0.11731598 -0.46627975 0.3806824 0.16730225
0.8657871 0.1937118 -0.46139818 0.866281 0.19318692 -0.46069083 0.39204603 0.16730225
0.8506019 0.26643994 -0.4533056 0.8511533 0.26575905 -0.45267016 0.4034097 0.16730225
0.83154464 0.33489063 -0.44314957 0.8321578 0.33409864 -0.44259638 0.41477332 0.16730225
0.8094321 0.39842632 -0.43136528 0.81010455 0.39756545 -0.43089724 0.4261369 0.16730225
0.7850899 0.45670697 -0.41839278 0.7858121 0.45581695 -0.41800764 0.43750054 0.16730225
0.77177125 -0.4205386 -0.47698686 0.7719404 -0.42011124 -0.47708976 0.29545522 0.157461
0.7935089 -0.36031953 -0.49042162 0.7936334 -0.35994172 -0.4904979 0.30681887 0.15746102
0.81272924 -0.29523775 -0.5023006 0.8128128 -0.29492077 -0.5023516 0.3181825 0.15746102
0.8286836 -0.2257751 -0.5121611 0.828733 -0.22552884 -0.5121897 0.3295461 0.15746102
0.8406727 -0.15269436 -0.5195708 0.8406956 -0.15252669 -0.51958317 0.34090972 0.15746102
0.8481208 -0.07702362 -0.52417403 0.84812707 -0.07693901 -0.5241764 0.35227334 0.157461
0.85064787 -5.255241e-08 -0.5257359 0.8506484 5.000817e-07 -0.52573496 0.36363697 0.157461
0.8481208 0.07702351 -0.52417403 0.84812665 0.07693891 -0.5241771 0.37500057 0.157461
0.8406727 0.15269426 -0.5195708 0.84069526 0.15252645 -0.5195838 0.38636422 0.157461
0.8286837 0.22577502 -0.51216114 0.8287326 0.2255292 -0.5121903 0.39772788 0.157461
0.81272924 0.29523766 -0.5023006 0.8128133 0.29492095 -0.50235087 0.40909147 0.157461
0.793509 0.3603195 -0.49042168 0.79363376 0.35994217 -0.4904968 0.4204551 0.157461
0.77177125 0.4205385 -0.47698686 0.77194005 0.42011166 -0.4770899 0.43181875 0.157461
0.7482481 0.47567424 -0.46244857 0.7484616 0.47521067 -0.46257973 0.44318238 0.157461
0.7014827 0.50965106 -0.49817458 0.7012702 0.50949675 -0.49863127 0.4602278 0.1476197
0.6752999 0.49062833 -0.55068505 0.6750899 0.49047592 -0.5510781 0.4659096 0.13777837
0.65849566 0.54868233 -0.515103 0.65764236 0.548937 -0.5159213 0.4715914 0.1476197
0.6447259 0.46841532 -0.60408247 0.64452744 0.4682716 -0.6044057 0.47159144 0.12793705
0.6290588 0.529474 -0.5691593 0.6281638 0.52975225 -0.5698884 0.47727323 0.13777837
0.6095466 0.44285637 -0.65751886 0.60937023 0.44272774 -0.65776896 0.47727326 0.11809574
0.5950278 0.5067285 -0.6238336 0.5941148 0.5070442 -0.62444687 0.48295507 0.12793705
0.5697195 0.41392067 -0.7099925 0.56957453 0.4138156 -0.71017003 0.48295504 0.10825443
0.5562747 0.48027864 -0.67815256 0.5553757 0.48065135 -0.6786253 0.48863685 0.11809575
0.52541965 0.38173532 -0.76040274 0.525315 0.3816598 -0.760513 0.48863685 0.098413125
0.5128804 0.4501102 -0.73099554 0.51203316 0.45055974 -0.73131245 0.49431866 0.10825443
0.47706687 0.34660536 -0.8076334 0.47701076 0.34656522 -0.80768394 0.49431866 0.08857181
0.4651749 0.41639814 -0.781169 0.4644195 0.4169416 -0.7813286 0.5000005 0.098413125
0.42532262 0.3090114 -0.8506542 0.42532235 0.3090117 -0.85065424 0.5000005 0.0787305
0.41375077 0.37952375 -0.8275096 0.4131238 0.380175 -0.82752395 0.5056823 0.08857181
0.37105143 0.2695815 -0.8886207 0.37111315 0.26962644 -0.8885812 0.5056823 0.068889186
0.3594385 0.340064 -0.8689997 0.35896808 0.34082857 -0.86889464 0.5113641 0.0787305
0.31525075 0.2290404 -0.9209547 0.31537658 0.22913276 -0.92088866 0.5113641 0.059047874
0.30324343 0.29874933 -0.90487134 0.3029453 0.29962495 -0.90468174 0.5170459 0.068889186
0.25896212 0.1881448 -0.9473859 0.25915524 0.18828511 -0.94730526 0.5170459 0.049206562
0.24625511 0.25639787 -0.93467563 0.24613085 0.25737217 -0.93444055 0.5227277 0.059047874
0.20318091 0.14761785 -0.96794957 0.20344104 0.14780666 -0.9678662 0.5227277 0.03936525
0.18954647 0.21383807 -0.95830345 0.18958436 0.21489108 -0.95806044 0.52840954 0.049206562
0.14878178 0.10809502 -0.9829443 0.14910378 0.1083291 -0.98286974 0.52840954 0.029523939
0.13408409 0.17183715 -0.9759577 0.13426219 0.17294616 -0.9757374 0.53409135 0.03936525
0.096470565 0.07008915 -0.99286497 0.096848644 0.07036356 -0.9928088 0.53409135 0.019682625
0.08066488 0.13104726 -0.988089 0.080954164 0.13218577 -0.98791367 0.53977317 0.029523939
0.029884744 0.09197516 -0.9953128 0.030256528 0.093118615 -0.99519527 0.545455 0.019682625
0.610017 0.588081 -0.53107435 0.60916287 0.588235 -0.5318838 0.48295504 0.1476197
0.5770661 0.56851304 -0.58633417 0.57618433 0.56868297 -0.58703613 0.48863685 0.13777837
0.5559039 0.6271446 -0.5455829 0.55508184 0.62718016 -0.54637843 0.49431866 0.1476197
0.5393995 0.5450344 -0.64186114 0.53852123 0.5452384 -0.64242506 0.49431866 0.12793706
0.5192722 0.60698235 -0.6016051 0.51844597 0.607026 -0.6022734 0.5000005 0.13777837
0.4962438 0.66504234 -0.5580866 0.49549726 0.6649466 -0.5588635 0.5056823 0.1476197
0.49700922 0.5174792 -0.6965609 0.49617344 0.51773906 -0.6969636 0.5000005 0.11809575
0.47791895 0.58252245 -0.6574656 0.47712648 0.5825963 -0.6579756 0.5056823 0.12793706
0.45590222 0.6439987 -0.61434424 0.45518228 0.6439053 -0.6149757 0.5113641 0.13777837
0.4314102 0.7008599 -0.5680499 0.43078393 0.7006303 -0.56880796 0.5170459 0.1476197
0.4501309 0.48586717 -0.7492097 0.44937855 0.48620728 -0.7494407 0.5056823 0.10825443
0.43198904 0.5536193 -0.7119629 0.4312712 0.55375093 -0.7122957 0.5113641 0.11809574
0.41098106 0.61827785 -0.6699456 0.41032666 0.61821455 -0.670405 0.5170459 0.12793705
0.3875057 0.67861545 -0.62395555 0.38693824 0.6783868 -0.62455595 0.5227277 0.13777837
0.3620917 0.733668 -0.5749964 0.36162704 0.7333145 -0.5757394 0.52840954 0.1476197
0.39927223 0.45044094 -0.7985515 0.3986444 0.4508842 -0.7986153 0.5113641 0.098413125
0.38189727 0.52034897 -0.76380056 0.38129708 0.52056736 -0.7639517 0.5170459 0.10825443
0.3618034 0.5877793 -0.7236116 0.36125883 0.58777916 -0.72388387 0.5227277 0.11809574
0.33933404 0.6513503 -0.67867154 0.33886766 0.65115607 -0.679091 0.52840954 0.12793705
0.31497052 0.7099048 -0.6299434 0.31459996 0.70955557 -0.63052183 0.53409135 0.13777837
0.28928268 0.76261145 -0.57856655 0.28901526 0.7621553 -0.5793009 0.53977317 0.1476197
0.3452054 0.41167736 -0.84341866 0.34473506 0.41223902 -0.8433367 0.5170459 0.08857181
0.32833847 0.48304453 -0.811703 0.32789326 0.48337626 -0.8116855 0.5227277 0.098413125
0.308975 0.5526619 -0.77401507 0.308579 0.55275804 -0.7741045 0.52840954 0.10825443
0.2874087 0.6190385 -0.73088145 0.28708452 0.6189158 -0.73111266 0.53409135 0.11809574
0.26407072 0.6808473 -0.6831644 0.2638334 0.6805407 -0.6835615 0.53977317 0.12793705
0.23948765 0.73705465 -0.63197803 0.2393445 0.7366117 -0.63254833 0.545455 0.13777837
0.21422546 0.7869995 -0.5785665 0.21417451 0.7864735 -0.57930017 0.5511368 0.1476197
0.28891584 0.37026316 -0.882855 0.28862494 0.37094975 -0.88266194 0.5227277 0.0787305
0.2722515 0.44229543 -0.85454893 0.27198675 0.44275922 -0.85439306 0.52840954 0.08857181
0.25336584 0.5133701 -0.8199127 0.25314862 0.5135926 -0.8198406 0.53409135 0.098413125
0.23251577 0.5819465 -0.77927834 0.23236446 0.58193266 -0.7793339 0.53977317 0.10825443
0.21008725 0.64657235 -0.73335373 0.21001507 0.6463497 -0.7335706 0.545455 0.11809574
0.18656096 0.70603234 -0.68316424 0.186573 0.705644 -0.683562 0.5511368 0.12793705
0.16246265 0.75945866 -0.6299433 0.16255705 0.7589582 -0.6305218 0.5568186 0.13777837
0.13830942 0.8063807 -0.5749964 0.13847707 0.80582213 -0.57573843 0.5625004 0.1476197
0.23151587 0.32703587 -0.9162139 0.23140925 0.32784423 -0.9159519 0.52840954 0.068889186
0.21474291 0.39890555 -0.8914931 0.21467033 0.39950752 -0.891241 0.53409135 0.0787305
0.19604836 0.47061682 -0.8602818 0.19602582 0.47098464 -0.8600858 0.53977317 0.08857181
0.17566848 0.540645 -0.82270503 0.17571028 0.5407713 -0.82261306 0.545455 0.098413125
0.15395543 0.6074729 -0.77927816 0.15407032 0.60737336 -0.7793331 0.5511368 0.10825443
0.13134919 0.66974646 -0.7308811 0.13153948 0.6694566 -0.73111236 0.5568186 0.11809574
0.10833399 0.72640836 -0.67867124 0.10859634 0.7259767 -0.67909116 0.5625004 0.12793705
0.08538923 0.7767809 -0.62395525 0.08571362 0.7762627 -0.6245554 0.56818223 0.13777837
0.06294557 0.82058346 -0.5680498 0.063317254 0.82003015 -0.56880724 0.57386404 0.1476197
0.174138 0.2829023 -0.9432085 0.17420591 0.28381893 -0.9429206 0.53409135 0.059047874
0.15698028 0.3538161 -0.9220474 0.15709132 0.3545506 -0.92174625 0.53977317 0.068889186
0.13819681 0.4253214 -0.8944291 0.1383651 0.42583933 -0.8941566 0.545455 0.0787305
0.1180188 0.49597102 -0.86028165 0.118253544 0.49625465 -0.8600857 0.5511368 0.08857181
0.096778624 0.5642498 -0.8199123 0.09708442 0.5643025 -0.81983984 0.5568186 0.098413125
0.07488589 0.6287239 -0.7740145 0.07526236 0.62856966 -0.77410334 0.5625004 0.10825443
0.052789096 0.68818635 -0.72361094 0.05322933 0.6878657 -0.72388357 0.56818223 0.11809574
0.030931093 0.74176615 -0.669945 0.03142313 0.74132997 -0.67040473 0.57386404 0.12793705
0.009708233 0.7889788 -0.6143438 0.010236663 0.7884798 -0.6149756 0.57954586 0.13777837
-0.010558861 0.82971567 -0.5580865 -0.010010566 0.8291996 -0.5588629 0.58522767 0.1476197
0.117831334 0.2387507 -0.9639055 0.11805314 0.23975271 -0.9636297 0.53977317 0.049206562
0.10007908 0.30800882 -0.946105 0.10035582 0.30885935 -0.9457984 0.545455 0.059047874
0.08097058 0.37851384 -0.9220472 0.081311524 0.37917373 -0.92174613 0.5511368 0.068889186
0.06074335 0.44894448 -0.89149266 0.06115541 0.44938865 -0.8912407 0.5568186 0.0787305
0.039722715 0.5178506 -0.8545483 0.040207952 0.51807 -0.85439265 0.5625004 0.08857181
0.018299958 0.5837847 -0.81170225 0.018854506 0.5837912 -0.8116849 0.56818223 0.098413125
-0.003102267 0.6454458 -0.76379967 -0.0024879572 0.6452701 -0.7639504 0.57386404 0.10825443
-0.024070617 0.70180523 -0.71196204 -0.02341194 0.7014898 -0.7122948 0.57954586 0.11809574
-0.044239096 0.7521854 -0.6574648 -0.043554593 0.75177896 -0.6579753 0.58522767 0.12793705
-0.06331668 0.7962807 -0.6016047 -0.06262398 0.7958302 -0.6022729 0.5909095 0.13777837
-0.08110057 0.8341237 -0.54558265 -0.080415644 0.83366954 -0.5463776 0.5965913 0.1476197
0.063482314 0.19537695 -0.9786715 0.06382682 0.19643757 -0.97843677 0.545455 0.03936525
0.045008115 0.26241326 -0.9639054 0.04541776 0.26335424 -0.9636295 0.5511368 0.049206562
0.025407363 0.33122936 -0.9432081 0.025891438 0.33201116 -0.9429201 0.5568186 0.059047874
0.004929493 0.40066054 -0.91621333 0.0054908753 0.40125206 -0.91595125 0.5625004 0.068889186
-0.016098896 0.46937132 -0.88285404 -0.015459478 0.46975648 -0.8826607 0.56818223 0.0787305
-0.03729466 0.5359625 -0.8434175 -0.036583982 0.5361397 -0.8433361 0.57386404 0.08857181
-0.058250293 0.5991028 -0.79855037 -0.0574815 0.5990918 -0.7986143 0.57954586 0.098413125
-0.07857196 0.6576572 -0.74920857 -0.07776394 0.6574904 -0.74943924 0.58522767 0.10825443
-0.09791544 0.7107862 -0.6965598 -0.09708718 0.7105054 -0.6969621 0.5909095 0.11809574
-0.116012655 0.75799507 -0.64186025 -0.11518355 0.7576438 -0.64242417 0.5965913 0.12793705
-0.13268448 0.7991294 -0.5863335 -0.13187164 0.79874873 -0.5870353 0.6022731 0.13777837
-0.14783998 0.83432823 -0.5310741 -0.14705718 0.8339509 -0.5318837 0.6079549 0.1476197
0.011769241 0.15343364 -0.98808885 0.012204066 0.15452516 -0.9879135 0.55113673 0.029523939
-0.007471553 0.21783309 -0.97595745 -0.0069634127 0.21883422 -0.9757372 0.55681854 0.03936525
-0.027653439 0.28441307 -0.958303 -0.02706458 0.28528807 -0.9580597 0.56250036 0.049206562
-0.04851501 0.35217765 -0.93467486 -0.047842093 0.35289243 -0.93444 0.5681821 0.059047874
-0.06972525 0.41993803 -0.90487045 -0.068968244 0.42047113 -0.9046809 0.5738639 0.068889186
-0.09090315 0.48639312 -0.86899847 -0.09007232 0.48673508 -0.86889356 0.57954574 0.0787305
-0.111648135 0.5502409 -0.8275083 -0.11075726 0.550399 -0.82752275 0.58522755 0.08857181
-0.13157614 0.6102991 -0.78116757 -0.13064544 0.6102951 -0.78132683 0.5909094 0.098413125
-0.15035446 0.66561323 -0.7309941 -0.14940456 0.665479 -0.73131114 0.59659123 0.10825443
-0.16772799 0.71552646 -0.67815125 -0.16678135 0.71529955 -0.6786241 0.60227305 0.11809574
-0.1835324 0.75970316 -0.6238325 -0.182608 0.75942177 -0.62444603 0.60795486 0.12793705
-0.19769394 0.7981075 -0.56915873 -0.19680688 0.7978057 -0.56988865 0.6136367 0.13777837
-0.21021806 0.8309498 -0.51510286 -0.20937887 0.8306544 -0.51592034 0.6193185 0.1476197
-0.036847733 0.11340757 -0.992865 -0.036992267 0.11385189 -0.9928088 0.5568186 0.019682625
-0.056828436 0.17490287 -0.98294437 -0.056951925 0.1752813 -0.98286974 0.5625004 0.029523939
-0.07760664 0.23885271 -0.96794975 -0.07770584 0.23915814 -0.9678663 0.56818223 0.03936525
-0.09891274 0.30442724 -0.947386 -0.098987214 0.3046549 -0.9473051 0.57386404 0.049206562
-0.12041265 0.37059826 -0.9209548 -0.120461464 0.37074682 -0.9208886 0.57954586 0.059047874
-0.1417262 0.4361957 -0.88862085 -0.14175047 0.43626788 -0.88858163 0.5852276 0.068889186
-0.16245556 0.4999952 -0.8506544 -0.16245678 0.49999505 -0.8506543 0.5909094 0.0787305
-0.18221973 0.5608241 -0.80763376 -0.18219967 0.5607583 -0.807684 0.59659123 0.08857181
-0.2006885 0.61766607 -0.7604031 -0.20064916 0.61754304 -0.7605134 0.60227305 0.098413125
-0.21760923 0.66974354 -0.7099929 -0.21755336 0.6695733 -0.71017057 0.60795486 0.10825444
-0.23282152 0.71656305 -0.6575192 -0.23275472 0.7163556 -0.65776885 0.6136367 0.11809575
-0.24625856 0.75791866 -0.60408276 -0.2461839 0.75768566 -0.6044056 0.6193185 0.12793706
-0.25793654 0.7938604 -0.5506853 -0.2578571 0.79361314 -0.55107903 0.62500036 0.13777839
-0.26793733 0.8246402 -0.49817488 -0.2678559 0.8243901 -0.49863225 0.6306822 0.1476197
-0.26793733 0.8246402 -0.49817488 -0.2678559 0.8243901 -0.49863225 0.6420458 0.1476197
-0.25793654 0.7938604 -0.5506853 -0.2578571 0.79361314 -0.55107903 0.6477276 0.13777839
-0.31834275 0.79581815 -0.51510334 -0.31884822 0.795085 -0.5159221 0.6534094 0.1476197
-0.24625856 0.75791866 -0.60408276 -0.2461839 0.75768566 -0.6044056 0.6534094 0.12793706
-0.30917102 0.7618862 -0.5691596 -0.30971137 0.7611207 -0.56988966 0.65909123 0.13777837
-0.23282152 0.71656305 -0.6575192 -0.23275472 0.7163556 -0.65776885 0.65909123 0.11809575
-0.29805475 0.722492 -0.62383384 -0.29863778 0.72172135 -0.6244468 0.66477305 0.12793706
-0.21760923 0.66974354 -0.7099929 -0.21755336 0.6695733 -0.71017057 0.66477305 0.10825444
-0.2848748 0.67746216 -0.67815286 -0.28550744 0.67672294 -0.6786248 0.67045486 0.118095756
-0.2006885 0.61766607 -0.7604031 -0.20064916 0.61754304 -0.7605134 0.67045486 0.098413125
-0.26959243 0.62686914 -0.73099595 -0.27028185 0.62620217 -0.7313129 0.6761367 0.10825443
-0.18221973 0.5608241 -0.80763376 -0.18219967 0.5607583 -0.807684 0.6761367 0.08857181
-0.25227204 0.5710808 -0.78116924 -0.25302228 0.5705296 -0.78132945 0.6818185 0.098413125
-0.16245556 0.4999952 -0.8506544 -0.16245678 0.49999505 -0.8506543 0.6818185 0.0787305
-0.23309326 0.5107788 -0.82750976 -0.23390672 0.51038384 -0.8275241 0.6875003 0.08857181
-0.1417262 0.4361957 -0.88862085 -0.14175047 0.43626788 -0.88858163 0.6875003 0.068889186
-0.21234816 0.44693103 -0.8689999 -0.2132204 0.44672012 -0.86889493 0.6931821 0.0787305
-0.12041265 0.37059826 -0.9209548 -0.120461464 0.37074682 -0.9208886 0.6931821 0.059047874
-0.19042075 0.38071945 -0.9048715 -0.19134596 0.3807065 -0.904682 0.69886386 0.068889186
-0.09891274 0.30442724 -0.947386 -0.098987214 0.3046549 -0.9473051 0.6988639 0.049206562
-0.16775237 0.3134331 -0.9346758 -0.168718 0.31361556 -0.93444073 0.7045457 0.059047874
-0.07760664 0.23885271 -0.96794975 -0.07770584 0.23915814 -0.9678663 0.70454574 0.03936525
-0.14479941 0.24634832 -0.9583035 -0.14579032 0.24670972 -0.9580603 0.71022755 0.049206562
-0.056828436 0.17490287 -0.98294437 -0.056951925 0.1752813 -0.98286974 0.71022755 0.029523939
-0.12199293 0.1806216 -0.97595775 -0.122992836 0.18113331 -0.97573745 0.71590936 0.03936525
-0.036847733 0.11340757 -0.992865 -0.036992267 0.11385189 -0.9928088 0.71590936 0.019682625
-0.0997068 0.11721221 -0.988089 -0.10070021 0.11783938 -0.98791367 0.7215912 0.029523939
-0.0782389 0.056843586 -0.99531275 -0.07921169 0.057550255 -0.99519527 0.727273 0.019682625
-0.37079448 0.7618866 -0.53107464 -0.3712054 0.76112086 -0.53188497 0.66477305 0.1476197
-0.36236662 0.7245015 -0.58633435 -0.3628 0.7237157 -0.58703643 0.67045486 0.13777837
-0.42466867 0.7224928 -0.54558295 -0.42495626 0.7217223 -0.54637825 0.6761367 0.1476197
-0.3516766 0.6814231 -0.6418614 -0.35214114 0.68065196 -0.6424247 0.6761366 0.12793708
-0.416813 0.6814235 -0.60160536 -0.4171091 0.680652 -0.60227305 0.6818184 0.13777839
-0.47914815 0.67746323 -0.5580866 -0.4792875 0.6767237 -0.5588636 0.68750024 0.1476197
-0.33856934 0.6325925 -0.6965612 -0.3390746 0.6318786 -0.69696337 0.6818185 0.11809575
-0.40632907 0.6345357 -0.65746576 -0.40664428 0.6338045 -0.65797585 0.6875003 0.12793706
-0.47160056 0.63259315 -0.61434424 -0.47173464 0.6318786 -0.6149763 0.6931821 0.13777837
-0.5332478 0.62687033 -0.56804967 -0.533223 0.6262034 -0.5688081 0.6988639 0.1476197
-0.3229906 0.5782399 -0.74921006 -0.32354566 0.57763 -0.7494411 0.6875003 0.10825443
-0.39303353 0.581922 -0.71196306 -0.39338076 0.58128005 -0.7122957 0.6931821 0.11809574
-0.46101987 0.5819223 -0.6699456 -0.4611621 0.58128035 -0.670405 0.698864 0.12793705
-0.52565914 0.5782407 -0.6239552 -0.5256172 0.5776306 -0.6245555 0.70454574 0.13777837
-0.58587116 0.5710822 -0.57499576 -0.585679 0.5705309 -0.57573843 0.71022755 0.1476197
-0.3050143 0.5189232 -0.7985518 -0.3056284 0.5184633 -0.7986159 0.6931821 0.098413125
-0.37687066 0.524001 -0.76380074 -0.3772646 0.5234976 -0.76395136 0.6988639 0.10825443
-0.4472106 0.5257271 -0.72361153 -0.44737914 0.52520853 -0.7238839 0.70454574 0.11809574
-0.5146143 0.5240014 -0.6786713 -0.51457316 0.52349836 -0.6790905 0.71022755 0.12793705
-0.57783216 0.51892406 -0.6299427 -0.57761514 0.5184636 -0.6305206 0.71590936 0.13777837
-0.6358975 0.5107801 -0.5785654 -0.6355467 0.51038474 -0.57929957 0.7215912 0.1476197
-0.28485543 0.45552388 -0.8434189 -0.2855335 0.45525083 -0.84333706 0.6988639 0.08857181
-0.35794243 0.46153572 -0.8117032 -0.35839567 0.46121442 -0.8116858 0.70454574 0.098413125
-0.43013665 0.46463233 -0.77401495 -0.43035147 0.46428528 -0.774104 0.7102275 0.10825443
-0.4999295 0.46463254 -0.73088104 -0.4999134 0.46428564 -0.73111254 0.7159093 0.11809574
-0.5659255 0.46153623 -0.6831637 -0.5657073 0.46121484 -0.6835613 0.7215911 0.12793705
-0.62697875 0.45552474 -0.63197684 -0.62660193 0.45525178 -0.6325472 0.72727287 0.13777837
-0.68228585 0.44693223 -0.57856506 -0.6818012 0.44672126 -0.57929903 0.73295474 0.1476197
-0.26286247 0.38919166 -0.88285524 -0.26360455 0.3891271 -0.8826623 0.7045457 0.0787305
-0.33651933 0.39560166 -0.85454905 -0.33704177 0.39549366 -0.85439324 0.7102275 0.08857181
-0.40995196 0.39960313 -0.8199126 -0.41023082 0.39946577 -0.8198402 0.7159093 0.098413125
-0.48161557 0.4009643 -0.7792779 -0.48164964 0.40081695 -0.7793328 0.7215911 0.10825443
-0.5500096 0.39960343 -0.7333529 -0.54982024 0.39946604 -0.73356974 0.7272729 0.11809574
-0.6138298 0.39560223 -0.6831631 -0.6134563 0.39549482 -0.6835608 0.73295474 0.12793705
-0.6720884 0.3891925 -0.62994176 -0.6715835 0.38912824 -0.6305196 0.7386365 0.13777837
-0.7241777 0.3807205 -0.5749943 -0.7235946 0.38070732 -0.57573676 0.74431837 0.1476197
-0.23948826 0.3212432 -0.91621405 -0.24028996 0.32139122 -0.9159522 0.7102275 0.068889186
-0.31302404 0.3274997 -0.89149314 -0.3136187 0.32761613 -0.8912413 0.7159093 0.0787305
-0.387003 0.33187965 -0.8602817 -0.38735983 0.33197144 -0.8600858 0.7215911 0.08857181
-0.45990205 0.33413664 -0.8227046 -0.4600096 0.33421472 -0.82261276 0.7272729 0.098413125
-0.5301693 0.33413672 -0.7792773 -0.5300391 0.33421475 -0.77933246 0.73295474 0.10825443
-0.596381 0.33187994 -0.73087996 -0.5960456 0.3319718 -0.73111176 0.73863655 0.11809574
-0.6573821 0.32750016 -0.67866975 -0.65689063 0.32761648 -0.67908925 0.74431837 0.12793705
-0.7123797 0.32124385 -0.6239532 -0.7117872 0.32139215 -0.6245528 0.7500002 0.13777837
-0.76097393 0.31343395 -0.5680472 -0.76033205 0.3136169 -0.5688054 0.755682 0.1476197
-0.21524523 0.25303558 -0.9432085 -0.21609655 0.2533837 -0.94292057 0.71590936 0.059047874
-0.28799075 0.2586308 -0.92204744 -0.28865418 0.2589645 -0.92174625 0.7215912 0.068889186
-0.36180118 0.26286253 -0.89442897 -0.36224252 0.26318267 -0.8941562 0.727273 0.0787305
-0.43522874 0.26550356 -0.8602813 -0.43542585 0.26581433 -0.8600855 0.7329548 0.08857181
-0.5067297 0.26640177 -0.8199116 -0.5066855 0.26670942 -0.81983906 0.7386366 0.098413125
-0.57481396 0.26550367 -0.77401334 -0.57455033 0.26581463 -0.77410245 0.7443184 0.10825443
-0.6381947 0.2628628 -0.72360945 -0.63775367 0.26318267 -0.723882 0.75000024 0.11809574
-0.69590676 0.2586312 -0.6699431 -0.6953404 0.25896436 -0.67040235 0.75568205 0.12793705
-0.747367 0.25303614 -0.6143414 -0.74672914 0.25338477 -0.61497295 0.76136386 0.13777837
-0.792373 0.24634896 -0.5580836 -0.7917124 0.24671054 -0.55886084 0.7670457 0.1476197
-0.19065422 0.18584134 -0.9639056 -0.1915391 0.1863621 -0.9636296 0.7215912 0.049206562
-0.2620088 0.19035947 -0.946105 -0.26273164 0.19088541 -0.94579864 0.727273 0.059047874
-0.3349683 0.19397302 -0.9220471 -0.33549112 0.19450139 -0.9217456 0.7329548 0.068889186
-0.4082028 0.19649959 -0.8914922 -0.4084972 0.19702932 -0.8912404 0.7386366 0.0787305
-0.48023263 0.19780052 -0.8545476 -0.48029092 0.19833094 -0.854392 0.7443184 0.08857181
-0.54956007 0.19780055 -0.8117011 -0.5493946 0.19833118 -0.8116837 0.7500003 0.098413125
-0.61481726 0.19649974 -0.7637982 -0.6144603 0.1970301 -0.76394874 0.7556821 0.10825443
-0.674898 0.19397323 -0.71196 -0.6743947 0.1945016 -0.7122927 0.7613639 0.11809574
-0.72904485 0.19035977 -0.65746236 -0.72844744 0.19088492 -0.65797216 0.76704574 0.12793705
-0.77687716 0.1858417 -0.6016018 -0.7762351 0.18636148 -0.60226953 0.7727275 0.13777837
-0.8183635 0.18062201 -0.5455793 -0.81771934 0.18113376 -0.5463751 0.7784093 0.1476197
-0.16619797 0.120749235 -0.9786715 -0.16710004 0.12140474 -0.97843677 0.727273 0.03936525
-0.23566248 0.123894215 -0.96390533 -0.23643015 0.1245747 -0.96362966 0.7329548 0.049206562
-0.30716783 0.12651774 -0.9432079 -0.30776203 0.12721892 -0.94291985 0.7386366 0.059047874
-0.37952918 0.12849714 -0.91621286 -0.37991816 0.12921432 -0.9159509 0.7443184 0.068889186
-0.4513756 0.12973034 -0.88285345 -0.45154333 0.13045725 -0.8826605 0.75000024 0.0787305
-0.5212578 0.13014936 -0.8434165 -0.52120703 0.13087937 -0.843335 0.7556821 0.08857181
-0.58778375 0.12973039 -0.798549 -0.587536 0.13045673 -0.79861295 0.7613639 0.098413125
-0.64975214 0.12849723 -0.7492066 -0.64934427 0.12921399 -0.74943703 0.76704574 0.10825443
-0.7062585 0.12651788 -0.6965574 -0.70573545 0.12721887 -0.6969598 0.77272755 0.11809574
-0.7567491 0.12389437 -0.6418574 -0.756159 0.12457448 -0.642421 0.77840936 0.12793705
-0.80102205 0.12074944 -0.5863303 -0.8004088 0.12140523 -0.58703214 0.7840911 0.13777837
-0.8391813 0.11721245 -0.5310706 -0.83857965 0.117840715 -0.5318814 0.7897729 0.1476197
-0.14228764 0.058606103 -0.98808885 -0.14319128 0.059356913 -0.9879135 0.7329548 0.029523939
-0.20948115 0.060207184 -0.97595733 -0.2102764 0.060999654 -0.97573715 0.7386367 0.03936525
-0.27903935 0.06158705 -0.95830274 -0.27968863 0.062417656 -0.95805967 0.7443185 0.049206562
-0.34993428 0.062686555 -0.9346745 -0.3504064 0.06354829 -0.93443936 0.7500003 0.059047874
-0.4209329 0.063453145 -0.90486974 -0.42120576 0.06433689 -0.9046804 0.7556821 0.068889186
-0.4906801 0.06384714 -0.86899745 -0.49074912 0.06474243 -0.86889225 0.761364 0.0787305
-0.5578137 0.06384715 -0.8275067 -0.55768865 0.06474245 -0.82752156 0.7670458 0.08857181
-0.6210909 0.06345317 -0.78116566 -0.6207999 0.06433638 -0.78132474 0.7727276 0.098413125
-0.67950076 0.06268659 -0.73099184 -0.6790794 0.06354824 -0.73130894 0.7784094 0.10825443
-0.7323398 0.061587106 -0.6781485 -0.73183185 0.06241754 -0.6786209 0.78409123 0.11809574
-0.7792381 0.060207263 -0.6238294 -0.7786854 0.06100001 -0.6244423 0.789773 0.12793705
-0.82013875 0.05860619 -0.56915516 -0.81957805 0.059357304 -0.56988466 0.79545474 0.13777837
-0.85524374 0.056843683 -0.515099 -0.8547032 0.057549994 -0.51591724 0.80113655 0.1476197
-0.11924498 0 -0.9928649 -0.11971179 -3.0871725e-08 -0.99280876 0.7386366 0.019682625
-0.18390556 0 -0.9829439 -0.1843037 9.737559e-08 -0.98286945 0.7443184 0.029523939
-0.25114697 0 -0.96794903 -0.25146726 -2.2089938e-07 -0.9678659 0.75000024 0.03936525
-0.32009664 0 -0.94738495 -0.32033607 8.4923286e-08 -0.94730407 0.75568205 0.049206562
-0.38967335 0 -0.9209531 -0.38983044 9.799527e-08 -0.9208867 0.76136386 0.059047874
-0.45864686 0 -0.8886186 -0.45872286 -1.829327e-07 -0.8885794 0.7670457 0.068889186
-0.5257297 0 -0.8506516 -0.5257295 3.8606515e-08 -0.8506518 0.7727275 0.0787305
-0.589689 0 -0.8076305 -0.5896201 8.9684534e-08 -0.8076807 0.7784093 0.08857181
-0.6494559 0 -0.76039916 -0.6493269 7.1269284e-08 -0.76050943 0.7840911 0.098413125
-0.7042132 0 -0.70998865 -0.7040334 3.2840967e-07 -0.71016693 0.7897729 0.10825444
-0.7534416 0 -0.65751475 -0.7532233 6.163804e-07 -0.6577649 0.79545474 0.11809575
-0.79692507 0 -0.6040783 -0.79668045 2.6006407e-07 -0.6044007 0.80113655 0.12793706
-0.8347159 0 -0.5506808 -0.8344568 1.0686365e-07 -0.5510735 0.80681837 0.13777839
-0.8670791 0 -0.4981704 -0.8668164 -1.9826861e-07 -0.4986275 0.8125002 0.1476197
-0.8670791 0 -0.4981704 -0.8668164 -1.9826861e-07 -0.4986275 0.8238638 0.1476197
-0.8347159 0 -0.5506808 -0.8344568 1.0686365e-07 -0.5510735 0.8295456 0.13777839
-0.8552437 -0.0568437 -0.51509905 -0.854703 -0.057550274 -0.51591736 0.83522743 0.1476197
-0.79692507 0 -0.6040783 -0.79668045 2.6006407e-07 -0.6044007 0.83522743 0.12793706
-0.8201387 -0.058606252 -0.56915534 -0.8195782 -0.05935698 -0.5698847 0.84090924 0.13777837
-0.7534416 0 -0.65751475 -0.7532233 6.163804e-07 -0.6577649 0.84090924 0.11809575
-0.7792379 -0.06020737 -0.6238296 -0.77868515 -0.061000552 -0.62444264 0.84659106 0.12793706
-0.7042132 0 -0.70998865 -0.7040334 3.2840967e-07 -0.71016693 0.84659106 0.10825444
-0.7323396 -0.061587278 -0.6781488 -0.7318317 -0.06241745 -0.67862093 0.85227287 0.118095756
-0.6494559 0 -0.76039916 -0.6493269 7.1269284e-08 -0.76050943 0.85227287 0.098413125
-0.67950046 -0.06268682 -0.7309921 -0.6790785 -0.06354791 -0.7313098 0.8579547 0.10825443
-0.589689 0 -0.8076305 -0.5896201 8.9684534e-08 -0.8076807 0.8579547 0.08857181
-0.62109053 -0.06345345 -0.7811659 -0.6207992 -0.06433691 -0.7813252 0.8636365 0.098413125
-0.5257297 0 -0.8506516 -0.5257295 3.8606515e-08 -0.8506518 0.8636365 0.0787305
-0.5578134 -0.06384751 -0.82750696 -0.5576885 -0.06474303 -0.82752156 0.8693183 0.08857181
-0.45864686 0 -0.8886186 -0.45872286 -1.829327e-07 -0.8885794 0.8693183 0.068889186
-0.4906798 -0.06384756 -0.8689976 -0.49074858 -0.06474287 -0.8688926 0.8750001 0.0787305
-0.38967335 0 -0.9209531 -0.38983044 9.799527e-08 -0.9208867 0.8750001 0.059047874
-0.42093256 -0.06345361 -0.90486985 -0.42120665 -0.06433725 -0.90468 0.8806819 0.068889186
-0.32009664 0 -0.94738495 -0.32033607 8.4923286e-08 -0.94730407 0.88068193 0.049206562
-0.34993404 -0.06268707 -0.9346746 -0.35040623 -0.06354812 -0.9344395 0.8863637 0.059047874
-0.25114697 0 -0.96794903 -0.25146726 -2.2089938e-07 -0.9678659 0.88636374 0.03936525
-0.27903914 -0.06158759 -0.95830274 -0.2796885 -0.062418047 -0.9580597 0.89204556 0.049206562
-0.18390556 0 -0.9829439 -0.1843037 9.737559e-08 -0.98286945 0.89204556 0.029523939
-0.20948108 -0.06020777 -0.97595733 -0.21027695 -0.06100059 -0.9757369 0.8977274 0.03936525
-0.11924498 0 -0.9928649 -0.11971179 -3.0871725e-08 -0.99280876 0.8977274 0.019682625
-0.14228764 -0.05860669 -0.98808885 -0.14319167 -0.05935807 -0.98791337 0.9034092 0.029523939
-0.07823899 -0.056844182 -0.9953127 -0.07921203 -0.05755114 -0.9951952 0.909091 0.019682625
-0.8391812 -0.1172125 -0.5310707 -0.8385802 -0.117839985 -0.5318807 0.84659106 0.1476197
-0.80102205 -0.12074959 -0.5863304 -0.80040836 -0.12140578 -0.58703244 0.85227287 0.13777837
-0.8183634 -0.18062209 -0.5455794 -0.8177195 -0.18113367 -0.54637474 0.8579547 0.1476197
-0.7567489 -0.12389462 -0.64185745 -0.7561588 -0.12457603 -0.64242095 0.8579546 0.12793708
-0.7768771 -0.18584195 -0.6016018 -0.7762347 -0.18636197 -0.6022698 0.8636364 0.13777839
-0.79237294 -0.2463491 -0.5580836 -0.79171276 -0.24670988 -0.5588608 0.86931825 0.1476197
-0.7062583 -0.12651825 -0.6965576 -0.7057353 -0.1272192 -0.69695985 0.8636365 0.11809575
-0.72904474 -0.1903602 -0.6574624 -0.72844726 -0.19088614 -0.65797204 0.8693183 0.12793706
-0.74736685 -0.25303647 -0.6143413 -0.74672896 -0.25338507 -0.6149731 0.8750001 0.13777837
-0.76097393 -0.31343412 -0.5680473 -0.7603321 -0.31361693 -0.56880546 0.88068193 0.1476197
-0.64975196 -0.1284977 -0.7492068 -0.6493434 -0.12921444 -0.7494377 0.86931825 0.10825443
-0.6748978 -0.19397381 -0.7119601 -0.67439413 -0.19450283 -0.71229297 0.87500006 0.11809574
-0.6959066 -0.25863174 -0.669943 -0.69534 -0.25896516 -0.67040247 0.8806819 0.12793705
-0.7123796 -0.3212443 -0.62395316 -0.7117865 -0.32139242 -0.62455344 0.8863636 0.13777837
-0.7241777 -0.38072073 -0.57499427 -0.7235944 -0.3807077 -0.5757367 0.8920455 0.1476197
-0.58778346 -0.12973101 -0.798549 -0.587536 -0.13045791 -0.7986127 0.8750001 0.098413125
-0.614817 -0.19650054 -0.76379806 -0.6144603 -0.19703072 -0.7639487 0.8806819 0.10825443
-0.6381945 -0.26286364 -0.7236092 -0.6377541 -0.2631835 -0.7238813 0.8863637 0.11809574
-0.6573819 -0.3275009 -0.67866945 -0.65689045 -0.3276167 -0.6790893 0.8920455 0.12793705
-0.6720882 -0.38919303 -0.62994146 -0.67158294 -0.38912874 -0.6305199 0.89772725 0.13777837
-0.68228585 -0.44693255 -0.5785648 -0.6818015 -0.44672078 -0.5792989 0.9034091 0.1476197
-0.52125764 -0.13015012 -0.8434166 -0.5212068 -0.13088001 -0.843335 0.88068193 0.08857181
-0.5495599 -0.19780155 -0.811701 -0.5493945 -0.1983317 -0.8116836 0.88636374 0.098413125
-0.57481384 -0.26550478 -0.77401316 -0.57455087 -0.26581562 -0.7741017 0.8920455 0.10825443
-0.59638083 -0.331881 -0.7308796 -0.5960462 -0.3319727 -0.7311109 0.8977273 0.11809574
-0.6138297 -0.3956031 -0.68316275 -0.6134571 -0.39549497 -0.6835599 0.9034091 0.12793705
-0.6269787 -0.45552537 -0.6319765 -0.6266022 -0.45525178 -0.63254696 0.9090909 0.13777837
-0.63589746 -0.51078045 -0.5785653 -0.6355466 -0.510385 -0.5792993 0.91477275 0.1476197
-0.45137537 -0.1297312 -0.8828533 -0.4515438 -0.13045765 -0.8826602 0.8863637 0.0787305
-0.4802325 -0.19780168 -0.8545474 -0.48029098 -0.19833179 -0.85439175 0.8920455 0.08857181
-0.50672966 -0.2664031 -0.81991124 -0.50668454 -0.26671112 -0.819839 0.8977273 0.098413125
-0.5301691 -0.33413804 -0.77927685 -0.5300386 -0.33421618 -0.7793322 0.9034091 0.10825443
-0.5500095 -0.39960468 -0.73335236 -0.5498202 -0.39946684 -0.7335694 0.90909094 0.11809574
-0.56592536 -0.46153727 -0.68316317 -0.5657076 -0.461216 -0.6835604 0.91477275 0.12793705
-0.57783204 -0.5189248 -0.6299423 -0.5776147 -0.5184644 -0.63052046 0.9204545 0.13777837
-0.5858712 -0.5710825 -0.57499546 -0.5856787 -0.5705322 -0.57573736 0.9261364 0.1476197
-0.3795291 -0.12849809 -0.91621286 -0.37991795 -0.12921542 -0.9159507 0.8920455 0.068889186
-0.40820277 -0.19650094 -0.891492 -0.40849727 -0.19703105 -0.89124 0.8977274 0.0787305
-0.43522868 -0.26550508 -0.86028075 -0.43542597 -0.2658165 -0.8600849 0.9034092 0.08857181
-0.45990187 -0.3341382 -0.82270396 -0.4600092 -0.3342161 -0.8226124 0.90909106 0.098413125
-0.48161548 -0.4009659 -0.7792772 -0.48164922 -0.40081736 -0.77933276 0.91477287 0.10825443
-0.49992943 -0.46463394 -0.73088026 -0.49991304 -0.46428743 -0.7311116 0.9204547 0.11809574
-0.5146141 -0.5240025 -0.6786706 -0.51457274 -0.5234993 -0.67909014 0.9261365 0.12793705
-0.52565914 -0.57824147 -0.62395465 -0.5256169 -0.5776314 -0.62455493 0.93181825 0.13777837
-0.5332478 -0.62687063 -0.56804925 -0.5332234 -0.62620395 -0.568807 0.93750006 0.1476197
-0.30716774 -0.12651877 -0.94320786 -0.30776113 -0.12722045 -0.94291997 0.8977273 0.059047874
-0.33496827 -0.19397447 -0.92204666 -0.33549055 -0.1945037 -0.92174536 0.9034091 0.068889186
-0.36180124 -0.26286426 -0.8944284 -0.3622421 -0.26318464 -0.89415574 0.90909094 0.0787305
-0.387003 -0.33188152 -0.860281 -0.38735986 -0.331973 -0.86008507 0.91477275 0.08857181
-0.40995193 -0.39960504 -0.8199117 -0.4102307 -0.3994671 -0.81983954 0.9204546 0.098413125
-0.43013665 -0.46463412 -0.774014 -0.43035057 -0.4642875 -0.77410305 0.92613643 0.10825443
-0.44721052 -0.5257286 -0.7236106 -0.4473786 -0.5252108 -0.72388256 0.93181825 0.11809574
-0.46101978 -0.58192337 -0.66994464 -0.46116143 -0.58128154 -0.6704044 0.93750006 0.12793705
-0.47160053 -0.6325939 -0.6143435 -0.471734 -0.6318797 -0.6149757 0.9431819 0.13777837
-0.47914815 -0.6774636 -0.5580862 -0.47928762 -0.6767241 -0.5588631 0.9488637 0.1476197
-0.23566253 -0.12389533 -0.96390516 -0.23642996 -0.1245756 -0.9636296 0.9034092 0.049206562
-0.26200897 -0.19036108 -0.94610465 -0.26273346 -0.19088668 -0.94579774 0.909091 0.059047874
-0.287991 -0.25863275 -0.9220468 -0.28865612 -0.25896648 -0.9217452 0.9147728 0.068889186
-0.31302422 -0.3275018 -0.8914922 -0.3136189 -0.32761836 -0.8912405 0.9204546 0.0787305
-0.33651954 -0.3956039 -0.8545479 -0.33704162 -0.39549556 -0.85439235 0.92613643 0.08857181
-0.3579426 -0.4615379 -0.81170183 -0.35839573 -0.4612171 -0.81168437 0.93181825 0.098413125
-0.37687075 -0.5240029 -0.7637993 -0.3772642 -0.52349955 -0.7639502 0.93750006 0.10825443
-0.39303362 -0.58192366 -0.7119616 -0.39338133 -0.5812819 -0.7122938 0.9431819 0.11809574
-0.40632907 -0.63453686 -0.6574645 -0.40664437 -0.6338056 -0.6579748 0.9488636 0.12793705
-0.416813 -0.6814242 -0.60160446 -0.41710904 -0.68065274 -0.60227233 0.9545454 0.13777837
-0.42466864 -0.72249305 -0.5455825 -0.42495593 -0.7217226 -0.54637814 0.96022725 0.1476197
-0.1661981 -0.12075036 -0.97867125 -0.16709964 -0.121405974 -0.97843665 0.909091 0.03936525
-0.19065453 -0.18584299 -0.9639052 -0.191539 -0.18636255 -0.9636296 0.9147728 0.049206562
-0.21524566 -0.25303766 -0.94320804 -0.2160964 -0.25338587 -0.9429199 0.9204546 0.059047874
-0.23948868 -0.32124546 -0.91621315 -0.24029091 -0.32139456 -0.9159508 0.92613643 0.068889186
-0.26286286 -0.389194 -0.8828539 -0.26360637 -0.3891291 -0.882661 0.93181825 0.0787305
-0.28485584 -0.45552623 -0.84341747 -0.28553447 -0.45525268 -0.8433357 0.9375001 0.08857181
-0.3050146 -0.5189253 -0.79855025 -0.30562878 -0.5184645 -0.7986148 0.94318193 0.098413125
-0.3229909 -0.5782418 -0.74920857 -0.32354644 -0.57763165 -0.74943936 0.94886374 0.10825443
-0.33856952 -0.63259405 -0.6965597 -0.33907524 -0.6318797 -0.696962 0.95454556 0.11809574
-0.3516767 -0.6814242 -0.6418602 -0.35214204 -0.6806522 -0.642424 0.9602274 0.12793705
-0.36236668 -0.7245022 -0.5863335 -0.3628009 -0.7237161 -0.5870355 0.9659091 0.13777837
-0.37079453 -0.7618869 -0.5310741 -0.37120557 -0.76112115 -0.53188443 0.97159094 0.1476197
-0.099707045 -0.11721337 -0.9880888 -0.10070058 -0.117840566 -0.98791355 0.9147728 0.029523939
-0.12199335 -0.18062328 -0.9759574 -0.12299355 -0.18113412 -0.97573715 0.9204546 0.03936525
-0.14479996 -0.24635045 -0.9583029 -0.14578982 -0.24671155 -0.9580599 0.92613643 0.049206562
-0.16775298 -0.31343555 -0.9346749 -0.16871758 -0.31361845 -0.93443996 0.93181825 0.059047874
-0.19042142 -0.3807221 -0.90487033 -0.19134694 -0.38070896 -0.9046806 0.93750006 0.068889186
-0.21234883 -0.44693372 -0.8689984 -0.21322162 -0.44672248 -0.8688933 0.9431819 0.0787305
-0.23309386 -0.51078135 -0.82750803 -0.23390694 -0.51038575 -0.8275228 0.9488637 0.08857181
-0.25227258 -0.5710832 -0.7811675 -0.25302243 -0.57053185 -0.7813279 0.9545455 0.098413125
-0.26959288 -0.62687105 -0.7309941 -0.27028215 -0.6262045 -0.73131084 0.9602273 0.10825443
-0.2848751 -0.6774637 -0.67815125 -0.28550768 -0.67672396 -0.6786236 0.9659091 0.11809574
-0.29805496 -0.7224931 -0.6238325 -0.29863763 -0.7217224 -0.62444574 0.971591 0.12793705
-0.3091711 -0.76188695 -0.5691587 -0.30971184 -0.7611217 -0.569888 0.97727275 0.13777837
-0.31834278 -0.79581845 -0.51510286 -0.31884828 -0.7950858 -0.515921 0.98295456 0.1476197
-0.036847733 -0.11340757 -0.992865 -0.036992867 -0.113851644 -0.9928088 0.9204546 0.019682625
-0.056828436 -0.17490287 -0.98294437 -0.05695197 -0.17528087 -0.9828699 0.92613643 0.029523939
-0.07760664 -0.23885271 -0.96794975 -0.07770539 -0.23915832 -0.9678663 0.93181825 0.03936525
-0.09891274 -0.30442724 -0.947386 -0.09898559 -0.30465508 -0.9473052 0.93750006 0.049206562
-0.12041265 -0.37059826 -0.9209548 -0.120461166 -0.37074697 -0.9208886 0.9431819 0.059047874
-0.1417262 -0.4361957 -0.88862085 -0.1417496 -0.4362681 -0.88858163 0.9488637 0.068889186
-0.16245556 -0.4999952 -0.8506544 -0.1624561 -0.49999556 -0.85065424 0.9545455 0.0787305
-0.18221973 -0.5608241 -0.80763376 -0.18219894 -0.56075794 -0.8076844 0.9602273 0.08857181
-0.2006885 -0.61766607 -0.7604031 -0.20064825 -0.61754334 -0.7605133 0.9659091 0.098413125
-0.21760923 -0.66974354 -0.7099929 -0.21755438 -0.6695731 -0.7101703 0.97159094 0.10825444
-0.23282152 -0.71656305 -0.6575192 -0.23275402 -0.7163561 -0.6577686 0.97727275 0.11809575
-0.24625856 -0.75791866 -0.60408276 -0.24618246 -0.7576867 -0.6044049 0.98295456 0.12793706
-0.25793654 -0.7938604 -0.5506853 -0.25785574 -0.79361373 -0.5510788 0.9886364 0.13777839
-0.26793733 -0.8246402 -0.49817488 -0.26785573 -0.8243899 -0.4986328 0.9943182 0.1476197
0.7014827 0.50965106 -0.49817458 0.7012702 0.50949675 -0.49863127 0.44886416 0.1476197
0.7253194 0.45670667 -0.5151028 0.7252984 0.4558166 -0.5159201 0.43750054 0.1476197
0.7478084 0.39842597 -0.53107387 0.7476906 0.39756557 -0.5318838 0.4261369 0.14761968
0.7682375 0.33489037 -0.54558206 0.76801693 0.33409756 -0.54637796 0.4147733 0.1476197
0.7858438 0.26643965 -0.55808556 0.785522 0.2657594 -0.55886245 0.40340972 0.14761968
0.7998729 0.1937115 -0.5680486 0.7994614 0.19318613 -0.5688063 0.39204603 0.14761968
0.8096541 0.11764812 -0.5749949 0.80917484 0.117315866 -0.575737 0.3806824 0.1476197
0.8146812 0.039459422 -0.578565 0.81416523 0.039345995 -0.57929856 0.36931878 0.14761968
0.81468135 -0.03945974 -0.57856494 0.8141654 -0.039345484 -0.5792984 0.35795516 0.1476197
0.80965424 -0.11764843 -0.5749948 0.8091747 -0.11731653 -0.575737 0.34659153 0.14761971
0.79987305 -0.19371182 -0.5680484 0.7994615 -0.19318682 -0.56880605 0.3352279 0.14761971
0.78584397 -0.26643994 -0.5580852 0.7855219 -0.26576003 -0.55886215 0.3238643 0.1476197
0.7682376 -0.33489057 -0.5455816 0.76801735 -0.33409804 -0.54637706 0.3125007 0.14761971
0.7478086 -0.39842626 -0.5310734 0.7476912 -0.397565 -0.5318834 0.30113703 0.14761968
0.72531956 -0.45670688 -0.51510227 0.72529817 -0.4558171 -0.51592004 0.2897734 0.14761968
0.6752999 0.49062833 -0.55068505 0.6750899 0.49047592 -0.5510781 0.44318235 0.13777837
0.6979545 0.43464652 -0.5691591 0.69794214 0.43370867 -0.5698891 0.43181872 0.13777837
0.6447259 0.46841532 -0.60408247 0.64452744 0.4682716 -0.6044057 0.43750057 0.12793705
0.71901536 0.37313506 -0.5863336 0.7189047 0.37224302 -0.587036 0.4204551 0.13777837
0.66580564 0.40931037 -0.6238333 0.6658242 0.4083433 -0.624447 0.4261369 0.12793705
0.6095466 0.44285637 -0.65751886 0.60937023 0.44272774 -0.65776896 0.43181875 0.11809574
0.7377419 0.30628255 -0.60160434 0.7375279 0.3054846 -0.6022722 0.40909153 0.13777837
0.6850459 0.34456784 -0.64186054 0.6849687 0.34367013 -0.6424241 0.41477332 0.12793705
0.6286746 0.38062796 -0.6781523 0.62875164 0.37965733 -0.6786249 0.4204551 0.11809574
0.5697195 0.41392067 -0.7099925 0.56957453 0.4138156 -0.71017003 0.4261369 0.10825443
0.75336355 0.23457596 -0.6143432 0.75305206 0.23391931 -0.61497504 0.39772788 0.13777837
0.70170015 0.27451238 -0.6574648 0.70152515 0.2737362 -0.65797496 0.4034097 0.12793706
0.6457398 0.31276783 -0.6965603 0.64572906 0.31189314 -0.6969624 0.40909147 0.11809575
0.5865729 0.34868056 -0.7309953 0.5867389 0.3477361 -0.7313119 0.4147733 0.10825443
0.52541965 0.38173532 -0.76040274 0.525315 0.3816598 -0.760513 0.42045513 0.098413125
0.76514965 0.15883045 -0.6239543 0.7647567 0.1583615 -0.624555 0.38636422 0.13777837
0.71501976 0.19980215 -0.6699446 0.7147573 0.19919853 -0.6704043 0.39204606 0.12793706
0.660018 0.23976256 -0.7119621 0.6599217 0.239039 -0.71229476 0.39772788 0.11809575
0.6011885 0.27795318 -0.7492093 0.6012801 0.27713236 -0.7494397 0.40340966 0.10825443
0.5397687 0.31372812 -0.78116876 0.5400518 0.3128416 -0.78132856 0.40909147 0.098413125
0.47706687 0.34660536 -0.8076334 0.47701076 0.34656522 -0.80768394 0.41477332 0.08857181
0.77249247 0.0801772 -0.62994206 0.7720461 0.07993285 -0.6305202 0.3750006 0.13777837
0.7243328 0.12144258 -0.6786704 0.72400355 0.12105971 -0.67909014 0.3806824 0.12793706
0.67081696 0.16245678 -0.72361064 0.67064863 0.16193882 -0.7238828 0.38636425 0.118095756
0.6128966 0.20240432 -0.7637998 0.6129191 0.20176592 -0.7639507 0.39204606 0.10825444
0.5517795 0.24053171 -0.798551 0.5520066 0.2397976 -0.798615 0.39772785 0.098413125
0.4888077 0.2762163 -0.82750934 0.48923242 0.2754189 -0.82752407 0.40340966 0.08857182
0.42532262 0.3090114 -0.8506542 0.42532235 0.3090117 -0.85065424 0.4090915 0.0787305
0.7749876 -2.6843455e-07 -0.63197654 0.7745218 1.2886724e-07 -0.63254726 0.36363697 0.13777837
0.72912806 0.040748592 -0.6831631 0.72876245 0.040617898 -0.6835609 0.36931878 0.12793706
0.67755646 0.08204422 -0.7308803 0.6773394 0.081773385 -0.7311119 0.3750006 0.11809575
0.62109315 0.12306646 -0.7740142 0.62106276 0.12266051 -0.774103 0.38068244 0.10825444
0.5608671 0.16299517 -0.8117024 0.56104535 0.16246942 -0.81168455 0.38636425 0.098413125
0.49820527 0.20109025 -0.8434182 0.49859387 0.20046997 -0.8433362 0.39204603 0.08857181
0.43449542 0.23675656 -0.8689995 0.43507794 0.23607202 -0.8688943 0.39772785 0.078730494
0.37105143 0.2695815 -0.8886207 0.37111315 0.26962644 -0.8885812 0.4034097 0.068889186
0.77249265 -0.08017774 -0.6299419 0.7720456 -0.07993391 -0.6305206 0.35227334 0.1377784
0.7291282 -0.04074935 -0.683163 0.7287625 -0.040617414 -0.68356085 0.35795516 0.12793708
0.67984855 -4.78004e-07 -0.7333525 0.6796148 -3.4691314e-07 -0.7335692 0.363637 0.11809577
0.62531686 0.041300733 -0.7792774 0.6252575 0.041161004 -0.77933234 0.3693188 0.108254455
0.56654 0.082321554 -0.8199119 0.5666849 0.082046226 -0.81983954 0.37500066 0.09841314
0.50478023 0.12224613 -0.85454834 0.50513864 0.12185195 -0.8543928 0.38068247 0.088571824
0.4414232 0.16035403 -0.88285446 0.4419866 0.15986474 -0.8826614 0.38636428 0.0787305
0.37783727 0.19607945 -0.9048712 0.37857828 0.19552457 -0.9046815 0.3920461 0.068889186
0.31525075 0.2290404 -0.9209547 0.31537658 0.22913276 -0.92088866 0.3977279 0.059047874
0.76514983 -0.15883097 -0.6239539 0.76475674 -0.1583622 -0.62455463 0.34090972 0.1377784
0.72433317 -0.12144334 -0.67867 0.7240041 -0.12106036 -0.6790895 0.34659156 0.1279371
0.67755675 -0.08204519 -0.73087996 0.67734 -0.0817741 -0.7311112 0.3522734 0.11809578
0.62531704 -0.04130188 -0.7792771 0.6252576 -0.041162144 -0.77933216 0.35795522 0.10825446
0.5684698 -6.542134e-07 -0.8227041 0.56860244 -1.0299294e-06 -0.82261246 0.36363703 0.09841314
0.50816697 0.041021615 -0.8602811 0.50851 0.040885508 -0.86008495 0.36931884 0.08857183
0.4457426 0.080961145 -0.8914925 0.44629216 0.08070651 -0.8912406 0.37500066 0.07873051
0.38257378 0.11912212 -0.9162135 0.38330963 0.11877089 -0.91595155 0.38068247 0.068889186
0.3199479 0.15496834 -0.93467546 0.3208352 0.1545481 -0.93444085 0.38636428 0.059047874
0.25896212 0.1881448 -0.9473859 0.25915524 0.18828511 -0.94730526 0.3920461 0.049206562
0.75336385 -0.23457646 -0.6143426 0.7530522 -0.23392013 -0.6149748 0.32954612 0.13777839
0.7150203 -0.19980292 -0.66994387 0.7147581 -0.19919969 -0.67040306 0.3352279 0.12793706
0.6708176 -0.16245776 -0.72360986 0.6706494 -0.16193901 -0.723882 0.34090972 0.11809575
0.6210938 -0.12306763 -0.77401346 0.6210631 -0.12266107 -0.7741026 0.34659153 0.10825443
0.5665406 -0.08232289 -0.8199114 0.56668496 -0.08204748 -0.8198393 0.35227334 0.098413125
0.50816727 -0.041023053 -0.86028075 0.5085103 -0.040887684 -0.86008465 0.35795516 0.08857181
0.4472111 -7.5435463e-07 -0.8944285 0.44775653 -1.401084e-06 -0.8941555 0.363637 0.0787305
0.38501003 0.039959695 -0.922047 0.38574284 0.039839447 -0.9217458 0.3693188 0.06888919
0.3228691 0.07819119 -0.9432081 0.32376134 0.077973105 -0.9429203 0.3750006 0.059047878
0.2619467 0.11418753 -0.9583032 0.26296043 0.113897875 -0.9580601 0.3806824 0.049206562
0.20318091 0.14761785 -0.96794957 0.20344104 0.14780666 -0.9678662 0.38636425 0.03936525
0.7377423 -0.30628303 -0.6016037 0.73752886 -0.30548465 -0.602271 0.3181825 0.1377784
0.7017007 -0.2745131 -0.6574639 0.701526 -0.27373666 -0.6579738 0.3238643 0.12793708
0.6600188 -0.2397635 -0.7119612 0.65992224 -0.23904018 -0.7122938 0.3295461 0.11809576
0.61289746 -0.20240548 -0.76379895 0.6129197 -0.20176712 -0.76395005 0.3352279 0.10825445
0.5608679 -0.16299649 -0.8117015 0.5610457 -0.1624703 -0.81168425 0.34090972 0.09841314
0.50478095 -0.12224754 -0.8545477 0.5051398 -0.121852376 -0.8543922 0.34659156 0.088571824
0.4457431 -0.08096261 -0.89149207 0.44629338 -0.08070716 -0.89123994 0.35227334 0.07873051
0.38501027 -0.03996117 -0.9220467 0.3857433 -0.03984121 -0.92174554 0.3579552 0.06888919
0.32386097 -6.9737354e-07 -0.94610465 0.32475415 -5.7736895e-07 -0.9457985 0.363637 0.059047878
0.2634784 0.038284607 -0.9639053 0.26450002 0.038185727 -0.9636294 0.36931878 0.049206562
0.20486225 0.07441931 -0.97595763 0.20597146 0.07424575 -0.9757374 0.3750006 0.03936525
0.14878178 0.10809502 -0.9829443 0.14910378 0.1083291 -0.98286974 0.38068244 0.029523939
0.71901584 -0.37313554 -0.58633274 0.7189052 -0.37224466 -0.58703434 0.30681884 0.13777837
0.6850467 -0.34456855 -0.64185953 0.6849692 -0.3436712 -0.6424231 0.3125007 0.12793706
0.64574075 -0.31276876 -0.6965591 0.6457286 -0.31189415 -0.6969624 0.3181825 0.11809575
0.60118955 -0.2779543 -0.74920785 0.6012804 -0.27713525 -0.7494384 0.32386428 0.10825443
0.5517809 -0.24053305 -0.7985498 0.5520079 -0.23979981 -0.7986134 0.32954612 0.098413125
0.49820665 -0.20109172 -0.8434171 0.49859515 -0.20047073 -0.8433353 0.33522794 0.08857182
0.4414245 -0.16035557 -0.8828536 0.4419875 -0.15986586 -0.88266075 0.34090975 0.07873051
0.38257483 -0.11912364 -0.9162129 0.3833112 -0.11877218 -0.9159508 0.34659153 0.06888919
0.32286987 -0.07819265 -0.9432078 0.32376283 -0.07797441 -0.9429198 0.35227337 0.05904788
0.26347885 -0.038285907 -0.9639051 0.26450133 -0.038186833 -0.96362907 0.3579552 0.04920657
0.20543239 -5.5926955e-07 -0.9786713 0.20654693 -6.023629e-07 -0.97843677 0.36363697 0.039365254
0.14956091 0.03621997 -0.98808885 0.15073335 0.03614372 -0.9879135 0.36931878 0.029523939
0.096470565 0.07008915 -0.99286497 0.096848644 0.07036356 -0.9928088 0.37500063 0.019682625
0.6979549 -0.43464696 -0.5691581 0.6979427 -0.43370944 -0.5698879 0.29545522 0.13777836
0.6658064 -0.40931103 -0.623832 0.6658252 -0.40834522 -0.62444454 0.30113706 0.12793705
0.62867576 -0.38062885 -0.67815083 0.62875205 -0.37965873 -0.67862374 0.30681887 0.11809574
0.58657414 -0.34868166 -0.7309936 0.5867398 -0.34773678 -0.73131096 0.31250066 0.108254425
0.5397701 -0.31372944 -0.7811671 0.54005355 -0.31284365 -0.7813265 0.31818247 0.09841311
0.4888094 -0.2762178 -0.82750785 0.4892348 -0.27542084 -0.82752204 0.32386428 0.088571794
0.43449718 -0.23675816 -0.8689982 0.4350788 -0.23607405 -0.8688934 0.3295461 0.07873049
0.3778389 -0.19608103 -0.90487015 0.37857938 -0.19552612 -0.9046807 0.3352279 0.06888918
0.31994927 -0.15496981 -0.9346747 0.32083693 -0.15455003 -0.9344399 0.34090972 0.059047867
0.26194787 -0.11418889 -0.95830274 0.26296216 -0.11389931 -0.9580595 0.34659156 0.049206555
0.20486312 -0.07442047 -0.97595733 0.20597334 -0.07424694 -0.97573686 0.35227337 0.039365243
0.14956133 -0.036220882 -0.9880888 0.15073396 -0.036144473 -0.9879134 0.35795516 0.029523931
0.09670884 -3.158541e-07 -0.9953128 0.097911514 -1.5494791e-07 -0.9951952 0.36363697 0.019682622
0.046765067 0.03397641 -0.99832785 0.047191113 0.03428563 -0.9982973 0.3693188 0.009841313
0.6752999 -0.49062833 -0.55068505 0.67509025 -0.49047562 -0.55107784 0.2840916 0.13777837
0.6447259 -0.46841532 -0.60408247 0.644528 -0.46827072 -0.6044057 0.2897734 0.12793705
0.6095466 -0.44285637 -0.65751886 0.6093702 -0.44272855 -0.6577686 0.29545522 0.11809574
0.5697195 -0.41392067 -0.7099925 0.56957453 -0.4138151 -0.7101703 0.30113703 0.10825443
0.52541965 -0.38173532 -0.76040274 0.5253152 -0.3816591 -0.7605132 0.30681887 0.098413125
0.47706687 -0.34660536 -0.8076334 0.47701102 -0.3465653 -0.8076837 0.3125007 0.08857181
0.42532262 -0.3090114 -0.8506542 0.42532292 -0.30901232 -0.8506538 0.3181825 0.0787305
0.37105143 -0.2695815 -0.8886207 0.3711123 -0.26962668 -0.8885815 0.32386428 0.068889186
0.31525075 -0.2290404 -0.9209547 0.31537738 -0.22913246 -0.92088836 0.3295461 0.059047874
0.25896212 -0.1881448 -0.9473859 0.2591548 -0.18828475 -0.9473055 0.33522794 0.049206562
0.20318091 -0.14761785 -0.96794957 0.20344046 -0.14780708 -0.96786624 0.34090972 0.03936525
0.14878178 -0.10809502 -0.9829443 0.14910375 -0.10832942 -0.98286974 0.34659153 0.029523939
0.096470565 -0.07008915 -0.99286497 0.09684842 -0.070364095 -0.9928088 0.35227337 0.019682625
0.046765067 -0.03397641 -0.99832785 0.047190823 -0.03428558 -0.9982974 0.3579552 0.009841313
0 0 -1 5.2235254e-07 0 -1 0.363637 0
-0.26793733 -0.8246402 -0.49817488 -0.26785573 -0.8243899 -0.4986328 0.096591815 0.1476197
-0.25793654 -0.7938604 -0.5506853 -0.25785574 -0.79361373 -0.5510788 0.10227363 0.13777839
-0.21021791 -0.8309495 -0.51510334 -0.20937832 -0.83065385 -0.5159215 0.10795543 0.1476197
-0.24625856 -0.75791866 -0.60408276 -0.24618246 -0.7576867 -0.6044049 0.10795543 0.12793706
-0.19769365 -0.7981068 -0.5691596 -0.19680642 -0.7978055 -0.5698893 0.11363724 0.13777837
-0.23282152 -0.71656305 -0.6575192 -0.23275402 -0.7163561 -0.6577686 0.11363725 0.11809575
-0.18353195 -0.75970215 -0.62383384 -0.18260764 -0.7594212 -0.6244468 0.11931905 0.12793706
-0.21760923 -0.66974354 -0.7099929 -0.21755438 -0.6695731 -0.7101703 0.11931907 0.10825444
-0.16772737 -0.71552515 -0.6781529 -0.16678053 -0.7152985 -0.6786254 0.12500086 0.118095756
-0.2006885 -0.61766607 -0.7604031 -0.20064825 -0.61754334 -0.7605133 0.12500088 0.098413125
-0.15035366 -0.66561157 -0.7309959 -0.1494036 -0.6654773 -0.7313129 0.13068268 0.10825443
-0.18221973 -0.5608241 -0.80763376 -0.18219894 -0.56075794 -0.8076844 0.13068269 0.08857181
-0.13157515 -0.61029714 -0.78116924 -0.1306445 -0.6102928 -0.781329 0.1363645 0.098413125
-0.16245556 -0.4999952 -0.8506544 -0.1624561 -0.49999556 -0.85065424 0.1363645 0.0787305
-0.11164703 -0.5502386 -0.82750976 -0.11075721 -0.55039674 -0.8275242 0.14204632 0.08857181
-0.1417262 -0.4361957 -0.88862085 -0.1417496 -0.4362681 -0.88858163 0.14204632 0.068889186
-0.090902 -0.48639083 -0.8689999 -0.09007173 -0.48673305 -0.8688948 0.14772813 0.0787305
-0.12041265 -0.37059826 -0.9209548 -0.120461166 -0.37074697 -0.9208886 0.14772813 0.059047874
-0.06972407 -0.41993576 -0.9048716 -0.06896759 -0.4204687 -0.90468204 0.15340993 0.068889186
-0.09891274 -0.30442724 -0.947386 -0.09898559 -0.30465508 -0.9473052 0.15340994 0.049206562
-0.048513863 -0.3521756 -0.9346757 -0.047840893 -0.35289043 -0.9344408 0.15909174 0.059047874
-0.07760664 -0.23885271 -0.96794975 -0.07770539 -0.23915832 -0.9678663 0.15909176 0.03936525
-0.027652366 -0.28441128 -0.9583035 -0.02706307 -0.28528634 -0.95806026 0.16477358 0.049206562
-0.056828436 -0.17490287 -0.98294437 -0.05695197 -0.17528087 -0.9828699 0.16477357 0.029523939
-0.007470604 -0.21783178 -0.9759578 -0.006961947 -0.21883354 -0.9757374 0.17045538 0.03936525
-0.036847733 -0.11340757 -0.992865 -0.036992867 -0.113851644 -0.9928088 0.17045537 0.019682625
0.011770044 -0.15343285 -0.988089 0.0122043 -0.1545242 -0.9879136 0.17613718 0.029523939
0.029885387 -0.09197493 -0.9953128 0.030257372 -0.093118414 -0.99519527 0.18181899 0.019682625
-0.14783978 -0.8343279 -0.53107464 -0.14705749 -0.83395034 -0.5318844 0.11931905 0.1476197
-0.13268408 -0.79912883 -0.5863344 -0.131872 -0.798748 -0.58703613 0.12500085 0.13777837
-0.08110032 -0.83412343 -0.5455831 -0.08041514 -0.8336692 -0.5463783 0.13068266 0.1476197
-0.11601203 -0.75799406 -0.64186144 -0.11518255 -0.7576429 -0.6424252 0.13068268 0.12793708
-0.06331615 -0.79628 -0.60160553 -0.06262301 -0.7958299 -0.6022733 0.13636447 0.13777839
-0.010558544 -0.8297153 -0.5580869 -0.010010734 -0.8291994 -0.55886334 0.14204629 0.1476197
-0.097914584 -0.7107849 -0.6965612 -0.09708542 -0.7105039 -0.69696397 0.13636449 0.11809575
-0.044238295 -0.7521846 -0.6574659 -0.043553326 -0.7517782 -0.6579762 0.1420463 0.12793706
0.009708893 -0.78897816 -0.6143445 0.01023751 -0.7884793 -0.61497605 0.1477281 0.13777837
0.062945955 -0.8205833 -0.56805015 0.06331737 -0.82002896 -0.5688088 0.15340991 0.1476197
-0.07857087 -0.65765566 -0.74921006 -0.07776246 -0.65748906 -0.74944055 0.1420463 0.10825443
-0.024069529 -0.7018041 -0.7119631 -0.023411324 -0.70148844 -0.71229625 0.14772812 0.11809574
0.03093208 -0.7417652 -0.6699459 0.031424344 -0.7413296 -0.67040515 0.15340993 0.12793705
0.08538999 -0.7767803 -0.6239558 0.08571387 -0.776262 -0.6245562 0.15909173 0.13777837
0.13830985 -0.80638045 -0.57499665 0.13847703 -0.80582106 -0.57574 0.16477354 0.1476197
-0.058249045 -0.59910107 -0.7985518 -0.057481162 -0.5990903 -0.7986155 0.14772813 0.098413125
-0.003100958 -0.6454445 -0.7638008 -0.0024866273 -0.64526904 -0.7639514 0.15340993 0.10825443
0.052790377 -0.68818533 -0.72361183 0.053230748 -0.68786496 -0.7238842 0.15909174 0.11809574
0.1083351 -0.7264077 -0.67867184 0.10859773 -0.72597635 -0.6790912 0.16477355 0.12793705
0.16246349 -0.7594581 -0.62994355 0.16255738 -0.75895786 -0.6305221 0.17045535 0.13777837
0.21422593 -0.78699934 -0.5785667 0.21417497 -0.786473 -0.57930076 0.17613716 0.1476197
-0.037293296 -0.53596073 -0.84341884 -0.03658356 -0.5361385 -0.84333706 0.15340994 0.08857181
0.018301446 -0.58378327 -0.8117032 0.018856645 -0.58378994 -0.81168586 0.15909176 0.098413125
0.07488742 -0.6287227 -0.7740153 0.07526468 -0.62856835 -0.77410406 0.16477357 0.10825443
0.13135059 -0.66974556 -0.7308815 0.13154124 -0.6694556 -0.731113 0.17045538 0.11809574
0.18656214 -0.70603174 -0.6831645 0.18657432 -0.7056437 -0.683562 0.17613718 0.12793705
0.23948851 -0.7370543 -0.6319781 0.23934431 -0.73661107 -0.63254917 0.18181899 0.13777837
0.2892832 -0.7626112 -0.5785666 0.28901592 -0.7621555 -0.57930034 0.1875008 0.1476197
-0.016097445 -0.46936947 -0.8828551 -0.0154581 -0.46975413 -0.88266206 0.15909174 0.0787305
0.039724343 -0.5178492 -0.85454917 0.04021055 -0.51806843 -0.8543935 0.16477355 0.08857181
0.09678033 -0.56424856 -0.8199129 0.09708647 -0.564301 -0.81984067 0.17045537 0.098413125
0.15395711 -0.60747206 -0.77927846 0.1540717 -0.6073727 -0.77933323 0.17613718 0.10825443
0.21008873 -0.6465717 -0.7333538 0.2100161 -0.6463494 -0.7335706 0.18181899 0.11809574
0.26407197 -0.6808468 -0.68316436 0.26383394 -0.68053997 -0.6835621 0.1875008 0.12793705
0.31497148 -0.7099045 -0.6299433 0.31460115 -0.7095551 -0.6305218 0.1931826 0.13777837
0.3620922 -0.73366785 -0.57499635 0.36162814 -0.7333143 -0.5757389 0.19886442 0.1476197
0.004930969 -0.40065894 -0.91621405 0.0054926453 -0.4012504 -0.9159519 0.16477355 0.068889186
0.060745053 -0.44894323 -0.89149314 0.061158292 -0.44938707 -0.89124125 0.17045537 0.0787305
0.118020624 -0.4959699 -0.86028194 0.11825524 -0.49625352 -0.86008614 0.17613718 0.08857181
0.17567036 -0.54064435 -0.82270515 0.17571193 -0.54077053 -0.82261336 0.18181899 0.098413125
0.23251753 -0.581946 -0.77927816 0.23236671 -0.58193284 -0.77933306 0.1875008 0.10825443
0.28741023 -0.6190381 -0.7308811 0.28708538 -0.6189157 -0.7311125 0.19318262 0.11809574
0.33933535 -0.65134996 -0.6786713 0.33886895 -0.6511557 -0.6790907 0.19886443 0.12793705
0.38750657 -0.67861515 -0.6239552 0.38693976 -0.6783866 -0.6245553 0.20454623 0.13777837
0.4314107 -0.7008597 -0.56804967 0.4307841 -0.70063037 -0.5688078 0.21022806 0.1476197
0.025408797 -0.331228 -0.9432086 0.025891488 -0.33200946 -0.9429207 0.17045538 0.059047874
0.080972284 -0.3785128 -0.92204744 0.08131372 -0.37917298 -0.92174613 0.17613718 0.068889186
0.1381987 -0.42532054 -0.8944292 0.13836657 -0.42583877 -0.89415663 0.18181899 0.0787305
0.19605035 -0.47061628 -0.86028165 0.19602758 -0.47098377 -0.8600858 0.1875008 0.08857181
0.25336775 -0.51336974 -0.8199123 0.2531506 -0.5135921 -0.8198402 0.19318262 0.098413125
0.30897677 -0.55266166 -0.7740145 0.30858052 -0.5527585 -0.77410346 0.19886443 0.10825443
0.36180505 -0.5877791 -0.723611 0.3612594 -0.58777905 -0.7238836 0.20454624 0.11809574
0.41098228 -0.6182777 -0.669945 0.41032726 -0.6182151 -0.67040414 0.21022806 0.12793705
0.4559031 -0.64399856 -0.6143437 0.45518208 -0.64390564 -0.6149756 0.21590985 0.13777837
0.4962443 -0.66504234 -0.55808634 0.49549738 -0.66494656 -0.55886346 0.22159167 0.1476197
0.04500946 -0.26241228 -0.9639055 0.04541965 -0.26335296 -0.9636297 0.17613721 0.049206562
0.10008076 -0.30800822 -0.94610506 0.10035632 -0.30885887 -0.9457985 0.18181902 0.059047874
0.1569822 -0.35381567 -0.9220472 0.15709338 -0.3545506 -0.9217459 0.18750083 0.068889186
0.21474497 -0.3989054 -0.8914926 0.21467246 -0.39950725 -0.89124066 0.19318265 0.0787305
0.2722535 -0.4422954 -0.8545483 0.27198908 -0.44275832 -0.85439277 0.19886445 0.08857181
0.3283405 -0.48304468 -0.8117022 0.327895 -0.48337653 -0.8116847 0.20454627 0.098413125
0.38189918 -0.52034914 -0.76379955 0.38129863 -0.5205678 -0.76395065 0.21022807 0.10825443
0.43199053 -0.55361944 -0.7119619 0.43127248 -0.5537515 -0.7122945 0.21590988 0.11809574
0.47792017 -0.5825226 -0.6574647 0.4771276 -0.5825964 -0.65797466 0.22159168 0.12793705
0.51927304 -0.6069824 -0.6016045 0.5184479 -0.6070256 -0.60227215 0.22727348 0.13777837
0.5559043 -0.6271445 -0.5455824 0.5550827 -0.62718 -0.54637766 0.23295529 0.1476197
0.063483536 -0.19537646 -0.97867143 0.06382895 -0.19643709 -0.97843677 0.18181899 0.03936525
0.11783293 -0.23875058 -0.9639054 0.118054084 -0.23975201 -0.9636297 0.1875008 0.049206562
0.17413987 -0.28290236 -0.94320816 0.17420767 -0.28381887 -0.9429202 0.19318262 0.059047874
0.23151794 -0.3270362 -0.9162133 0.23141141 -0.32784545 -0.91595095 0.19886443 0.068889186
0.2889179 -0.37026358 -0.882854 0.28862628 -0.37095022 -0.8826612 0.20454624 0.0787305
0.34520748 -0.41167793 -0.8434175 0.34473696 -0.41223872 -0.84333605 0.21022806 0.08857181
0.3992743 -0.45044145 -0.79855025 0.39864647 -0.45088375 -0.7986143 0.21590987 0.098413125
0.4501327 -0.48586765 -0.74920845 0.4493808 -0.48620728 -0.7494395 0.22159168 0.10825443
0.49701068 -0.5174796 -0.6965596 0.4961759 -0.5177393 -0.6969617 0.2272735 0.11809574
0.5394006 -0.54503465 -0.64186007 0.5385237 -0.545238 -0.6424234 0.2329553 0.12793705
0.5770667 -0.56851315 -0.58633333 0.57618546 -0.5686832 -0.5870348 0.2386371 0.13777837
0.61001736 -0.58808106 -0.5310739 0.6091629 -0.58823526 -0.53188324 0.24431893 0.1476197
0.08066595 -0.13104734 -0.98808885 0.08095588 -0.13218623 -0.9879134 0.1875008 0.029523939
0.1340856 -0.17183757 -0.9759574 0.13426325 -0.17294651 -0.97573715 0.19318262 0.03936525
0.18954828 -0.21383871 -0.95830286 0.18958576 -0.2148914 -0.95806 0.19886443 0.049206562
0.2462572 -0.25639877 -0.9346749 0.24613298 -0.25737286 -0.93443984 0.20454623 0.059047874
0.3032456 -0.29875034 -0.9048703 0.3029472 -0.2996269 -0.90468043 0.21022804 0.068889186
0.35944074 -0.34006506 -0.86899835 0.35896924 -0.3408301 -0.8688935 0.21590985 0.0787305
0.41375294 -0.37952477 -0.827508 0.4131262 -0.38017577 -0.8275223 0.22159167 0.08857181
0.46517682 -0.41639903 -0.78116727 0.46442136 -0.41694185 -0.78132725 0.22727348 0.098413125
0.512882 -0.45011097 -0.7309939 0.51203495 -0.4505599 -0.7313112 0.23295529 0.10825443
0.556276 -0.48027924 -0.678151 0.55537736 -0.48065186 -0.67862356 0.2386371 0.11809574
0.59502876 -0.50672895 -0.6238322 0.59411544 -0.507045 -0.62444556 0.24431893 0.12793705
0.6290594 -0.5294744 -0.56915843 0.62816405 -0.5297523 -0.56988806 0.25000072 0.13777837
0.6584959 -0.54868245 -0.5151025 0.65764266 -0.54893714 -0.51592076 0.25568253 0.1476197
0.096470565 -0.07008915 -0.99286497 0.09684842 -0.070364095 -0.9928088 0.19318265 0.019682625
0.14878178 -0.10809502 -0.9829443 0.14910375 -0.10832942 -0.98286974 0.19886446 0.029523939
0.20318091 -0.14761785 -0.96794957 0.20344046 -0.14780708 -0.96786624 0.20454627 0.03936525
0.25896212 -0.1881448 -0.9473859 0.2591548 -0.18828475 -0.9473055 0.21022809 0.049206562
0.31525075 -0.2290404 -0.9209547 0.31537738 -0.22913246 -0.92088836 0.2159099 0.059047874
0.37105143 -0.2695815 -0.8886207 0.3711123 -0.26962668 -0.8885815 0.22159171 0.068889186
0.42532262 -0.3090114 -0.8506542 0.42532292 -0.30901232 -0.8506538 0.22727352 0.0787305
0.47706687 -0.34660536 -0.8076334 0.47701102 -0.3465653 -0.8076837 0.23295534 0.08857181
0.52541965 -0.38173532 -0.76040274 0.5253152 -0.3816591 -0.7605132 0.23863715 0.098413125
0.5697195 -0.41392067 -0.7099925 0.56957453 -0.4138151 -0.7101703 0.24431895 0.10825443
0.6095466 -0.44285637 -0.65751886 0.6093702 -0.44272855 -0.6577686 0.25000077 0.11809574
0.6447259 -0.46841532 -0.60408247 0.644528 -0.46827072 -0.6044057 0.2556826 0.12793705
0.6752999 -0.49062833 -0.55068505 0.67509025 -0.49047562 -0.55107784 0.2613644 0.13777837
0.7014827 -0.50965106 -0.49817458 0.70127016 -0.5094968 -0.49863142 0.2670462 0.1476197
3 0 1 2
3 3 4 5
3 6 7 8
3 9 10 11
3 12 13 14
3 3 5 15
3 16 17 18
3 19 20 21
3 22 23 24
3 25 26 27
3 3 15 28
3 16 18 29
3 19 21 30
3 22 24 31
3 25 27 32
3 33 34 35
3 36 37 38
3 39 40 41
3 42 43 44
3 45 46 47
3 48 49 50
3 51 52 48
3 53 54 51
3 55 56 53
3 57 58 55
3 59 60 57
3 61 62 59
3 63 64 61
3 65 66 63
3 67 68 65
3 69 70 67
3 71 72 69
3 73 74 71
3 75 76 73
3 47 77 75
3 48 52 49
3 52 78 49
3 51 54 52
3 54 79 52
3 52 79 78
3 79 80 78
3 53 56 54
3 56 81 54
3 54 81 79
3 81 82 79
3 79 82 80
3 82 83 80
3 55 58 56
3 58 84 56
3 56 84 81
3 84 85 81
3 81 85 82
3 85 86 82
3 82 86 83
3 86 87 83
3 57 60 58
3 60 88 58
3 58 88 84
3 88 89 84
3 84 89 85
3 89 90 85
3 85 90 86
3 90 91 86
3 86 91 87
3 91 92 87
3 59 62 60
3 62 93 60
3 60 93 88
3 93 94 88
3 88 94 89
3 94 95 89
3 89 95 90
3 95 96 90
3 90 96 91
3 96 97 91
3 91 97 92
3 97 98 92
3 61 64 62
3 64 99 62
3 62 99 93
3 99 100 93
3 93 100 94
3 100 101 94
3 94 101 95
3 101 102 95
3 95 102 96
3 102 103 96
3 96 103 97
3 103 104 97
3 97 104 98
3 104 105 98
3 63 66 64
3 66 106 64
3 64 106 99
3 106 107 99
3 99 107 100
3 107 108 100
3 100 108 101
3 108 109 101
3 101 109 102
3 109 110 102
3 102 110 103
3 110 111 103
3 103 111 104
3 111 112 104
3 104 112 105
3 112 113 105
3 65 68 66
3 68 114 66
3 66 114 106
3 114 115 106
3 106 115 107
3 115 116 107
3 107 116 108
3 116 117 108
3 108 117 109
3 117 118 109
3 109 118 110
3 118 119 110
3 110 119 111
3 119 120 111
3 111 120 112
3 120 121 112
3 112 121 113
3 121 122 113
3 67 70 68
3 70 123 68
3 68 123 114
3 123 124 114
3 114 124 115
3 124 125 115
3 115 125 116
3 125 126 116
3 116 126 117
3 126 127 117
3 117 127 118
3 127 128 118
3 118 128 119
3 128 129 119
3 119 129 120
3 129 130 120
3 120 130 121
3 130 131 121
3 121 131 122
3 131 132 122
3 69 72 70
3 72 133 70
3 70 133 123
3 133 134 123
3 123 134 124
3 134 135 124
3 124 135 125
3 135 136 125
3 125 136 126
3 136 137 126
3 126 137 127
3 137 138 127
3 127 138 128
3 138 139 128
3 128 139 129
3 139 140 129
3 129 140 130
3 140 141 130
3 130 141 131
3 141 142 131
3 131 142 132
3 142 143 132
3 71 74 72
3 74 144 72
3 72 144 133
3 144 145 133
3 133 145 134
3 145 146 134
3 134 146 135
3 146 147 135
3 135 147 136
3 147 148 136
3 136 148 137
3 148 149 137
3 137 149 138
3 149 150 138
3 138 150 139
3 150 151 139
3 139 151 140
3 151 152 140
3 140 152 141
3 152 153 141
3 141 153 142
3 153 154 142
3 142 154 143
3 154 155 143
3 73 76 74
3 76 156 74
3 74 156 144
3 156 157 144
3 144 157 145
3 157 158 145
3 145 158 146
3 158 159 146
3 146 159 147
3 159 160 147
3 147 160 148
3 160 161 148
3 148 161 149
3 161 162 149
3 149 162 150
3 162 163 150
3 150 163 151
3 163 164 151
3 151 164 152
3 164 165 152
3 152 165 153
3 165 166 153
3 153 166 154
3 166 167 154
3 154 167 155
3 167 168 155
3 75 77 76
3 77 169 76
3 76 169 156
3 169 170 156
3 156 170 157
3 170 171 157
3 157 171 158
3 171 172 158
3 158 172 159
3 172 173 159
3 159 173 160
3 173 174 160
3 160 174 161
3 174 175 161
3 161 175 162
3 175 176 162
3 162 176 163
3 176 177 163
3 163 177 164
3 177 178 164
3 164 178 165
3 178 179 165
3 165 179 166
3 179 180 166
3 166 180 167
3 180 181 167
3 167 181 168
3 181 182 168
3 47 46 77
3 46 183 77
3 77 183 169
3 183 184 169
3 169 184 170
3 184 185 170
3 170 185 171
3 185 186 171
3 171 186 172
3 186 187 172
3 172 187 173
3 187 188 173
3 173 188 174
3 188 189 174
3 174 189 175
3 189 190 175
3 175 190 176
3 190 191 176
3 176 191 177
3 191 192 177
3 177 192 178
3 192 193 178
3 178 193 179
3 193 194 179
3 179 194 180
3 194 195 180
3 180 195 181
3 195 196 181
3 181 196 182
3 196 42 182
3 197 198 199
3 200 201 197
3 202 203 200
3 204 205 202
3 206 207 204
3 208 209 206
3 210 211 208
3 212 213 210
3 214 215 212
3 216 217 214
3 218 219 216
3 220 221 218
3 222 223 220
3 224 225 222
3 44 226 224
3 197 201 198
3 201 227 198
3 200 203 201
3 203 228 201
3 201 228 227
3 228 229 227
3 202 205 203
3 205 230 203
3 203 230 228
3 230 231 228
3 228 231 229
3 231 232 229
3 204 207 205
3 207 233 205
3 205 233 230
3 233 234 230
3 230 234 231
3 234 235 231
3 231 235 232
3 235 236 232
3 206 209 207
3 209 237 207
3 207 237 233
3 237 238 233
3 233 238 234
3 238 239 234
3 234 239 235
3 239 240 235
3 235 240 236
3 240 241 236
3 208 211 209
3 211 242 209
3 209 242 237
3 242 243 237
3 237 243 238
3 243 244 238
3 238 244 239
3 244 245 239
3 239 245 240
3 245 246 240
3 240 246 241
3 246 247 241
3 210 213 211
3 213 248 211
3 211 248 242
3 248 249 242
3 242 249 243
3 249 250 243
3 243 250 244
3 250 251 244
3 244 251 245
3 251 252 245
3 245 252 246
3 252 253 246
3 246 253 247
3 253 254 247
3 212 215 213
3 215 255 213
3 213 255 248
3 255 256 248
3 248 256 249
3 256 257 249
3 249 257 250
3 257 258 250
3 250 258 251
3 258 259 251
3 251 259 252
3 259 260 252
3 252 260 253
3 260 261 253
3 253 261 254
3 261 262 254
3 214 217 215
3 217 263 215
3 215 263 255
3 263 264 255
3 255 264 256
3 264 265 256
3 256 265 257
3 265 266 257
3 257 266 258
3 266 267 258
3 258 267 259
3 267 268 259
3 259 268 260
3 268 269 260
3 260 269 261
3 269 270 261
3 261 270 262
3 270 271 262
3 216 219 217
3 219 272 217
3 217 272 263
3 272 273 263
3 263 273 264
3 273 274 264
3 264 274 265
3 274 275 265
3 265 275 266
3 275 276 266
3 266 276 267
3 276 277 267
3 267 277 268
3 277 278 268
3 268 278 269
3 278 279 269
3 269 279 270
3 279 280 270
3 270 280 271
3 280 281 271
3 218 221 219
3 221 282 219
3 219 282 272
3 282 283 272
3 272 283 273
3 283 284 273
3 273 284 274
3 284 285 274
3 274 285 275
3 285 286 275
3 275 286 276
3 286 287 276
3 276 287 277
3 287 288 277
3 277 288 278
3 288 289 278
3 278 289 279
3 289 290 279
3 279 290 280
3 290 291 280
3 280 291 281
3 291 292 281
3 220 223 221
3 223 293 221
3 221 293 282
3 293 294 282
3 282 294 283
3 294 295 283
3 283 295 284
3 295 296 284
3 284 296 285
3 296 297 285
3 285 297 286
3 297 298 286
3 286 298 287
3 298 299 287
3 287 299 288
3 299 300 288
3 288 300 289
3 300 301 289
3 289 301 290
3 301 302 290
3 290 302 291
3 302 303 291
3 291 303 292
3 303 304 292
3 222 225 223
3 225 305 223
3 223 305 293
3 305 306 293
3 293 306 294
3 306 307 294
3 294 307 295
3 307 308 295
3 295 308 296
3 308 309 296
3 296 309 297
3 309 310 297
3 297 310 298
3 310 311 298
3 298 311 299
3 311 312 299
3 299 312 300
3 312 313 300
3 300 313 301
3 313 314 301
3 301 314 302
3 314 315 302
3 302 315 303
3 315 316 303
3 303 316 304
3 316 317 304
3 224 226 225
3 226 318 225
3 225 318 305
3 318 319 305
3 305 319 306
3 319 320 306
3 306 320 307
3 320 321 307
3 307 321 308
3 321 322 308
3 308 322 309
3 322 323 309
3 309 323 310
3 323 324 310
3 310 324 311
3 324 325 311
3 311 325 312
3 325 326 312
3 312 326 313
3 326 327 313
3 313 327 314
3 327 328 314
3 314 328 315
3 328 329 315
3 315 329 316
3 329 330 316
3 316 330 317
3 330 331 317
3 44 43 226
3 43 332 226
3 226 332 318
3 332 333 318
3 318 333 319
3 333 334 319
3 319 334 320
3 334 335 320
3 320 335 321
3 335 336 321
3 321 336 322
3 336 337 322
3 322 337 323
3 337 338 323
3 323 338 324
3 338 339 324
3 324 339 325
3 339 340 325
3 325 340 326
3 340 341 326
3 326 341 327
3 341 342 327
3 327 342 328
3 342 343 328
3 328 343 329
3 343 344 329
3 329 344 330
3 344 345 330
3 330 345 331
3 345 39 331
3 346 347 348
3 349 350 346
3 351 352 349
3 353 354 351
3 355 356 353
3 357 358 355
3 359 360 357
3 361 362 359
3 363 364 361
3 365 366 363
3 367 368 365
3 369 370 367
3 371 372 369
3 373 374 371
3 41 375 373
3 346 350 347
3 350 376 347
3 349 352 350
3 352 377 350
3 350 377 376
3 377 378 376
3 351 354 352
3 354 379 352
3 352 379 377
3 379 380 377
3 377 380 378
3 380 381 378
3 353 356 354
3 356 382 354
3 354 382 379
3 382 383 379
3 379 383 380
3 383 384 380
3 380 384 381
3 384 385 381
3 355 358 356
3 358 386 356
3 356 386 382
3 386 387 382
3 382 387 383
3 387 388 383
3 383 388 384
3 388 389 384
3 384 389 385
3 389 390 385
3 357 360 358
3 360 391 358
3 358 391 386
3 391 392 386
3 386 392 387
3 392 393 387
3 387 393 388
3 393 394 388
3 388 394 389
3 394 395 389
3 389 395 390
3 395 396 390
3 359 362 360
3 362 397 360
3 360 397 391
3 397 398 391
3 391 398 392
3 398 399 392
3 392 399 393
3 399 400 393
3 393 400 394
3 400 401 394
3 394 401 395
3 401 402 395
3 395 402 396
3 402 403 396
3 361 364 362
3 364 404 362
3 362 404 397
3 404 405 397
3 397 405 398
3 405 406 398
3 398 406 399
3 406 407 399
3 399 407 400
3 407 408 400
3 400 408 401
3 408 409 401
3 401 409 402
3 409 410 402
3 402 410 403
3 410 411 403
3 363 366 364
3 366 412 364
3 364 412 404
3 412 413 404
3 404 413 405
3 413 414 405
3 405 414 406
3 414 415 406
3 406 415 407
3 415 416 407
3 407 416 408
3 416 417 408
3 408 417 409
3 417 418 409
3 409 418 410
3 418 419 410
3 410 419 411
3 419 420 411
3 365 368 366
3 368 421 366
3 366 421 412
3 421 422 412
3 412 422 413
3 422 423 413
3 413 423 414
3 423 424 414
3 414 424 415
3 424 425 415
3 415 425 416
3 425 426 416
3 416 426 417
3 426 427 417
3 417 427 418
3 427 428 418
3 418 428 419
3 428 429 419
3 419 429 420
3 429 430 420
3 367 370 368
3 370 431 368
3 368 431 421
3 431 432 421
3 421 432 422
3 432 433 422
3 422 433 423
3 433 434 423
3 423 434 424
3 434 435 424
3 424 435 425
3 435 436 425
3 425 436 426
3 436 437 426
3 426 437 427
3 437 438 427
3 427 438 428
3 438 439 428
3 428 439 429
3 439 440 429
3 429 440 430
3 440 441 430
3 369 372 370
3 372 442 370
3 370 442 431
3 442 443 431
3 431 443 432
3 443 444 432
3 432 444 433
3 444 445 433
3 433 445 434
3 445 446 434
3 434 446 435
3 446 447 435
3 435 447 436
3 447 448 436
3 436 448 437
3 448 449 437
3 437 449 438
3 449 450 438
3 438 450 439
3 450 451 439
3 439 451 440
3 451 452 440
3 440 452 441
3 452 453 441
3 371 374 372
3 374 454 372
3 372 454 442
3 454 455 442
3 442 455 443
3 455 456 443
3 443 456 444
3 456 457 444
3 444 457 445
3 457 458 445
3 445 458 446
3 458 459 446
3 446 459 447
3 459 460 447
3 447 460 448
3 460 461 448
3 448 461 449
3 461 462 449
3 449 462 450
3 462 463 450
3 450 463 451
3 463 464 451
3 451 464 452
3 464 465 452
3 452 465 453
3 465 466 453
3 373 375 374
3 375 467 374
3 374 467 454
3 467 468 454
3 454 468 455
3 468 469 455
3 455 469 456
3 469 470 456
3 456 470 457
3 470 471 457
3 457 471 458
3 471 472 458
3 458 472 459
3 472 473 459
3 459 473 460
3 473 474 460
3 460 474 461
3 474 475 461
3 461 475 462
3 475 476 462
3 462 476 463
3 476 477 463
3 463 477 464
3 477 478 464
3 464 478 465
3 478 479 465
3 465 479 466
3 479 480 466
3 41 40 375
3 40 481 375
3 375 481 467
3 481 482 467
3 467 482 468
3 482 483 468
3 468 483 469
3 483 484 469
3 469 484 470
3 484 485 470
3 470 485 471
3 485 486 471
3 471 486 472
3 486 487 472
3 472 487 473
3 487 488 473
3 473 488 474
3 488 489 474
3 474 489 475
3 489 490 475
3 475 490 476
3 490 491 476
3 476 491 477
3 491 492 477
3 477 492 478
3 492 493 478
3 478 493 479
3 493 494 479
3 479 494 480
3 494 495 480
3 496 497 498
3 499 500 496
3 501 502 499
3 503 504 501
3 505 506 503
3 507 508 505
3 509 510 507
3 511 512 509
3 513 514 511
3 515 516 513
3 517 518 515
3 519 520 517
3 521 522 519
3 523 524 521
3 38 525 523
3 496 500 497
3 500 526 497
3 499 502 500
3 502 527 500
3 500 527 526
3 527 528 526
3 501 504 502
3 504 529 502
3 502 529 527
3 529 530 527
3 527 530 528
3 530 531 528
3 503 506 504
3 506 532 504
3 504 532 529
3 532 533 529
3 529 533 530
3 533 534 530
3 530 534 531
3 534 535 531
3 505 508 506
3 508 536 506
3 506 536 532
3 536 537 532
3 532 537 533
3 537 538 533
3 533 538 534
3 538 539 534
3 534 539 535
3 539 540 535
3 507 510 508
3 510 541 508
3 508 541 536
3 541 542 536
3 536 542 537
3 542 543 537
3 537 543 538
3 543 544 538
3 538 544 539
3 544 545 539
3 539 545 540
3 545 546 540
3 509 512 510
3 512 547 510
3 510 547 541
3 547 548 541
3 541 548 542
3 548 549 542
3 542 549 543
3 549 550 543
3 543 550 544
3 550 551 544
3 544 551 545
3 551 552 545
3 545 552 546
3 552 553 546
3 511 514 512
3 514 554 512
3 512 554 547
3 554 555 547
3 547 555 548
3 555 556 548
3 548 556 549
3 556 557 549
3 549 557 550
3 557 558 550
3 550 558 551
3 558 559 551
3 551 559 552
3 559 560 552
3 552 560 553
3 560 561 553
3 513 516 514
3 516 562 514
3 514 562 554
3 562 563 554
3 554 563 555
3 563 564 555
3 555 564 556
3 564 565 556
3 556 565 557
3 565 566 557
3 557 566 558
3 566 567 558
3 558 567 559
3 567 568 559
3 559 568 560
3 568 569 560
3 560 569 561
3 569 570 561
3 515 518 516
3 518 571 516
3 516 571 562
3 571 572 562
3 562 572 563
3 572 573 563
3 563 573 564
3 573 574 564
3 564 574 565
3 574 575 565
3 565 575 566
3 575 576 566
3 566 576 567
3 576 577 567
3 567 577 568
3 577 578 568
3 568 578 569
3 578 579 569
3 569 579 570
3 579 580 570
3 517 520 518
3 520 581 518
3 518 581 571
3 581 582 571
3 571 582 572
3 582 583 572
3 572 583 573
3 583 584 573
3 573 584 574
3 584 585 574
3 574 585 575
3 585 586 575
3 575 586 576
3 586 587 576
3 576 587 577
3 587 588 577
3 577 588 578
3 588 589 578
3 578 589 579
3 589 590 579
3 579 590 580
3 590 591 580
3 519 522 520
3 522 592 520
3 520 592 581
3 592 593 581
3 581 593 582
3 593 594 582
3 582 594 583
3 594 595 583
3 583 595 584
3 595 596 584
3 584 596 585
3 596 597 585
3 585 597 586
3 597 598 586
3 586 598 587
3 598 599 587
3 587 599 588
3 599 600 588
3 588 600 589
3 600 601 589
3 589 601 590
3 601 602 590
3 590 602 591
3 602 603 591
3 521 524 522
3 524 604 522
3 522 604 592
3 604 605 592
3 592 605 593
3 605 606 593
3 593 606 594
3 606 607 594
3 594 607 595
3 607 608 595
3 595 608 596
3 608 609 596
3 596 609 597
3 609 610 597
3 597 610 598
3 610 611 598
3 598 611 599
3 611 612 599
3 599 612 600
3 612 613 600
3 600 613 601
3 613 614 601
3 601 614 602
3 614 615 602
3 602 615 603
3 615 616 603
3 523 525 524
3 525 617 524
3 524 617 604
3 617 618 604
3 604 618 605
3 618 619 605
3 605 619 606
3 619 620 606
3 606 620 607
3 620 621 607
3 607 621 608
3 621 622 608
3 608 622 609
3 622 623 609
3 609 623 610
3 623 624 610
3 610 624 611
3 624 625 611
3 611 625 612
3 625 626 612
3 612 626 613
3 626 627 613
3 613 627 614
3 627 628 614
3 614 628 615
3 628 629 615
3 615 629 616
3 629 630 616
3 38 37 525
3 37 631 525
3 525 631 617
3 631 632 617
3 617 632 618
3 632 633 618
3 618 633 619
3 633 634 619
3 619 634 620
3 634 635 620
3 620 635 621
3 635 636 621
3 621 636 622
3 636 637 622
3 622 637 623
3 637 638 623
3 623 638 624
3 638 639 624
3 624 639 625
3 639 640 625
3 625 640 626
3 640 641 626
3 626 641 627
3 641 642 627
3 627 642 628
3 642 643 628
3 628 643 629
3 643 644 629
3 629 644 630
3 644 33 630
3 645 646 647
3 648 649 645
3 650 651 648
3 652 653 650
3 654 655 652
3 656 657 654
3 658 659 656
3 660 661 658
3 662 663 660
3 664 665 662
3 666 667 664
3 668 669 666
3 670 671 668
3 672 673 670
3 35 674 672
3 645 649 646
3 649 675 646
3 648 651 649
3 651 676 649
3 649 676 675
3 676 677 675
3 650 653 651
3 653 678 651
3 651 678 676
3 678 679 676
3 676 679 677
3 679 680 677
3 652 655 653
3 655 681 653
3 653 681 678
3 681 682 678
3 678 682 679
3 682 683 679
3 679 683 680
3 683 684 680
3 654 657 655
3 657 685 655
3 655 685 681
3 685 686 681
3 681 686 682
3 686 687 682
3 682 687 683
3 687 688 683
3 683 688 684
3 688 689 684
3 656 659 657
3 659 690 657
3 657 690 685
3 690 691 685
3 685 691 686
3 691 692 686
3 686 692 687
3 692 693 687
3 687 693 688
3 693 694 688
3 688 694 689
3 694 695 689
3 658 661 659
3 661 696 659
3 659 696 690
3 696 697 690
3 690 697 691
3 697 698 691
3 691 698 692
3 698 699 692
3 692 699 693
3 699 700 693
3 693 700 694
3 700 701 694
3 694 701 695
3 701 702 695
3 660 663 661
3 663 703 661
3 661 703 696
3 703 704 696
3 696 704 697
3 704 705 697
3 697 705 698
3 705 706 698
3 698 706 699
3 706 707 699
3 699 707 700
3 707 708 700
3 700 708 701
3 708 709 701
3 701 709 702
3 709 710 702
3 662 665 663
3 665 711 663
3 663 711 703
3 711 712 703
3 703 712 704
3 712 713 704
3 704 713 705
3 713 714 705
3 705 714 706
3 714 715 706
3 706 715 707
3 715 716 707
3 707 716 708
3 716 717 708
3 708 717 709
3 717 718 709
3 709 718 710
3 718 719 710
3 664 667 665
3 667 720 665
3 665 720 711
3 720 721 711
3 711 721 712
3 721 722 712
3 712 722 713
3 722 723 713
3 713 723 714
3 723 724 714
3 714 724 715
3 724 725 715
3 715 725 716
3 725 726 716
3 716 726 717
3 726 727 717
3 717 727 718
3 727 728 718
3 718 728 719
3 728 729 719
3 666 669 667
3 669 730 667
3 667 730 720
3 730 731 720
3 720 731 721
3 731 732 721
3 721 732 722
3 732 733 722
3 722 733 723
3 733 734 723
3 723 734 724
3 734 735 724
3 724 735 725
3 735 736 725
3 725 736 726
3 736 737 726
3 726 737 727
3 737 738 727
3 727 738 728
3 738 739 728
3 728 739 729
3 739 740 729
3 668 671 669
3 671 741 669
3 669 741 730
3 741 742 730
3 730 742 731
3 742 743 731
3 731 743 732
3 743 744 732
3 732 744 733
3 744 745 733
3 733 745 734
3 745 746 734
3 734 746 735
3 746 747 735
3 735 747 736
3 747 748 736
3 736 748 737
3 748 749 737
3 737 749 738
3 749 750 738
3 738 750 739
3 750 751 739
3 739 751 740
3 751 752 740
3 670 673 671
3 673 753 671
3 671 753 741
3 753 754 741
3 741 754 742
3 754 755 742
3 742 755 743
3 755 756 743
3 743 756 744
3 756 757 744
3 744 757 745
3 757 758 745
3 745 758 746
3 758 759 746
3 746 759 747
3 759 760 747
3 747 760 748
3 760 761 748
3 748 761 749
3 761 762 749
3 749 762 750
3 762 763 750
3 750 763 751
3 763 764 751
3 751 764 752
3 764 765 752
3 672 674 673
3 674 766 673
3 673 766 753
3 766 767 753
3 753 767 754
3 767 768 754
3 754 768 755
3 768 769 755
3 755 769 756
3 769 770 756
3 756 770 757
3 770 771 757
3 757 771 758
3 771 772 758
3 758 772 759
3 772 773 759
3 759 773 760
3 773 774 760
3 760 774 761
3 774 775 761
3 761 775 762
3 775 776 762
3 762 776 763
3 776 777 763
3 763 777 764
3 777 778 764
3 764 778 765
3 778 779 765
3 35 34 674
3 34 780 674
3 674 780 766
3 780 781 766
3 766 781 767
3 781 782 767
3 767 782 768
3 782 783 768
3 768 783 769
3 783 784 769
3 769 784 770
3 784 785 770
3 770 785 771
3 785 786 771
3 771 786 772
3 786 787 772
3 772 787 773
3 787 788 773
3 773 788 774
3 788 789 774
3 774 789 775
3 789 790 775
3 775 790 776
3 790 791 776
3 776 791 777
3 791 792 777
3 777 792 778
3 792 793 778
3 778 793 779
3 793 45 779
3 794 46 45
3 795 796 794
3 797 798 795
3 799 800 797
3 801 802 799
3 803 804 801
3 805 806 803
3 807 808 805
3 809 810 807
3 811 812 809
3 813 814 811
3 815 816 813
3 817 818 815
3 819 820 817
3 32 821 819
3 794 796 46
3 796 183 46
3 795 798 796
3 798 822 796
3 796 822 183
3 822 184 183
3 797 800 798
3 800 823 798
3 798 823 822
3 823 824 822
3 822 824 184
3 824 185 184
3 799 802 800
3 802 825 800
3 800 825 823
3 825 826 823
3 823 826 824
3 826 827 824
3 824 827 185
3 827 186 185
3 801 804 802
3 804 828 802
3 802 828 825
3 828 829 825
3 825 829 826
3 829 830 826
3 826 830 827
3 830 831 827
3 827 831 186
3 831 187 186
3 803 806 804
3 806 832 804
3 804 832 828
3 832 833 828
3 828 833 829
3 833 834 829
3 829 834 830
3 834 835 830
3 830 835 831
3 835 836 831
3 831 836 187
3 836 188 187
3 805 808 806
3 808 837 806
3 806 837 832
3 837 838 832
3 832 838 833
3 838 839 833
3 833 839 834
3 839 840 834
3 834 840 835
3 840 841 835
3 835 841 836
3 841 842 836
3 836 842 188
3 842 189 188
3 807 810 808
3 810 843 808
3 808 843 837
3 843 844 837
3 837 844 838
3 844 845 838
3 838 845 839
3 845 846 839
3 839 846 840
3 846 847 840
3 840 847 841
3 847 848 841
3 841 848 842
3 848 849 842
3 842 849 189
3 849 190 189
3 809 812 810
3 812 850 810
3 810 850 843
3 850 851 843
3 843 851 844
3 851 852 844
3 844 852 845
3 852 853 845
3 845 853 846
3 853 854 846
3 846 854 847
3 854 855 847
3 847 855 848
3 855 856 848
3 848 856 849
3 856 857 849
3 849 857 190
3 857 191 190
3 811 814 812
3 814 858 812
3 812 858 850
3 858 859 850
3 850 859 851
3 859 860 851
3 851 860 852
3 860 861 852
3 852 861 853
3 861 862 853
3 853 862 854
3 862 863 854
3 854 863 855
3 863 864 855
3 855 864 856
3 864 865 856
3 856 865 857
3 865 866 857
3 857 866 191
3 866 192 191
3 813 816 814
3 816 867 814
3 814 867 858
3 867 868 858
3 858 868 859
3 868 869 859
3 859 869 860
3 869 870 860
3 860 870 861
3 870 871 861
3 861 871 862
3 871 872 862
3 862 872 863
3 872 873 863
3 863 873 864
3 873 874 864
3 864 874 865
3 874 875 865
3 865 875 866
3 875 876 866
3 866 876 192
3 876 193 192
3 815 818 816
3 818 877 816
3 816 877 867
3 877 878 867
3 867 878 868
3 878 879 868
3 868 879 869
3 879 880 869
3 869 880 870
3 880 881 870
3 870 881 871
3 881 882 871
3 871 882 872
3 882 883 872
3 872 883 873
3 883 884 873
3 873 884 874
3 884 885 874
3 874 885 875
3 885 886 875
3 875 886 876
3 886 887 876
3 876 887 193
3 887 194 193
3 817 820 818
3 820 888 818
3 818 888 877
3 888 889 877
3 877 889 878
3 889 890 878
3 878 890 879
3 890 891 879
3 879 891 880
3 891 892 880
3 880 892 881
3 892 893 881
3 881 893 882
3 893 894 882
3 882 894 883
3 894 895 883
3 883 895 884
3 895 896 884
3 884 896 885
3 896 897 885
3 885 897 886
3 897 898 886
3 886 898 887
3 898 899 887
3 887 899 194
3 899 195 194
3 819 821 820
3 821 900 820
3 820 900 888
3 900 901 888
3 888 901 889
3 901 902 889
3 889 902 890
3 902 903 890
3 890 903 891
3 903 904 891
3 891 904 892
3 904 905 892
3 892 905 893
3 905 906 893
3 893 906 894
3 906 907 894
3 894 907 895
3 907 908 895
3 895 908 896
3 908 909 896
3 896 909 897
3 909 910 897
3 897 910 898
3 910 911 898
3 898 911 899
3 911 912 899
3 899 912 195
3 912 196 195
3 32 27 821
3 27 913 821
3 821 913 900
3 913 914 900
3 900 914 901
3 914 915 901
3 901 915 902
3 915 916 902
3 902 916 903
3 916 917 903
3 903 917 904
3 917 918 904
3 904 918 905
3 918 919 905
3 905 919 906
3 919 920 906
3 906 920 907
3 920 921 907
3 907 921 908
3 921 922 908
3 908 922 909
3 922 923 909
3 909 923 910
3 923 924 910
3 910 924 911
3 924 925 911
3 911 925 912
3 925 926 912
3 912 926 196
3 926 42 196
3 927 43 42
3 928 929 927
3 930 931 928
3 932 933 930
3 934 935 932
3 936 937 934
3 938 939 936
3 940 941 938
3 942 943 940
3 944 945 942
3 946 947 944
3 948 949 946
3 950 951 948
3 952 953 950
3 31 954 952
3 927 929 43
3 929 332 43
3 928 931 929
3 931 955 929
3 929 955 332
3 955 333 332
3 930 933 931
3 933 956 931
3 931 956 955
3 956 957 955
3 955 957 333
3 957 334 333
3 932 935 933
3 935 958 933
3 933 958 956
3 958 959 956
3 956 959 957
3 959 960 957
3 957 960 334
3 960 335 334
3 934 937 935
3 937 961 935
3 935 961 958
3 961 962 958
3 958 962 959
3 962 963 959
3 959 963 960
3 963 964 960
3 960 964 335
3 964 336 335
3 936 939 937
3 939 965 937
3 937 965 961
3 965 966 961
3 961 966 962
3 966 967 962
3 962 967 963
3 967 968 963
3 963 968 964
3 968 969 964
3 964 969 336
3 969 337 336
3 938 941 939
3 941 970 939
3 939 970 965
3 970 971 965
3 965 971 966
3 971 972 966
3 966 972 967
3 972 973 967
3 967 973 968
3 973 974 968
3 968 974 969
3 974 975 969
3 969 975 337
3 975 338 337
3 940 943 941
3 943 976 941
3 941 976 970
3 976 977 970
3 970 977 971
3 977 978 971
3 971 978 972
3 978 979 972
3 972 979 973
3 979 980 973
3 973 980 974
3 980 981 974
3 974 981 975
3 981 982 975
3 975 982 338
3 982 339 338
3 942 945 943
3 945 983 943
3 943 983 976
3 983 984 976
3 976 984 977
3 984 985 977
3 977 985 978
3 985 986 978
3 978 986 979
3 986 987 979
3 979 987 980
3 987 988 980
3 980 988 981
3 988 989 981
3 981 989 982
3 989 990 982
3 982 990 339
3 990 340 339
3 944 947 945
3 947 991 945
3 945 991 983
3 991 992 983
3 983 992 984
3 992 993 984
3 984 993 985
3 993 994 985
3 985 994 986
3 994 995 986
3 986 995 987
3 995 996 987
3 987 996 988
3 996 997 988
3 988 997 989
3 997 998 989
3 989 998 990
3 998 999 990
3 990 999 340
3 999 341 340
3 946 949 947
3 949 1000 947
3 947 1000 991
3 1000 1001 991
3 991 1001 992
3 1001 1002 992
3 992 1002 993
3 1002 1003 993
3 993 1003 994
3 1003 1004 994
3 994 1004 995
3 1004 1005 995
3 995 1005 996
3 1005 1006 996
3 996 1006 997
3 1006 1007 997
3 997 1007 998
3 1007 1008 998
3 998 1008 999
3 1008 1009 999
3 999 1009 341
3 1009 342 341
3 948 951 949
3 951 1010 949
3 949 1010 1000
3 1010 1011 1000
3 1000 1011 1001
3 1011 1012 1001
3 1001 1012 1002
3 1012 1013 1002
3 1002 1013 1003
3 1013 1014 1003
3 1003 1014 1004
3 1014 1015 1004
3 1004 1015 1005
3 1015 1016 1005
3 1005 1016 1006
3 1016 1017 1006
3 1006 1017 1007
3 1017 1018 1007
3 1007 1018 1008
3 1018 1019 1008
3 1008 1019 1009
3 1019 1020 1009
3 1009 1020 342
3 1020 343 342
3 950 953 951
3 953 1021 951
3 951 1021 1010
3 1021 1022 1010
3 1010 1022 1011
3 1022 1023 1011
3 1011 1023 1012
3 1023 1024 1012
3 1012 1024 1013
3 1024 1025 1013
3 1013 1025 1014
3 1025 1026 1014
3 1014 1026 1015
3 1026 1027 1015
3 1015 1027 1016
3 1027 1028 1016
3 1016 1028 1017
3 1028 1029 1017
3 1017 1029 1018
3 1029 1030 1018
3 1018 1030 1019
3 1030 1031 1019
3 1019 1031 1020
3 1031 1032 1020
3 1020 1032 343
3 1032 344 343
3 952 954 953
3 954 1033 953
3 953 1033 1021
3 1033 1034 1021
3 1021 1034 1022
3 1034 1035 1022
3 1022 1035 1023
3 1035 1036 1023
3 1023 1036 1024
3 1036 1037 1024
3 1024 1037 1025
3 1037 1038 1025
3 1025 1038 1026
3 1038 1039 1026
3 1026 1039 1027
3 1039 1040 1027
3 1027 1040 1028
3 1040 1041 1028
3 1028 1041 1029
3 1041 1042 1029
3 1029 1042 1030
3 1042 1043 1030
3 1030 1043 1031
3 1043 1044 1031
3 1031 1044 1032
3 1044 1045 1032
3 1032 1045 344
3 1045 345 344
3 31 24 954
3 24 1046 954
3 954 1046 1033
3 1046 1047 1033
3 1033 1047 1034
3 1047 1048 1034
3 1034 1048 1035
3 1048 1049 1035
3 1035 1049 1036
3 1049 1050 1036
3 1036 1050 1037
3 1050 1051 1037
3 1037 1051 1038
3 1051 1052 1038
3 1038 1052 1039
3 1052 1053 1039
3 1039 1053 1040
3 1053 1054 1040
3 1040 1054 1041
3 1054 1055 1041
3 1041 1055 1042
3 1055 1056 1042
3 1042 1056 1043
3 1056 1057 1043
3 1043 1057 1044
3 1057 1058 1044
3 1044 1058 1045
3 1058 1059 1045
3 1045 1059 345
3 1059 39 345
3 1060 40 39
3 1061 1062 1060
3 1063 1064 1061
3 1065 1066 1063
3 1067 1068 1065
3 1069 1070 1067
3 1071 1072 1069
3 1073 1074 1071
3 1075 1076 1073
3 1077 1078 1075
3 1079 1080 1077
3 1081 1082 1079
3 1083 1084 1081
3 1085 1086 1083
3 30 1087 1085
3 1060 1062 40
3 1062 481 40
3 1061 1064 1062
3 1064 1088 1062
3 1062 1088 481
3 1088 482 481
3 1063 1066 1064
3 1066 1089 1064
3 1064 1089 1088
3 1089 1090 1088
3 1088 1090 482
3 1090 483 482
3 1065 1068 1066
3 1068 1091 1066
3 1066 1091 1089
3 1091 1092 1089
3 1089 1092 1090
3 1092 1093 1090
3 1090 1093 483
3 1093 484 483
3 1067 1070 1068
3 1070 1094 1068
3 1068 1094 1091
3 1094 1095 1091
3 1091 1095 1092
3 1095 1096 1092
3 1092 1096 1093
3 1096 1097 1093
3 1093 1097 484
3 1097 485 484
3 1069 1072 1070
3 1072 1098 1070
3 1070 1098 1094
3 1098 1099 1094
3 1094 1099 1095
3 1099 1100 1095
3 1095 1100 1096
3 1100 1101 1096
3 1096 1101 1097
3 1101 1102 1097
3 1097 1102 485
3 1102 486 485
3 1071 1074 1072
3 1074 1103 1072
3 1072 1103 1098
3 1103 1104 1098
3 1098 1104 1099
3 1104 1105 1099
3 1099 1105 1100
3 1105 1106 1100
3 1100 1106 1101
3 1106 1107 1101
3 1101 1107 1102
3 1107 1108 1102
3 1102 1108 486
3 1108 487 486
3 1073 1076 1074
3 1076 1109 1074
3 1074 1109 1103
3 1109 1110 1103
3 1103 1110 1104
3 1110 1111 1104
3 1104 1111 1105
3 1111 1112 1105
3 1105 1112 1106
3 1112 1113 1106
3 1106 1113 1107
3 1113 1114 1107
3 1107 1114 1108
3 1114 1115 1108
3 1108 1115 487
3 1115 488 487
3 1075 1078 1076
3 1078 1116 1076
3 1076 1116 1109
3 1116 1117 1109
3 1109 1117 1110
3 1117 1118 1110
3 1110 1118 1111
3 1118 1119 1111
3 1111 1119 1112
3 1119 1120 1112
3 1112 1120 1113
3 1120 1121 1113
3 1113 1121 1114
3 1121 1122 1114
3 1114 1122 1115
3 1122 1123 1115
3 1115 1123 488
3 1123 489 488
3 1077 1080 1078
3 1080 1124 1078
3 1078 1124 1116
3 1124 1125 1116
3 1116 1125 1117
3 1125 1126 1117
3 1117 1126 1118
3 1126 1127 1118
3 1118 1127 1119
3 1127 1128 1119
3 1119 1128 1120
3 1128 1129 1120
3 1120 1129 1121
3 1129 1130 1121
3 1121 1130 1122
3 1130 1131 1122
3 1122 1131 1123
3 1131 1132 1123
3 1123 1132 489
3 1132 490 489
3 1079 1082 1080
3 1082 1133 1080
3 1080 1133 1124
3 1133 1134 1124
3 1124 1134 1125
3 1134 1135 1125
3 1125 1135 1126
3 1135 1136 1126
3 1126 1136 1127
3 1136 1137 1127
3 1127 1137 1128
3 1137 1138 1128
3 1128 1138 1129
3 1138 1139 1129
3 1129 1139 1130
3 1139 1140 1130
3 1130 1140 1131
3 1140 1141 1131
3 1131 1141 1132
3 1141 1142 1132
3 1132 1142 490
3 1142 491 490
3 1081 1084 1082
3 1084 1143 1082
3 1082 1143 1133
3 1143 1144 1133
3 1133 1144 1134
3 1144 1145 1134
3 1134 1145 1135
3 1145 1146 1135
3 1135 1146 1136
3 1146 1147 1136
3 1136 1147 1137
3 1147 1148 1137
3 1137 1148 1138
3 1148 1149 1138
3 1138 1149 1139
3 1149 1150 1139
3 1139 1150 1140
3 1150 1151 1140
3 1140 1151 1141
3 1151 1152 1141
3 1141 1152 1142
3 1152 1153 1142
3 1142 1153 491
3 1153 492 491
3 1083 1086 1084
3 1086 1154 1084
3 1084 1154 1143
3 1154 1155 1143
3 1143 1155 1144
3 1155 1156 1144
3 1144 1156 1145
3 1156 1157 1145
3 1145 1157 1146
3 1157 1158 1146
3 1146 1158 1147
3 1158 1159 1147
3 1147 1159 1148
3 1159 1160 1148
3 1148 1160 1149
3 1160 1161 1149
3 1149 1161 1150
3 1161 1162 1150
3 1150 1162 1151
3 1162 1163 1151
3 1151 1163 1152
3 1163 1164 1152
3 1152 1164 1153
3 1164 1165 1153
3 1153 1165 492
3 1165 493 492
3 1085 1087 1086
3 1087 1166 1086
3 1086 1166 1154
3 1166 1167 1154
3 1154 1167 1155
3 1167 1168 1155
3 1155 1168 1156
3 1168 1169 1156
3 1156 1169 1157
3 1169 1170 1157
3 1157 1170 1158
3 1170 1171 1158
3 1158 1171 1159
3 1171 1172 1159
3 1159 1172 1160
3 1172 1173 1160
3 1160 1173 1161
3 1173 1174 1161
3 1161 1174 1162
3 1174 1175 1162
3 1162 1175 1163
3 1175 1176 1163
3 1163 1176 1164
3 1176 1177 1164
3 1164 1177 1165
3 1177 1178 1165
3 1165 1178 493
3 1178 494 493
3 30 21 1087
3 21 1179 1087
3 1087 1179 1166
3 1179 1180 1166
3 1166 1180 1167
3 1180 1181 1167
3 1167 1181 1168
3 1181 1182 1168
3 1168 1182 1169
3 1182 1183 1169
3 1169 1183 1170
3 1183 1184 1170
3 1170 1184 1171
3 1184 1185 1171
3 1171 1185 1172
3 1185 1186 1172
3 1172 1186 1173
3 1186 1187 1173
3 1173 1187 1174
3 1187 1188 1174
3 1174 1188 1175
3 1188 1189 1175
3 1175 1189 1176
3 1189 1190 1176
3 1176 1190 1177
3 1190 1191 1177
3 1177 1191 1178
3 1191 1192 1178
3 1178 1192 494
3 1192 495 494
3 1193 37 36
3 1194 1195 1193
3 1196 1197 1194
3 1198 1199 1196
3 1200 1201 1198
3 1202 1203 1200
3 1204 1205 1202
3 1206 1207 1204
3 1208 1209 1206
3 1210 1211 1208
3 1212 1213 1210
3 1214 1215 1212
3 1216 1217 1214
3 1218 1219 1216
3 29 1220 1218
3 1193 1195 37
3 1195 631 37
3 1194 1197 1195
3 1197 1221 1195
3 1195 1221 631
3 1221 632 631
3 1196 1199 1197
3 1199 1222 1197
3 1197 1222 1221
3 1222 1223 1221
3 1221 1223 632
3 1223 633 632
3 1198 1201 1199
3 1201 1224 1199
3 1199 1224 1222
3 1224 1225 1222
3 1222 1225 1223
3 1225 1226 1223
3 1223 1226 633
3 1226 634 633
3 1200 1203 1201
3 1203 1227 1201
3 1201 1227 1224
3 1227 1228 1224
3 1224 1228 1225
3 1228 1229 1225
3 1225 1229 1226
3 1229 1230 1226
3 1226 1230 634
3 1230 635 634
3 1202 1205 1203
3 1205 1231 1203
3 1203 1231 1227
3 1231 1232 1227
3 1227 1232 1228
3 1232 1233 1228
3 1228 1233 1229
3 1233 1234 1229
3 1229 1234 1230
3 1234 1235 1230
3 1230 1235 635
3 1235 636 635
3 1204 1207 1205
3 1207 1236 1205
3 1205 1236 1231
3 1236 1237 1231
3 1231 1237 1232
3 1237 1238 1232
3 1232 1238 1233
3 1238 1239 1233
3 1233 1239 1234
3 1239 1240 1234
3 1234 1240 1235
3 1240 1241 1235
3 1235 1241 636
3 1241 637 636
3 1206 1209 1207
3 1209 1242 1207
3 1207 1242 1236
3 1242 1243 1236
3 1236 1243 1237
3 1243 1244 1237
3 1237 1244 1238
3 1244 1245 1238
3 1238 1245 1239
3 1245 1246 1239
3 1239 1246 1240
3 1246 1247 1240
3 1240 1247 1241
3 1247 1248 1241
3 1241 1248 637
3 1248 638 637
3 1208 1211 1209
3 1211 1249 1209
3 1209 1249 1242
3 1249 1250 1242
3 1242 1250 1243
3 1250 1251 1243
3 1243 1251 1244
3 1251 1252 1244
3 1244 1252 1245
3 1252 1253 1245
3 1245 1253 1246
3 1253 1254 1246
3 1246 1254 1247
3 1254 1255 1247
3 1247 1255 1248
3 1255 1256 1248
3 1248 1256 638
3 1256 639 638
3 1210 1213 1211
3 1213 1257 1211
3 1211 1257 1249
3 1257 1258 1249
3 1249 1258 1250
3 1258 1259 1250
3 1250 1259 1251
3 1259 1260 1251
3 1251 1260 1252
3 1260 1261 1252
3 1252 1261 1253
3 1261 1262 1253
3 1253 1262 1254
3 1262 1263 1254
3 1254 1263 1255
3 1263 1264 1255
3 1255 1264 1256
3 1264 1265 1256
3 1256 1265 639
3 1265 640 639
3 1212 1215 1213
3 1215 1266 1213
3 1213 1266 1257
3 1266 1267 1257
3 1257 1267 1258
3 1267 1268 1258
3 1258 1268 1259
3 1268 1269 1259
3 1259 1269 1260
3 1269 1270 1260
3 1260 1270 1261
3 1270 1271 1261
3 1261 1271 1262
3 1271 1272 1262
3 1262 1272 1263
3 1272 1273 1263
3 1263 1273 1264
3 1273 1274 1264
3 1264 1274 1265
3 1274 1275 1265
3 1265 1275 640
3 1275 641 640
3 1214 1217 1215
3 1217 1276 1215
3 1215 1276 1266
3 1276 1277 1266
3 1266 1277 1267
3 1277 1278 1267
3 1267 1278 1268
3 1278 1279 1268
3 1268 1279 1269
3 1279 1280 1269
3 1269 1280 1270
3 1280 1281 1270
3 1270 1281 1271
3 1281 1282 1271
3 1271 1282 1272
3 1282 1283 1272
3 1272 1283 1273
3 1283 1284 1273
3 1273 1284 1274
3 1284 1285 1274
3 1274 1285 1275
3 1285 1286 1275
3 1275 1286 641
3 1286 642 641
3 1216 1219 1217
3 1219 1287 1217
3 1217 1287 1276
3 1287 1288 1276
3 1276 1288 1277
3 1288 1289 1277
3 1277 1289 1278
3 1289 1290 1278
3 1278 1290 1279
3 1290 1291 1279
3 1279 1291 1280
3 1291 1292 1280
3 1280 1292 1281
3 1292 1293 1281
3 1281 1293 1282
3 1293 1294 1282
3 1282 1294 1283
3 1294 1295 1283
3 1283 1295 1284
3 1295 1296 1284
3 1284 1296 1285
3 1296 1297 1285
3 1285 1297 1286
3 1297 1298 1286
3 1286 1298 642
3 1298 643 642
3 1218 1220 1219
3 1220 1299 1219
3 1219 1299 1287
3 1299 1300 1287
3 1287 1300 1288
3 1300 1301 1288
3 1288 1301 1289
3 1301 1302 1289
3 1289 1302 1290
3 1302 1303 1290
3 1290 1303 1291
3 1303 1304 1291
3 1291 1304 1292
3 1304 1305 1292
3 1292 1305 1293
3 1305 1306 1293
3 1293 1306 1294
3 1306 1307 1294
3 1294 1307 1295
3 1307 1308 1295
3 1295 1308 1296
3 1308 1309 1296
3 1296 1309 1297
3 1309 1310 1297
3 1297 1310 1298
3 1310 1311 1298
3 1298 1311 643
3 1311 644 643
3 29 18 1220
3 18 1312 1220
3 1220 1312 1299
3 1312 1313 1299
3 1299 1313 1300
3 1313 1314 1300
3 1300 1314 1301
3 1314 1315 1301
3 1301 1315 1302
3 1315 1316 1302
3 1302 1316 1303
3 1316 1317 1303
3 1303 1317 1304
3 1317 1318 1304
3 1304 1318 1305
3 1318 1319 1305
3 1305 1319 1306
3 1319 1320 1306
3 1306 1320 1307
3 1320 1321 1307
3 1307 1321 1308
3 1321 1322 1308
3 1308 1322 1309
3 1322 1323 1309
3 1309 1323 1310
3 1323 1324 1310
3 1310 1324 1311
3 1324 1325 1311
3 1311 1325 644
3 1325 33 644
3 1326 34 33
3 1327 1328 1326
3 1329 1330 1327
3 1331 1332 1329
3 1333 1334 1331
3 1335 1336 1333
3 1337 1338 1335
3 1339 1340 1337
3 1341 1342 1339
3 1343 1344 1341
3 1345 1346 1343
3 1347 1348 1345
3 1349 1350 1347
3 1351 1352 1349
3 28 1353 1351
3 1326 1328 34
3 1328 780 34
3 1327 1330 1328
3 1330 1354 1328
3 1328 1354 780
3 1354 781 780
3 1329 1332 1330
3 1332 1355 1330
3 1330 1355 1354
3 1355 1356 1354
3 1354 1356 781
3 1356 782 781
3 1331 1334 1332
3 1334 1357 1332
3 1332 1357 1355
3 1357 1358 1355
3 1355 1358 1356
3 1358 1359 1356
3 1356 1359 782
3 1359 783 782
3 1333 1336 1334
3 1336 1360 1334
3 1334 1360 1357
3 1360 1361 1357
3 1357 1361 1358
3 1361 1362 1358
3 1358 1362 1359
3 1362 1363 1359
3 1359 1363 783
3 1363 784 783
3 1335 1338 1336
3 1338 1364 1336
3 1336 1364 1360
3 1364 1365 1360
3 1360 1365 1361
3 1365 1366 1361
3 1361 1366 1362
3 1366 1367 1362
3 1362 1367 1363
3 1367 1368 1363
3 1363 1368 784
3 1368 785 784
3 1337 1340 1338
3 1340 1369 1338
3 1338 1369 1364
3 1369 1370 1364
3 1364 1370 1365
3 1370 1371 1365
3 1365 1371 1366
3 1371 1372 1366
3 1366 1372 1367
3 1372 1373 1367
3 1367 1373 1368
3 1373 1374 1368
3 1368 1374 785
3 1374 786 785
3 1339 1342 1340
3 1342 1375 1340
3 1340 1375 1369
3 1375 1376 1369
3 1369 1376 1370
3 1376 1377 1370
3 1370 1377 1371
3 1377 1378 1371
3 1371 1378 1372
3 1378 1379 1372
3 1372 1379 1373
3 1379 1380 1373
3 1373 1380 1374
3 1380 1381 1374
3 1374 1381 786
3 1381 787 786
3 1341 1344 1342
3 1344 1382 1342
3 1342 1382 1375
3 1382 1383 1375
3 1375 1383 1376
3 1383 1384 1376
3 1376 1384 1377
3 1384 1385 1377
3 1377 1385 1378
3 1385 1386 1378
3 1378 1386 1379
3 1386 1387 1379
3 1379 1387 1380
3 1387 1388 1380
3 1380 1388 1381
3 1388 1389 1381
3 1381 1389 787
3 1389 788 787
3 1343 1346 1344
3 1346 1390 1344
3 1344 1390 1382
3 1390 1391 1382
3 1382 1391 1383
3 1391 1392 1383
3 1383 1392 1384
3 1392 1393 1384
3 1384 1393 1385
3 1393 1394 1385
3 1385 1394 1386
3 1394 1395 1386
3 1386 1395 1387
3 1395 1396 1387
3 1387 1396 1388
3 1396 1397 1388
3 1388 1397 1389
3 1397 1398 1389
3 1389 1398 788
3 1398 789 788
3 1345 1348 1346
3 1348 1399 1346
3 1346 1399 1390
3 1399 1400 1390
3 1390 1400 1391
3 1400 1401 1391
3 1391 1401 1392
3 1401 1402 1392
3 1392 1402 1393
3 1402 1403 1393
3 1393 1403 1394
3 1403 1404 1394
3 1394 1404 1395
3 1404 1405 1395
3 1395 1405 1396
3 1405 1406 1396
3 1396 1406 1397
3 1406 1407 1397
3 1397 1407 1398
3 1407 1408 1398
3 1398 1408 789
3 1408 790 789
3 1347 1350 1348
3 1350 1409 1348
3 1348 1409 1399
3 1409 1410 1399
3 1399 1410 1400
3 1410 1411 1400
3 1400 1411 1401
3 1411 1412 1401
3 1401 1412 1402
3 1412 1413 1402
3 1402 1413 1403
3 1413 1414 1403
3 1403 1414 1404
3 1414 1415 1404
3 1404 1415 1405
3 1415 1416 1405
3 1405 1416 1406
3 1416 1417 1406
3 1406 1417 1407
3 1417 1418 1407
3 1407 1418 1408
3 1418 1419 1408
3 1408 1419 790
3 1419 791 790
3 1349 1352 1350
3 1352 1420 1350
3 1350 1420 1409
3 1420 1421 1409
3 1409 1421 1410
3 1421 1422 1410
3 1410 1422 1411
3 1422 1423 1411
3 1411 1423 1412
3 1423 1424 1412
3 1412 1424 1413
3 1424 1425 1413
3 1413 1425 1414
3 1425 1426 1414
3 1414 1426 1415
3 1426 1427 1415
3 1415 1427 1416
3 1427 1428 1416
3 1416 1428 1417
3 1428 1429 1417
3 1417 1429 1418
3 1429 1430 1418
3 1418 1430 1419
3 1430 1431 1419
3 1419 1431 791
3 1431 792 791
3 1351 1353 1352
3 1353 1432 1352
3 1352 1432 1420
3 1432 1433 1420
3 1420 1433 1421
3 1433 1434 1421
3 1421 1434 1422
3 1434 1435 1422
3 1422 1435 1423
3 1435 1436 1423
3 1423 1436 1424
3 1436 1437 1424
3 1424 1437 1425
3 1437 1438 1425
3 1425 1438 1426
3 1438 1439 1426
3 1426 1439 1427
3 1439 1440 1427
3 1427 1440 1428
3 1440 1441 1428
3 1428 1441 1429
3 1441 1442 1429
3 1429 1442 1430
3 1442 1443 1430
3 1430 1443 1431
3 1443 1444 1431
3 1431 1444 792
3 1444 793 792
3 28 15 1353
3 15 1445 1353
3 1353 1445 1432
3 1445 1446 1432
3 1432 1446 1433
3 1446 1447 1433
3 1433 1447 1434
3 1447 1448 1434
3 1434 1448 1435
3 1448 1449 1435
3 1435 1449 1436
3 1449 1450 1436
3 1436 1450 1437
3 1450 1451 1437
3 1437 1451 1438
3 1451 1452 1438
3 1438 1452 1439
3 1452 1453 1439
3 1439 1453 1440
3 1453 1454 1440
3 1440 1454 1441
3 1454 1455 1441
3 1441 1455 1442
3 1455 1456 1442
3 1442 1456 1443
3 1456 1457 1443
3 1443 1457 1444
3 1457 1458 1444
3 1444 1458 793
3 1458 45 793
3 926 927 42
3 925 1459 926
3 924 1460 925
3 923 1461 924
3 922 1462 923
3 921 1463 922
3 920 1464 921
3 919 1465 920
3 918 1466 919
3 917 1467 918
3 916 1468 917
3 915 1469 916
3 914 1470 915
3 913 1471 914
3 27 1472 913
3 926 1459 927
3 1459 928 927
3 925 1460 1459
3 1460 1473 1459
3 1459 1473 928
3 1473 930 928
3 924 1461 1460
3 1461 1474 1460
3 1460 1474 1473
3 1474 1475 1473
3 1473 1475 930
3 1475 932 930
3 923 1462 1461
3 1462 1476 1461
3 1461 1476 1474
3 1476 1477 1474
3 1474 1477 1475
3 1477 1478 1475
3 1475 1478 932
3 1478 934 932
3 922 1463 1462
3 1463 1479 1462
3 1462 1479 1476
3 1479 1480 1476
3 1476 1480 1477
3 1480 1481 1477
3 1477 1481 1478
3 1481 1482 1478
3 1478 1482 934
3 1482 936 934
3 921 1464 1463
3 1464 1483 1463
3 1463 1483 1479
3 1483 1484 1479
3 1479 1484 1480
3 1484 1485 1480
3 1480 1485 1481
3 1485 1486 1481
3 1481 1486 1482
3 1486 1487 1482
3 1482 1487 936
3 1487 938 936
3 920 1465 1464
3 1465 1488 1464
3 1464 1488 1483
3 1488 1489 1483
3 1483 1489 1484
3 1489 1490 1484
3 1484 1490 1485
3 1490 1491 1485
3 1485 1491 1486
3 1491 1492 1486
3 1486 1492 1487
3 1492 1493 1487
3 1487 1493 938
3 1493 940 938
3 919 1466 1465
3 1466 1494 1465
3 1465 1494 1488
3 1494 1495 1488
3 1488 1495 1489
3 1495 1496 1489
3 1489 1496 1490
3 1496 1497 1490
3 1490 1497 1491
3 1497 1498 1491
3 1491 1498 1492
3 1498 1499 1492
3 1492 1499 1493
3 1499 1500 1493
3 1493 1500 940
3 1500 942 940
3 918 1467 1466
3 1467 1501 1466
3 1466 1501 1494
3 1501 1502 1494
3 1494 1502 1495
3 1502 1503 1495
3 1495 1503 1496
3 1503 1504 1496
3 1496 1504 1497
3 1504 1505 1497
3 1497 1505 1498
3 1505 1506 1498
3 1498 1506 1499
3 1506 1507 1499
3 1499 1507 1500
3 1507 1508 1500
3 1500 1508 942
3 1508 944 942
3 917 1468 1467
3 1468 1509 1467
3 1467 1509 1501
3 1509 1510 1501
3 1501 1510 1502
3 1510 1511 1502
3 1502 1511 1503
3 1511 1512 1503
3 1503 1512 1504
3 1512 1513 1504
3 1504 1513 1505
3 1513 1514 1505
3 1505 1514 1506
3 1514 1515 1506
3 1506 1515 1507
3 1515 1516 1507
3 1507 1516 1508
3 1516 1517 1508
3 1508 1517 944
3 1517 946 944
3 916 1469 1468
3 1469 1518 1468
3 1468 1518 1509
3 1518 1519 1509
3 1509 1519 1510
3 1519 1520 1510
3 1510 1520 1511
3 1520 1521 1511
3 1511 1521 1512
3 1521 1522 1512
3 1512 1522 1513
3 1522 1523 1513
3 1513 1523 1514
3 1523 1524 1514
3 1514 1524 1515
3 1524 1525 1515
3 1515 1525 1516
3 1525 1526 1516
3 1516 1526 1517
3 1526 1527 1517
3 1517 1527 946
3 1527 948 946
3 915 1470 1469
3 1470 1528 1469
3 1469 1528 1518
3 1528 1529 1518
3 1518 1529 1519
3 1529 1530 1519
3 1519 1530 1520
3 1530 1531 1520
3 1520 1531 1521
3 1531 1532 1521
3 1521 1532 1522
3 1532 1533 1522
3 1522 1533 1523
3 1533 1534 1523
3 1523 1534 1524
3 1534 1535 1524
3 1524 1535 1525
3 1535 1536 1525
3 1525 1536 1526
3 1536 1537 1526
3 1526 1537 1527
3 1537 1538 1527
3 1527 1538 948
3 1538 950 948
3 914 1471 1470
3 1471 1539 1470
3 1470 1539 1528
3 1539 1540 1528
3 1528 1540 1529
3 1540 1541 1529
3 1529 1541 1530
3 1541 1542 1530
3 1530 1542 1531
3 1542 1543 1531
3 1531 1543 1532
3 1543 1544 1532
3 1532 1544 1533
3 1544 1545 1533
3 1533 1545 1534
3 1545 1546 1534
3 1534 1546 1535
3 1546 1547 1535
3 1535 1547 1536
3 1547 1548 1536
3 1536 1548 1537
3 1548 1549 1537
3 1537 1549 1538
3 1549 1550 1538
3 1538 1550 950
3 1550 952 950
3 913 1472 1471
3 1472 1551 1471
3 1471 1551 1539
3 1551 1552 1539
3 1539 1552 1540
3 1552 1553 1540
3 1540 1553 1541
3 1553 1554 1541
3 1541 1554 1542
3 1554 1555 1542
3 1542 1555 1543
3 1555 1556 1543
3 1543 1556 1544
3 1556 1557 1544
3 1544 1557 1545
3 1557 1558 1545
3 1545 1558 1546
3 1558 1559 1546
3 1546 1559 1547
3 1559 1560 1547
3 1547 1560 1548
3 1560 1561 1548
3 1548 1561 1549
3 1561 1562 1549
3 1549 1562 1550
3 1562 1563 1550
3 1550 1563 952
3 1563 31 952
3 27 26 1472
3 26 1564 1472
3 1472 1564 1551
3 1564 1565 1551
3 1551 1565 1552
3 1565 1566 1552
3 1552 1566 1553
3 1566 1567 1553
3 1553 1567 1554
3 1567 1568 1554
3 1554 1568 1555
3 1568 1569 1555
3 1555 1569 1556
3 1569 1570 1556
3 1556 1570 1557
3 1570 1571 1557
3 1557 1571 1558
3 1571 1572 1558
3 1558 1572 1559
3 1572 1573 1559
3 1559 1573 1560
3 1573 1574 1560
3 1560 1574 1561
3 1574 1575 1561
3 1561 1575 1562
3 1575 1576 1562
3 1562 1576 1563
3 1576 1577 1563
3 1563 1577 31
3 1577 22 31
3 1059 1060 39
3 1058 1578 1059
3 1057 1579 1058
3 1056 1580 1057
3 1055 1581 1056
3 1054 1582 1055
3 1053 1583 1054
3 1052 1584 1053
3 1051 1585 1052
3 1050 1586 1051
3 1049 1587 1050
3 1048 1588 1049
3 1047 1589 1048
3 1046 1590 1047
3 24 1591 1046
3 1059 1578 1060
3 1578 1061 1060
3 1058 1579 1578
3 1579 1592 1578
3 1578 1592 1061
3 1592 1063 1061
3 1057 1580 1579
3 1580 1593 1579
3 1579 1593 1592
3 1593 1594 1592
3 1592 1594 1063
3 1594 1065 1063
3 1056 1581 1580
3 1581 1595 1580
3 1580 1595 1593
3 1595 1596 1593
3 1593 1596 1594
3 1596 1597 1594
3 1594 1597 1065
3 1597 1067 1065
3 1055 1582 1581
3 1582 1598 1581
3 1581 1598 1595
3 1598 1599 1595
3 1595 1599 1596
3 1599 1600 1596
3 1596 1600 1597
3 1600 1601 1597
3 1597 1601 1067
3 1601 1069 1067
3 1054 1583 1582
3 1583 1602 1582
3 1582 1602 1598
3 1602 1603 1598
3 1598 1603 1599
3 1603 1604 1599
3 1599 1604 1600
3 1604 1605 1600
3 1600 1605 1601
3 1605 1606 1601
3 1601 1606 1069
3 1606 1071 1069
3 1053 1584 1583
3 1584 1607 1583
3 1583 1607 1602
3 1607 1608 1602
3 1602 1608 1603
3 1608 1609 1603
3 1603 1609 1604
3 1609 1610 1604
3 1604 1610 1605
3 1610 1611 1605
3 1605 1611 1606
3 1611 1612 1606
3 1606 1612 1071
3 1612 1073 1071
3 1052 1585 1584
3 1585 1613 1584
3 1584 1613 1607
3 1613 1614 1607
3 1607 1614 1608
3 1614 1615 1608
3 1608 1615 1609
3 1615 1616 1609
3 1609 1616 1610
3 1616 1617 1610
3 1610 1617 1611
3 1617 1618 1611
3 1611 1618 1612
3 1618 1619 1612
3 1612 1619 1073
3 1619 1075 1073
3 1051 1586 1585
3 1586 1620 1585
3 1585 1620 1613
3 1620 1621 1613
3 1613 1621 1614
3 1621 1622 1614
3 1614 1622 1615
3 1622 1623 1615
3 1615 1623 1616
3 1623 1624 1616
3 1616 1624 1617
3 1624 1625 1617
3 1617 1625 1618
3 1625 1626 1618
3 1618 1626 1619
3 1626 1627 1619
3 1619 1627 1075
3 1627 1077 1075
3 1050 1587 1586
3 1587 1628 1586
3 1586 1628 1620
3 1628 1629 1620
3 1620 1629 1621
3 1629 1630 1621
3 1621 1630 1622
3 1630 1631 1622
3 1622 1631 1623
3 1631 1632 1623
3 1623 1632 1624
3 1632 1633 1624
3 1624 1633 1625
3 1633 1634 1625
3 1625 1634 1626
3 1634 1635 1626
3 1626 1635 1627
3 1635 1636 1627
3 1627 1636 1077
3 1636 1079 1077
3 1049 1588 1587
3 1588 1637 1587
3 1587 1637 1628
3 1637 1638 1628
3 1628 1638 1629
3 1638 1639 1629
3 1629 1639 1630
3 1639 1640 1630
3 1630 1640 1631
3 1640 1641 1631
3 1631 1641 1632
3 1641 1642 1632
3 1632 1642 1633
3 1642 1643 1633
3 1633 1643 1634
3 1643 1644 1634
3 1634 1644 1635
3 1644 1645 1635
3 1635 1645 1636
3 1645 1646 1636
3 1636 1646 1079
3 1646 1081 1079
3 1048 1589 1588
3 1589 1647 1588
3 1588 1647 1637
3 1647 1648 1637
3 1637 1648 1638
3 1648 1649 1638
3 1638 1649 1639
3 1649 1650 1639
3 1639 1650 1640
3 1650 1651 1640
3 1640 1651 1641
3 1651 1652 1641
3 1641 1652 1642
3 1652 1653 1642
3 1642 1653 1643
3 1653 1654 1643
3 1643 1654 1644
3 1654 1655 1644
3 1644 1655 1645
3 1655 1656 1645
3 1645 1656 1646
3 1656 1657 1646
3 1646 1657 1081
3 1657 1083 1081
3 1047 1590 1589
3 1590 1658 1589
3 1589 1658 1647
3 1658 1659 1647
3 1647 1659 1648
3 1659 1660 1648
3 1648 1660 1649
3 1660 1661 1649
3 1649 1661 1650
3 1661 1662 1650
3 1650 1662 1651
3 1662 1663 1651
3 1651 1663 1652
3 1663 1664 1652
3 1652 1664 1653
3 1664 1665 1653
3 1653 1665 1654
3 1665 1666 1654
3 1654 1666 1655
3 1666 1667 1655
3 1655 1667 1656
3 1667 1668 1656
3 1656 1668 1657
3 1668 1669 1657
3 1657 1669 1083
3 1669 1085 1083
3 1046 1591 1590
3 1591 1670 1590
3 1590 1670 1658
3 1670 1671 1658
3 1658 1671 1659
3 1671 1672 1659
3 1659 1672 1660
3 1672 1673 1660
3 1660 1673 1661
3 1673 1674 1661
3 1661 1674 1662
3 1674 1675 1662
3 1662 1675 1663
3 1675 1676 1663
3 1663 1676 1664
3 1676 1677 1664
3 1664 1677 1665
3 1677 1678 1665
3 1665 1678 1666
3 1678 1679 1666
3 1666 1679 1667
3 1679 1680 1667
3 1667 1680 1668
3 1680 1681 1668
3 1668 1681 1669
3 1681 1682 1669
3 1669 1682 1085
3 1682 30 1085
3 24 23 1591
3 23 1683 1591
3 1591 1683 1670
3 1683 1684 1670
3 1670 1684 1671
3 1684 1685 1671
3 1671 1685 1672
3 1685 1686 1672
3 1672 1686 1673
3 1686 1687 1673
3 1673 1687 1674
3 1687 1688 1674
3 1674 1688 1675
3 1688 1689 1675
3 1675 1689 1676
3 1689 1690 1676
3 1676 1690 1677
3 1690 1691 1677
3 1677 1691 1678
3 1691 1692 1678
3 1678 1692 1679
3 1692 1693 1679
3 1679 1693 1680
3 1693 1694 1680
3 1680 1694 1681
3 1694 1695 1681
3 1681 1695 1682
3 1695 1696 1682
3 1682 1696 30
3 1696 19 30
3 1192 1697 495
3 1191 1698 1192
3 1190 1699 1191
3 1189 1700 1190
3 1188 1701 1189
3 1187 1702 1188
3 1186 1703 1187
3 1185 1704 1186
3 1184 1705 1185
3 1183 1706 1184
3 1182 1707 1183
3 1181 1708 1182
3 1180 1709 1181
3 1179 1710 1180
3 21 1711 1179
3 1192 1698 1697
3 1698 1712 1697
3 1191 1699 1698
3 1699 1713 1698
3 1698 1713 1712
3 1713 1714 1712
3 1190 1700 1699
3 1700 1715 1699
3 1699 1715 1713
3 1715 1716 1713
3 1713 1716 1714
3 1716 1717 1714
3 1189 1701 1700
3 1701 1718 1700
3 1700 1718 1715
3 1718 1719 1715
3 1715 1719 1716
3 1719 1720 1716
3 1716 1720 1717
3 1720 1721 1717
3 1188 1702 1701
3 1702 1722 1701
3 1701 1722 1718
3 1722 1723 1718
3 1718 1723 1719
3 1723 1724 1719
3 1719 1724 1720
3 1724 1725 1720
3 1720 1725 1721
3 1725 1726 1721
3 1187 1703 1702
3 1703 1727 1702
3 1702 1727 1722
3 1727 1728 1722
3 1722 1728 1723
3 1728 1729 1723
3 1723 1729 1724
3 1729 1730 1724
3 1724 1730 1725
3 1730 1731 1725
3 1725 1731 1726
3 1731 1732 1726
3 1186 1704 1703
3 1704 1733 1703
3 1703 1733 1727
3 1733 1734 1727
3 1727 1734 1728
3 1734 1735 1728
3 1728 1735 1729
3 1735 1736 1729
3 1729 1736 1730
3 1736 1737 1730
3 1730 1737 1731
3 1737 1738 1731
3 1731 1738 1732
3 1738 1739 1732
3 1185 1705 1704
3 1705 1740 1704
3 1704 1740 1733
3 1740 1741 1733
3 1733 1741 1734
3 1741 1742 1734
3 1734 1742 1735
3 1742 1743 1735
3 1735 1743 1736
3 1743 1744 1736
3 1736 1744 1737
3 1744 1745 1737
3 1737 1745 1738
3 1745 1746 1738
3 1738 1746 1739
3 1746 1747 1739
3 1184 1706 1705
3 1706 1748 1705
3 1705 1748 1740
3 1748 1749 1740
3 1740 1749 1741
3 1749 1750 1741
3 1741 1750 1742
3 1750 1751 1742
3 1742 1751 1743
3 1751 1752 1743
3 1743 1752 1744
3 1752 1753 1744
3 1744 1753 1745
3 1753 1754 1745
3 1745 1754 1746
3 1754 1755 1746
3 1746 1755 1747
3 1755 1756 1747
3 1183 1707 1706
3 1707 1757 1706
3 1706 1757 1748
3 1757 1758 1748
3 1748 1758 1749
3 1758 1759 1749
3 1749 1759 1750
3 1759 1760 1750
3 1750 1760 1751
3 1760 1761 1751
3 1751 1761 1752
3 1761 1762 1752
3 1752 1762 1753
3 1762 1763 1753
3 1753 1763 1754
3 1763 1764 1754
3 1754 1764 1755
3 1764 1765 1755
3 1755 1765 1756
3 1765 1766 1756
3 1182 1708 1707
3 1708 1767 1707
3 1707 1767 1757
3 1767 1768 1757
3 1757 1768 1758
3 1768 1769 1758
3 1758 1769 1759
3 1769 1770 1759
3 1759 1770 1760
3 1770 1771 1760
3 1760 1771 1761
3 1771 1772 1761
3 1761 1772 1762
3 1772 1773 1762
3 1762 1773 1763
3 1773 1774 1763
3 1763 1774 1764
3 1774 1775 1764
3 1764 1775 1765
3 1775 1776 1765
3 1765 1776 1766
3 1776 1777 1766
3 1181 1709 1708
3 1709 1778 1708
3 1708 1778 1767
3 1778 1779 1767
3 1767 1779 1768
3 1779 1780 1768
3 1768 1780 1769
3 1780 1781 1769
3 1769 1781 1770
3 1781 1782 1770
3 1770 1782 1771
3 1782 1783 1771
3 1771 1783 1772
3 1783 1784 1772
3 1772 1784 1773
3 1784 1785 1773
3 1773 1785 1774
3 1785 1786 1774
3 1774 1786 1775
3 1786 1787 1775
3 1775 1787 1776
3 1787 1788 1776
3 1776 1788 1777
3 1788 1789 1777
3 1180 1710 1709
3 1710 1790 1709
3 1709 1790 1778
3 1790 1791 1778
3 1778 1791 1779
3 1791 1792 1779
3 1779 1792 1780
3 1792 1793 1780
3 1780 1793 1781
3 1793 1794 1781
3 1781 1794 1782
3 1794 1795 1782
3 1782 1795 1783
3 1795 1796 1783
3 1783 1796 1784
3 1796 1797 1784
3 1784 1797 1785
3 1797 1798 1785
3 1785 1798 1786
3 1798 1799 1786
3 1786 1799 1787
3 1799 1800 1787
3 1787 1800 1788
3 1800 1801 1788
3 1788 1801 1789
3 1801 1802 1789
3 1179 1711 1710
3 1711 1803 1710
3 1710 1803 1790
3 1803 1804 1790
3 1790 1804 1791
3 1804 1805 1791
3 1791 1805 1792
3 1805 1806 1792
3 1792 1806 1793
3 1806 1807 1793
3 1793 1807 1794
3 1807 1808 1794
3 1794 1808 1795
3 1808 1809 1795
3 1795 1809 1796
3 1809 1810 1796
3 1796 1810 1797
3 1810 1811 1797
3 1797 1811 1798
3 1811 1812 1798
3 1798 1812 1799
3 1812 1813 1799
3 1799 1813 1800
3 1813 1814 1800
3 1800 1814 1801
3 1814 1815 1801
3 1801 1815 1802
3 1815 1816 1802
3 21 20 1711
3 20 1817 1711
3 1711 1817 1803
3 1817 1818 1803
3 1803 1818 1804
3 1818 1819 1804
3 1804 1819 1805
3 1819 1820 1805
3 1805 1820 1806
3 1820 1821 1806
3 1806 1821 1807
3 1821 1822 1807
3 1807 1822 1808
3 1822 1823 1808
3 1808 1823 1809
3 1823 1824 1809
3 1809 1824 1810
3 1824 1825 1810
3 1810 1825 1811
3 1825 1826 1811
3 1811 1826 1812
3 1826 1827 1812
3 1812 1827 1813
3 1827 1828 1813
3 1813 1828 1814
3 1828 1829 1814
3 1814 1829 1815
3 1829 1830 1815
3 1815 1830 1816
3 1830 1831 1816
3 1325 1326 33
3 1324 1832 1325
3 1323 1833 1324
3 1322 1834 1323
3 1321 1835 1322
3 1320 1836 1321
3 1319 1837 1320
3 1318 1838 1319
3 1317 1839 1318
3 1316 1840 1317
3 1315 1841 1316
3 1314 1842 1315
3 1313 1843 1314
3 1312 1844 1313
3 18 1845 1312
3 1325 1832 1326
3 1832 1327 1326
3 1324 1833 1832
3 1833 1846 1832
3 1832 1846 1327
3 1846 1329 1327
3 1323 1834 1833
3 1834 1847 1833
3 1833 1847 1846
3 1847 1848 1846
3 1846 1848 1329
3 1848 1331 1329
3 1322 1835 1834
3 1835 1849 1834
3 1834 1849 1847
3 1849 1850 1847
3 1847 1850 1848
3 1850 1851 1848
3 1848 1851 1331
3 1851 1333 1331
3 1321 1836 1835
3 1836 1852 1835
3 1835 1852 1849
3 1852 1853 1849
3 1849 1853 1850
3 1853 1854 1850
3 1850 1854 1851
3 1854 1855 1851
3 1851 1855 1333
3 1855 1335 1333
3 1320 1837 1836
3 1837 1856 1836
3 1836 1856 1852
3 1856 1857 1852
3 1852 1857 1853
3 1857 1858 1853
3 1853 1858 1854
3 1858 1859 1854
3 1854 1859 1855
3 1859 1860 1855
3 1855 1860 1335
3 1860 1337 1335
3 1319 1838 1837
3 1838 1861 1837
3 1837 1861 1856
3 1861 1862 1856
3 1856 1862 1857
3 1862 1863 1857
3 1857 1863 1858
3 1863 1864 1858
3 1858 1864 1859
3 1864 1865 1859
3 1859 1865 1860
3 1865 1866 1860
3 1860 1866 1337
3 1866 1339 1337
3 1318 1839 1838
3 1839 1867 1838
3 1838 1867 1861
3 1867 1868 1861
3 1861 1868 1862
3 1868 1869 1862
3 1862 1869 1863
3 1869 1870 1863
3 1863 1870 1864
3 1870 1871 1864
3 1864 1871 1865
3 1871 1872 1865
3 1865 1872 1866
3 1872 1873 1866
3 1866 1873 1339
3 1873 1341 1339
3 1317 1840 1839
3 1840 1874 1839
3 1839 1874 1867
3 1874 1875 1867
3 1867 1875 1868
3 1875 1876 1868
3 1868 1876 1869
3 1876 1877 1869
3 1869 1877 1870
3 1877 1878 1870
3 1870 1878 1871
3 1878 1879 1871
3 1871 1879 1872
3 1879 1880 1872
3 1872 1880 1873
3 1880 1881 1873
3 1873 1881 1341
3 1881 1343 1341
3 1316 1841 1840
3 1841 1882 1840
3 1840 1882 1874
3 1882 1883 1874
3 1874 1883 1875
3 1883 1884 1875
3 1875 1884 1876
3 1884 1885 1876
3 1876 1885 1877
3 1885 1886 1877
3 1877 1886 1878
3 1886 1887 1878
3 1878 1887 1879
3 1887 1888 1879
3 1879 1888 1880
3 1888 1889 1880
3 1880 1889 1881
3 1889 1890 1881
3 1881 1890 1343
3 1890 1345 1343
3 1315 1842 1841
3 1842 1891 1841
3 1841 1891 1882
3 1891 1892 1882
3 1882 1892 1883
3 1892 1893 1883
3 1883 1893 1884
3 1893 1894 1884
3 1884 1894 1885
3 1894 1895 1885
3 1885 1895 1886
3 1895 1896 1886
3 1886 1896 1887
3 1896 1897 1887
3 1887 1897 1888
3 1897 1898 1888
3 1888 1898 1889
3 1898 1899 1889
3 1889 1899 1890
3 1899 1900 1890
3 1890 1900 1345
3 1900 1347 1345
3 1314 1843 1842
3 1843 1901 1842
3 1842 1901 1891
3 1901 1902 1891
3 1891 1902 1892
3 1902 1903 1892
3 1892 1903 1893
3 1903 1904 1893
3 1893 1904 1894
3 1904 1905 1894
3 1894 1905 1895
3 1905 1906 1895
3 1895 1906 1896
3 1906 1907 1896
3 1896 1907 1897
3 1907 1908 1897
3 1897 1908 1898
3 1908 1909 1898
3 1898 1909 1899
3 1909 1910 1899
3 1899 1910 1900
3 1910 1911 1900
3 1900 1911 1347
3 1911 1349 1347
3 1313 1844 1843
3 1844 1912 1843
3 1843 1912 1901
3 1912 1913 1901
3 1901 1913 1902
3 1913 1914 1902
3 1902 1914 1903
3 1914 1915 1903
3 1903 1915 1904
3 1915 1916 1904
3 1904 1916 1905
3 1916 1917 1905
3 1905 1917 1906
3 1917 1918 1906
3 1906 1918 1907
3 1918 1919 1907
3 1907 1919 1908
3 1919 1920 1908
3 1908 1920 1909
3 1920 1921 1909
3 1909 1921 1910
3 1921 1922 1910
3 1910 1922 1911
3 1922 1923 1911
3 1911 1923 1349
3 1923 1351 1349
3 1312 1845 1844
3 1845 1924 1844
3 1844 1924 1912
3 1924 1925 1912
3 1912 1925 1913
3 1925 1926 1913
3 1913 1926 1914
3 1926 1927 1914
3 1914 1927 1915
3 1927 1928 1915
3 1915 1928 1916
3 1928 1929 1916
3 1916 1929 1917
3 1929 1930 1917
3 1917 1930 1918
3 1930 1931 1918
3 1918 1931 1919
3 1931 1932 1919
3 1919 1932 1920
3 1932 1933 1920
3 1920 1933 1921
3 1933 1934 1921
3 1921 1934 1922
3 1934 1935 1922
3 1922 1935 1923
3 1935 1936 1923
3 1923 1936 1351
3 1936 28 1351
3 18 17 1845
3 17 1937 1845
3 1845 1937 1924
3 1937 1938 1924
3 1924 1938 1925
3 1938 1939 1925
3 1925 1939 1926
3 1939 1940 1926
3 1926 1940 1927
3 1940 1941 1927
3 1927 1941 1928
3 1941 1942 1928
3 1928 1942 1929
3 1942 1943 1929
3 1929 1943 1930
3 1943 1944 1930
3 1930 1944 1931
3 1944 1945 1931
3 1931 1945 1932
3 1945 1946 1932
3 1932 1946 1933
3 1946 1947 1933
3 1933 1947 1934
3 1947 1948 1934
3 1934 1948 1935
3 1948 1949 1935
3 1935 1949 1936
3 1949 1950 1936
3 1936 1950 28
3 1950 3 28
3 1458 794 45
3 1457 1951 1458
3 1456 1952 1457
3 1455 1953 1456
3 1454 1954 1455
3 1453 1955 1454
3 1452 1956 1453
3 1451 1957 1452
3 1450 1958 1451
3 1449 1959 1450
3 1448 1960 1449
3 1447 1961 1448
3 1446 1962 1447
3 1445 1963 1446
3 15 1964 1445
3 1458 1951 794
3 1951 795 794
3 1457 1952 1951
3 1952 1965 1951
3 1951 1965 795
3 1965 797 795
3 1456 1953 1952
3 1953 1966 1952
3 1952 1966 1965
3 1966 1967 1965
3 1965 1967 797
3 1967 799 797
3 1455 1954 1953
3 1954 1968 1953
3 1953 1968 1966
3 1968 1969 1966
3 1966 1969 1967
3 1969 1970 1967
3 1967 1970 799
3 1970 801 799
3 1454 1955 1954
3 1955 1971 1954
3 1954 1971 1968
3 1971 1972 1968
3 1968 1972 1969
3 1972 1973 1969
3 1969 1973 1970
3 1973 1974 1970
3 1970 1974 801
3 1974 803 801
3 1453 1956 1955
3 1956 1975 1955
3 1955 1975 1971
3 1975 1976 1971
3 1971 1976 1972
3 1976 1977 1972
3 1972 1977 1973
3 1977 1978 1973
3 1973 1978 1974
3 1978 1979 1974
3 1974 1979 803
3 1979 805 803
3 1452 1957 1956
3 1957 1980 1956
3 1956 1980 1975
3 1980 1981 1975
3 1975 1981 1976
3 1981 1982 1976
3 1976 1982 1977
3 1982 1983 1977
3 1977 1983 1978
3 1983 1984 1978
3 1978 1984 1979
3 1984 1985 1979
3 1979 1985 805
3 1985 807 805
3 1451 1958 1957
3 1958 1986 1957
3 1957 1986 1980
3 1986 1987 1980
3 1980 1987 1981
3 1987 1988 1981
3 1981 1988 1982
3 1988 1989 1982
3 1982 1989 1983
3 1989 1990 1983
3 1983 1990 1984
3 1990 1991 1984
3 1984 1991 1985
3 1991 1992 1985
3 1985 1992 807
3 1992 809 807
3 1450 1959 1958
3 1959 1993 1958
3 1958 1993 1986
3 1993 1994 1986
3 1986 1994 1987
3 1994 1995 1987
3 1987 1995 1988
3 1995 1996 1988
3 1988 1996 1989
3 1996 1997 1989
3 1989 1997 1990
3 1997 1998 1990
3 1990 1998 1991
3 1998 1999 1991
3 1991 1999 1992
3 1999 2000 1992
3 1992 2000 809
3 2000 811 809
3 1449 1960 1959
3 1960 2001 1959
3 1959 2001 1993
3 2001 2002 1993
3 1993 2002 1994
3 2002 2003 1994
3 1994 2003 1995
3 2003 2004 1995
3 1995 2004 1996
3 2004 2005 1996
3 1996 2005 1997
3 2005 2006 1997
3 1997 2006 1998
3 2006 2007 1998
3 1998 2007 1999
3 2007 2008 1999
3 1999 2008 2000
3 2008 2009 2000
3 2000 2009 811
3 2009 813 811
3 1448 1961 1960
3 1961 2010 1960
3 1960 2010 2001
3 2010 2011 2001
3 2001 2011 2002
3 2011 2012 2002
3 2002 2012 2003
3 2012 2013 2003
3 2003 2013 2004
3 2013 2014 2004
3 2004 2014 2005
3 2014 2015 2005
3 2005 2015 2006
3 2015 2016 2006
3 2006 2016 2007
3 2016 2017 2007
3 2007 2017 2008
3 2017 2018 2008
3 2008 2018 2009
3 2018 2019 2009
3 2009 2019 813
3 2019 815 813
3 1447 1962 1961
3 1962 2020 1961
3 1961 2020 2010
3 2020 2021 2010
3 2010 2021 2011
3 2021 2022 2011
3 2011 2022 2012
3 2022 2023 2012
3 2012 2023 2013
3 2023 2024 2013
3 2013 2024 2014
3 2024 2025 2014
3 2014 2025 2015
3 2025 2026 2015
3 2015 2026 2016
3 2026 2027 2016
3 2016 2027 2017
3 2027 2028 2017
3 2017 2028 2018
3 2028 2029 2018
3 2018 2029 2019
3 2029 2030 2019
3 2019 2030 815
3 2030 817 815
3 1446 1963 1962
3 1963 2031 1962
3 1962 2031 2020
3 2031 2032 2020
3 2020 2032 2021
3 2032 2033 2021
3 2021 2033 2022
3 2033 2034 2022
3 2022 2034 2023
3 2034 2035 2023
3 2023 2035 2024
3 2035 2036 2024
3 2024 2036 2025
3 2036 2037 2025
3 2025 2037 2026
3 2037 2038 2026
3 2026 2038 2027
3 2038 2039 2027
3 2027 2039 2028
3 2039 2040 2028
3 2028 2040 2029
3 2040 2041 2029
3 2029 2041 2030
3 2041 2042 2030
3 2030 2042 817
3 2042 819 817
3 1445 1964 1963
3 1964 2043 1963
3 1963 2043 2031
3 2043 2044 2031
3 2031 2044 2032
3 2044 2045 2032
3 2032 2045 2033
3 2045 2046 2033
3 2033 2046 2034
3 2046 2047 2034
3 2034 2047 2035
3 2047 2048 2035
3 2035 2048 2036
3 2048 2049 2036
3 2036 2049 2037
3 2049 2050 2037
3 2037 2050 2038
3 2050 2051 2038
3 2038 2051 2039
3 2051 2052 2039
3 2039 2052 2040
3 2052 2053 2040
3 2040 2053 2041
3 2053 2054 2041
3 2041 2054 2042
3 2054 2055 2042
3 2042 2055 819
3 2055 32 819
3 15 5 1964
3 5 2056 1964
3 1964 2056 2043
3 2056 2057 2043
3 2043 2057 2044
3 2057 2058 2044
3 2044 2058 2045
3 2058 2059 2045
3 2045 2059 2046
3 2059 2060 2046
3 2046 2060 2047
3 2060 2061 2047
3 2047 2061 2048
3 2061 2062 2048
3 2048 2062 2049
3 2062 2063 2049
3 2049 2063 2050
3 2063 2064 2050
3 2050 2064 2051
3 2064 2065 2051
3 2051 2065 2052
3 2065 2066 2052
3 2052 2066 2053
3 2066 2067 2053
3 2053 2067 2054
3 2067 2068 2054
3 2054 2068 2055
3 2068 2069 2055
3 2055 2069 32
3 2069 25 32
3 2070 26 25
3 2071 2072 2070
3 2073 2074 2071
3 2075 2076 2073
3 2077 2078 2075
3 2079 2080 2077
3 2081 2082 2079
3 2083 2084 2081
3 2085 2086 2083
3 2087 2088 2085
3 2089 2090 2087
3 2091 2092 2089
3 2093 2094 2091
3 2095 2096 2093
3 14 2097 2095
3 2070 2072 26
3 2072 1564 26
3 2071 2074 2072
3 2074 2098 2072
3 2072 2098 1564
3 2098 1565 1564
3 2073 2076 2074
3 2076 2099 2074
3 2074 2099 2098
3 2099 2100 2098
3 2098 2100 1565
3 2100 1566 1565
3 2075 2078 2076
3 2078 2101 2076
3 2076 2101 2099
3 2101 2102 2099
3 2099 2102 2100
3 2102 2103 2100
3 2100 2103 1566
3 2103 1567 1566
3 2077 2080 2078
3 2080 2104 2078
3 2078 2104 2101
3 2104 2105 2101
3 2101 2105 2102
3 2105 2106 2102
3 2102 2106 2103
3 2106 2107 2103
3 2103 2107 1567
3 2107 1568 1567
3 2079 2082 2080
3 2082 2108 2080
3 2080 2108 2104
3 2108 2109 2104
3 2104 2109 2105
3 2109 2110 2105
3 2105 2110 2106
3 2110 2111 2106
3 2106 2111 2107
3 2111 2112 2107
3 2107 2112 1568
3 2112 1569 1568
3 2081 2084 2082
3 2084 2113 2082
3 2082 2113 2108
3 2113 2114 2108
3 2108 2114 2109
3 2114 2115 2109
3 2109 2115 2110
3 2115 2116 2110
3 2110 2116 2111
3 2116 2117 2111
3 2111 2117 2112
3 2117 2118 2112
3 2112 2118 1569
3 2118 1570 1569
3 2083 2086 2084
3 2086 2119 2084
3 2084 2119 2113
3 2119 2120 2113
3 2113 2120 2114
3 2120 2121 2114
3 2114 2121 2115
3 2121 2122 2115
3 2115 2122 2116
3 2122 2123 2116
3 2116 2123 2117
3 2123 2124 2117
3 2117 2124 2118
3 2124 2125 2118
3 2118 2125 1570
3 2125 1571 1570
3 2085 2088 2086
3 2088 2126 2086
3 2086 2126 2119
3 2126 2127 2119
3 2119 2127 2120
3 2127 2128 2120
3 2120 2128 2121
3 2128 2129 2121
3 2121 2129 2122
3 2129 2130 2122
3 2122 2130 2123
3 2130 2131 2123
3 2123 2131 2124
3 2131 2132 2124
3 2124 2132 2125
3 2132 2133 2125
3 2125 2133 1571
3 2133 1572 1571
3 2087 2090 2088
3 2090 2134 2088
3 2088 2134 2126
3 2134 2135 2126
3 2126 2135 2127
3 2135 2136 2127
3 2127 2136 2128
3 2136 2137 2128
3 2128 2137 2129
3 2137 2138 2129
3 2129 2138 2130
3 2138 2139 2130
3 2130 2139 2131
3 2139 2140 2131
3 2131 2140 2132
3 2140 2141 2132
3 2132 2141 2133
3 2141 2142 2133
3 2133 2142 1572
3 2142 1573 1572
3 2089 2092 2090
3 2092 2143 2090
3 2090 2143 2134
3 2143 2144 2134
3 2134 2144 2135
3 2144 2145 2135
3 2135 2145 2136
3 2145 2146 2136
3 2136 2146 2137
3 2146 2147 2137
3 2137 2147 2138
3 2147 2148 2138
3 2138 2148 2139
3 2148 2149 2139
3 2139 2149 2140
3 2149 2150 2140
3 2140 2150 2141
3 2150 2151 2141
3 2141 2151 2142
3 2151 2152 2142
3 2142 2152 1573
3 2152 1574 1573
3 2091 2094 2092
3 2094 2153 2092
3 2092 2153 2143
3 2153 2154 2143
3 2143 2154 2144
3 2154 2155 2144
3 2144 2155 2145
3 2155 2156 2145
3 2145 2156 2146
3 2156 2157 2146
3 2146 2157 2147
3 2157 2158 2147
3 2147 2158 2148
3 2158 2159 2148
3 2148 2159 2149
3 2159 2160 2149
3 2149 2160 2150
3 2160 2161 2150
3 2150 2161 2151
3 2161 2162 2151
3 2151 2162 2152
3 2162 2163 2152
3 2152 2163 1574
3 2163 1575 1574
3 2093 2096 2094
3 2096 2164 2094
3 2094 2164 2153
3 2164 2165 2153
3 2153 2165 2154
3 2165 2166 2154
3 2154 2166 2155
3 2166 2167 2155
3 2155 2167 2156
3 2167 2168 2156
3 2156 2168 2157
3 2168 2169 2157
3 2157 2169 2158
3 2169 2170 2158
3 2158 2170 2159
3 2170 2171 2159
3 2159 2171 2160
3 2171 2172 2160
3 2160 2172 2161
3 2172 2173 2161
3 2161 2173 2162
3 2173 2174 2162
3 2162 2174 2163
3 2174 2175 2163
3 2163 2175 1575
3 2175 1576 1575
3 2095 2097 2096
3 2097 2176 2096
3 2096 2176 2164
3 2176 2177 2164
3 2164 2177 2165
3 2177 2178 2165
3 2165 2178 2166
3 2178 2179 2166
3 2166 2179 2167
3 2179 2180 2167
3 2167 2180 2168
3 2180 2181 2168
3 2168 2181 2169
3 2181 2182 2169
3 2169 2182 2170
3 2182 2183 2170
3 2170 2183 2171
3 2183 2184 2171
3 2171 2184 2172
3 2184 2185 2172
3 2172 2185 2173
3 2185 2186 2173
3 2173 2186 2174
3 2186 2187 2174
3 2174 2187 2175
3 2187 2188 2175
3 2175 2188 1576
3 2188 1577 1576
3 14 13 2097
3 13 2189 2097
3 2097 2189 2176
3 2189 2190 2176
3 2176 2190 2177
3 2190 2191 2177
3 2177 2191 2178
3 2191 2192 2178
3 2178 2192 2179
3 2192 2193 2179
3 2179 2193 2180
3 2193 2194 2180
3 2180 2194 2181
3 2194 2195 2181
3 2181 2195 2182
3 2195 2196 2182
3 2182 2196 2183
3 2196 2197 2183
3 2183 2197 2184
3 2197 2198 2184
3 2184 2198 2185
3 2198 2199 2185
3 2185 2199 2186
3 2199 2200 2186
3 2186 2200 2187
3 2200 2201 2187
3 2187 2201 2188
3 2201 2202 2188
3 2188 2202 1577
3 2202 22 1577
3 2203 23 22
3 2204 2205 2203
3 2206 2207 2204
3 2208 2209 2206
3 2210 2211 2208
3 2212 2213 2210
3 2214 2215 2212
3 2216 2217 2214
3 2218 2219 2216
3 2220 2221 2218
3 2222 2223 2220
3 2224 2225 2222
3 2226 2227 2224
3 2228 2229 2226
3 11 2230 2228
3 2203 2205 23
3 2205 1683 23
3 2204 2207 2205
3 2207 2231 2205
3 2205 2231 1683
3 2231 1684 1683
3 2206 2209 2207
3 2209 2232 2207
3 2207 2232 2231
3 2232 2233 2231
3 2231 2233 1684
3 2233 1685 1684
3 2208 2211 2209
3 2211 2234 2209
3 2209 2234 2232
3 2234 2235 2232
3 2232 2235 2233
3 2235 2236 2233
3 2233 2236 1685
3 2236 1686 1685
3 2210 2213 2211
3 2213 2237 2211
3 2211 2237 2234
3 2237 2238 2234
3 2234 2238 2235
3 2238 2239 2235
3 2235 2239 2236
3 2239 2240 2236
3 2236 2240 1686
3 2240 1687 1686
3 2212 2215 2213
3 2215 2241 2213
3 2213 2241 2237
3 2241 2242 2237
3 2237 2242 2238
3 2242 2243 2238
3 2238 2243 2239
3 2243 2244 2239
3 2239 2244 2240
3 2244 2245 2240
3 2240 2245 1687
3 2245 1688 1687
3 2214 2217 2215
3 2217 2246 2215
3 2215 2246 2241
3 2246 2247 2241
3 2241 2247 2242
3 2247 2248 2242
3 2242 2248 2243
3 2248 2249 2243
3 2243 2249 2244
3 2249 2250 2244
3 2244 2250 2245
3 2250 2251 2245
3 2245 2251 1688
3 2251 1689 1688
3 2216 2219 2217
3 2219 2252 2217
3 2217 2252 2246
3 2252 2253 2246
3 2246 2253 2247
3 2253 2254 2247
3 2247 2254 2248
3 2254 2255 2248
3 2248 2255 2249
3 2255 2256 2249
3 2249 2256 2250
3 2256 2257 2250
3 2250 2257 2251
3 2257 2258 2251
3 2251 2258 1689
3 2258 1690 1689
3 2218 2221 2219
3 2221 2259 2219
3 2219 2259 2252
3 2259 2260 2252
3 2252 2260 2253
3 2260 2261 2253
3 2253 2261 2254
3 2261 2262 2254
3 2254 2262 2255
3 2262 2263 2255
3 2255 2263 2256
3 2263 2264 2256
3 2256 2264 2257
3 2264 2265 2257
3 2257 2265 2258
3 2265 2266 2258
3 2258 2266 1690
3 2266 1691 1690
3 2220 2223 2221
3 2223 2267 2221
3 2221 2267 2259
3 2267 2268 2259
3 2259 2268 2260
3 2268 2269 2260
3 2260 2269 2261
3 2269 2270 2261
3 2261 2270 2262
3 2270 2271 2262
3 2262 2271 2263
3 2271 2272 2263
3 2263 2272 2264
3 2272 2273 2264
3 2264 2273 2265
3 2273 2274 2265
3 2265 2274 2266
3 2274 2275 2266
3 2266 2275 1691
3 2275 1692 1691
3 2222 2225 2223
3 2225 2276 2223
3 2223 2276 2267
3 2276 2277 2267
3 2267 2277 2268
3 2277 2278 2268
3 2268 2278 2269
3 2278 2279 2269
3 2269 2279 2270
3 2279 2280 2270
3 2270 2280 2271
3 2280 2281 2271
3 2271 2281 2272
3 2281 2282 2272
3 2272 2282 2273
3 2282 2283 2273
3 2273 2283 2274
3 2283 2284 2274
3 2274 2284 2275
3 2284 2285 2275
3 2275 2285 1692
3 2285 1693 1692
3 2224 2227 2225
3 2227 2286 2225
3 2225 2286 2276
3 2286 2287 2276
3 2276 2287 2277
3 2287 2288 2277
3 2277 2288 2278
3 2288 2289 2278
3 2278 2289 2279
3 2289 2290 2279
3 2279 2290 2280
3 2290 2291 2280
3 2280 2291 2281
3 2291 2292 2281
3 2281 2292 2282
3 2292 2293 2282
3 2282 2293 2283
3 2293 2294 2283
3 2283 2294 2284
3 2294 2295 2284
3 2284 2295 2285
3 2295 2296 2285
3 2285 2296 1693
3 2296 1694 1693
3 2226 2229 2227
3 2229 2297 2227
3 2227 2297 2286
3 2297 2298 2286
3 2286 2298 2287
3 2298 2299 2287
3 2287 2299 2288
3 2299 2300 2288
3 2288 2300 2289
3 2300 2301 2289
3 2289 2301 2290
3 2301 2302 2290
3 2290 2302 2291
3 2302 2303 2291
3 2291 2303 2292
3 2303 2304 2292
3 2292 2304 2293
3 2304 2305 2293
3 2293 2305 2294
3 2305 2306 2294
3 2294 2306 2295
3 2306 2307 2295
3 2295 2307 2296
3 2307 2308 2296
3 2296 2308 1694
3 2308 1695 1694
3 2228 2230 2229
3 2230 2309 2229
3 2229 2309 2297
3 2309 2310 2297
3 2297 2310 2298
3 2310 2311 2298
3 2298 2311 2299
3 2311 2312 2299
3 2299 2312 2300
3 2312 2313 2300
3 2300 2313 2301
3 2313 2314 2301
3 2301 2314 2302
3 2314 2315 2302
3 2302 2315 2303
3 2315 2316 2303
3 2303 2316 2304
3 2316 2317 2304
3 2304 2317 2305
3 2317 2318 2305
3 2305 2318 2306
3 2318 2319 2306
3 2306 2319 2307
3 2319 2320 2307
3 2307 2320 2308
3 2320 2321 2308
3 2308 2321 1695
3 2321 1696 1695
3 11 10 2230
3 10 2322 2230
3 2230 2322 2309
3 2322 2323 2309
3 2309 2323 2310
3 2323 2324 2310
3 2310 2324 2311
3 2324 2325 2311
3 2311 2325 2312
3 2325 2326 2312
3 2312 2326 2313
3 2326 2327 2313
3 2313 2327 2314
3 2327 2328 2314
3 2314 2328 2315
3 2328 2329 2315
3 2315 2329 2316
3 2329 2330 2316
3 2316 2330 2317
3 2330 2331 2317
3 2317 2331 2318
3 2331 2332 2318
3 2318 2332 2319
3 2332 2333 2319
3 2319 2333 2320
3 2333 2334 2320
3 2320 2334 2321
3 2334 2335 2321
3 2321 2335 1696
3 2335 19 1696
3 2336 20 19
3 2337 2338 2336
3 2339 2340 2337
3 2341 2342 2339
3 2343 2344 2341
3 2345 2346 2343
3 2347 2348 2345
3 2349 2350 2347
3 2351 2352 2349
3 2353 2354 2351
3 2355 2356 2353
3 2357 2358 2355
3 2359 2360 2357
3 2361 2362 2359
3 8 2363 2361
3 2336 2338 20
3 2338 1817 20
3 2337 2340 2338
3 2340 2364 2338
3 2338 2364 1817
3 2364 1818 1817
3 2339 2342 2340
3 2342 2365 2340
3 2340 2365 2364
3 2365 2366 2364
3 2364 2366 1818
3 2366 1819 1818
3 2341 2344 2342
3 2344 2367 2342
3 2342 2367 2365
3 2367 2368 2365
3 2365 2368 2366
3 2368 2369 2366
3 2366 2369 1819
3 2369 1820 1819
3 2343 2346 2344
3 2346 2370 2344
3 2344 2370 2367
3 2370 2371 2367
3 2367 2371 2368
3 2371 2372 2368
3 2368 2372 2369
3 2372 2373 2369
3 2369 2373 1820
3 2373 1821 1820
3 2345 2348 2346
3 2348 2374 2346
3 2346 2374 2370
3 2374 2375 2370
3 2370 2375 2371
3 2375 2376 2371
3 2371 2376 2372
3 2376 2377 2372
3 2372 2377 2373
3 2377 2378 2373
3 2373 2378 1821
3 2378 1822 1821
3 2347 2350 2348
3 2350 2379 2348
3 2348 2379 2374
3 2379 2380 2374
3 2374 2380 2375
3 2380 2381 2375
3 2375 2381 2376
3 2381 2382 2376
3 2376 2382 2377
3 2382 2383 2377
3 2377 2383 2378
3 2383 2384 2378
3 2378 2384 1822
3 2384 1823 1822
3 2349 2352 2350
3 2352 2385 2350
3 2350 2385 2379
3 2385 2386 2379
3 2379 2386 2380
3 2386 2387 2380
3 2380 2387 2381
3 2387 2388 2381
3 2381 2388 2382
3 2388 2389 2382
3 2382 2389 2383
3 2389 2390 2383
3 2383 2390 2384
3 2390 2391 2384
3 2384 2391 1823
3 2391 1824 1823
3 2351 2354 2352
3 2354 2392 2352
3 2352 2392 2385
3 2392 2393 2385
3 2385 2393 2386
3 2393 2394 2386
3 2386 2394 2387
3 2394 2395 2387
3 2387 2395 2388
3 2395 2396 2388
3 2388 2396 2389
3 2396 2397 2389
3 2389 2397 2390
3 2397 2398 2390
3 2390 2398 2391
3 2398 2399 2391
3 2391 2399 1824
3 2399 1825 1824
3 2353 2356 2354
3 2356 2400 2354
3 2354 2400 2392
3 2400 2401 2392
3 2392 2401 2393
3 2401 2402 2393
3 2393 2402 2394
3 2402 2403 2394
3 2394 2403 2395
3 2403 2404 2395
3 2395 2404 2396
3 2404 2405 2396
3 2396 2405 2397
3 2405 2406 2397
3 2397 2406 2398
3 2406 2407 2398
3 2398 2407 2399
3 2407 2408 2399
3 2399 2408 1825
3 2408 1826 1825
3 2355 2358 2356
3 2358 2409 2356
3 2356 2409 2400
3 2409 2410 2400
3 2400 2410 2401
3 2410 2411 2401
3 2401 2411 2402
3 2411 2412 2402
3 2402 2412 2403
3 2412 2413 2403
3 2403 2413 2404
3 2413 2414 2404
3 2404 2414 2405
3 2414 2415 2405
3 2405 2415 2406
3 2415 2416 2406
3 2406 2416 2407
3 2416 2417 2407
3 2407 2417 2408
3 2417 2418 2408
3 2408 2418 1826
3 2418 1827 1826
3 2357 2360 2358
3 2360 2419 2358
3 2358 2419 2409
3 2419 2420 2409
3 2409 2420 2410
3 2420 2421 2410
3 2410 2421 2411
3 2421 2422 2411
3 2411 2422 2412
3 2422 2423 2412
3 2412 2423 2413
3 2423 2424 2413
3 2413 2424 2414
3 2424 2425 2414
3 2414 2425 2415
3 2425 2426 2415
3 2415 2426 2416
3 2426 2427 2416
3 2416 2427 2417
3 2427 2428 2417
3 2417 2428 2418
3 2428 2429 2418
3 2418 2429 1827
3 2429 1828 1827
3 2359 2362 2360
3 2362 2430 2360
3 2360 2430 2419
3 2430 2431 2419
3 2419 2431 2420
3 2431 2432 2420
3 2420 2432 2421
3 2432 2433 2421
3 2421 2433 2422
3 2433 2434 2422
3 2422 2434 2423
3 2434 2435 2423
3 2423 2435 2424
3 2435 2436 2424
3 2424 2436 2425
3 2436 2437 2425
3 2425 2437 2426
3 2437 2438 2426
3 2426 2438 2427
3 2438 2439 2427
3 2427 2439 2428
3 2439 2440 2428
3 2428 2440 2429
3 2440 2441 2429
3 2429 2441 1828
3 2441 1829 1828
3 2361 2363 2362
3 2363 2442 2362
3 2362 2442 2430
3 2442 2443 2430
3 2430 2443 2431
3 2443 2444 2431
3 2431 2444 2432
3 2444 2445 2432
3 2432 2445 2433
3 2445 2446 2433
3 2433 2446 2434
3 2446 2447 2434
3 2434 2447 2435
3 2447 2448 2435
3 2435 2448 2436
3 2448 2449 2436
3 2436 2449 2437
3 2449 2450 2437
3 2437 2450 2438
3 2450 2451 2438
3 2438 2451 2439
3 2451 2452 2439
3 2439 2452 2440
3 2452 2453 2440
3 2440 2453 2441
3 2453 2454 2441
3 2441 2454 1829
3 2454 1830 1829
3 8 7 2363
3 7 2455 2363
3 2363 2455 2442
3 2455 2456 2442
3 2442 2456 2443
3 2456 2457 2443
3 2443 2457 2444
3 2457 2458 2444
3 2444 2458 2445
3 2458 2459 2445
3 2445 2459 2446
3 2459 2460 2446
3 2446 2460 2447
3 2460 2461 2447
3 2447 2461 2448
3 2461 2462 2448
3 2448 2462 2449
3 2462 2463 2449
3 2449 2463 2450
3 2463 2464 2450
3 2450 2464 2451
3 2464 2465 2451
3 2451 2465 2452
3 2465 2466 2452
3 2452 2466 2453
3 2466 2467 2453
3 2453 2467 2454
3 2467 2468 2454
3 2454 2468 1830
3 2468 1831 1830
3 2069 2469 25
3 2068 2470 2069
3 2067 2471 2068
3 2066 2472 2067
3 2065 2473 2066
3 2064 2474 2065
3 2063 2475 2064
3 2062 2476 2063
3 2061 2477 2062
3 2060 2478 2061
3 2059 2479 2060
3 2058 2480 2059
3 2057 2481 2058
3 2056 2482 2057
3 5 2483 2056
3 2069 2470 2469
3 2470 2484 2469
3 2068 2471 2470
3 2471 2485 2470
3 2470 2485 2484
3 2485 2486 2484
3 2067 2472 2471
3 2472 2487 2471
3 2471 2487 2485
3 2487 2488 2485
3 2485 2488 2486
3 2488 2489 2486
3 2066 2473 2472
3 2473 2490 2472
3 2472 2490 2487
3 2490 2491 2487
3 2487 2491 2488
3 2491 2492 2488
3 2488 2492 2489
3 2492 2493 2489
3 2065 2474 2473
3 2474 2494 2473
3 2473 2494 2490
3 2494 2495 2490
3 2490 2495 2491
3 2495 2496 2491
3 2491 2496 2492
3 2496 2497 2492
3 2492 2497 2493
3 2497 2498 2493
3 2064 2475 2474
3 2475 2499 2474
3 2474 2499 2494
3 2499 2500 2494
3 2494 2500 2495
3 2500 2501 2495
3 2495 2501 2496
3 2501 2502 2496
3 2496 2502 2497
3 2502 2503 2497
3 2497 2503 2498
3 2503 2504 2498
3 2063 2476 2475
3 2476 2505 2475
3 2475 2505 2499
3 2505 2506 2499
3 2499 2506 2500
3 2506 2507 2500
3 2500 2507 2501
3 2507 2508 2501
3 2501 2508 2502
3 2508 2509 2502
3 2502 2509 2503
3 2509 2510 2503
3 2503 2510 2504
3 2510 2511 2504
3 2062 2477 2476
3 2477 2512 2476
3 2476 2512 2505
3 2512 2513 2505
3 2505 2513 2506
3 2513 2514 2506
3 2506 2514 2507
3 2514 2515 2507
3 2507 2515 2508
3 2515 2516 2508
3 2508 2516 2509
3 2516 2517 2509
3 2509 2517 2510
3 2517 2518 2510
3 2510 2518 2511
3 2518 2519 2511
3 2061 2478 2477
3 2478 2520 2477
3 2477 2520 2512
3 2520 2521 2512
3 2512 2521 2513
3 2521 2522 2513
3 2513 2522 2514
3 2522 2523 2514
3 2514 2523 2515
3 2523 2524 2515
3 2515 2524 2516
3 2524 2525 2516
3 2516 2525 2517
3 2525 2526 2517
3 2517 2526 2518
3 2526 2527 2518
3 2518 2527 2519
3 2527 2528 2519
3 2060 2479 2478
3 2479 2529 2478
3 2478 2529 2520
3 2529 2530 2520
3 2520 2530 2521
3 2530 2531 2521
3 2521 2531 2522
3 2531 2532 2522
3 2522 2532 2523
3 2532 2533 2523
3 2523 2533 2524
3 2533 2534 2524
3 2524 2534 2525
3 2534 2535 2525
3 2525 2535 2526
3 2535 2536 2526
3 2526 2536 2527
3 2536 2537 2527
3 2527 2537 2528
3 2537 2538 2528
3 2059 2480 2479
3 2480 2539 2479
3 2479 2539 2529
3 2539 2540 2529
3 2529 2540 2530
3 2540 2541 2530
3 2530 2541 2531
3 2541 2542 2531
3 2531 2542 2532
3 2542 2543 2532
3 2532 2543 2533
3 2543 2544 2533
3 2533 2544 2534
3 2544 2545 2534
3 2534 2545 2535
3 2545 2546 2535
3 2535 2546 2536
3 2546 2547 2536
3 2536 2547 2537
3 2547 2548 2537
3 2537 2548 2538
3 2548 2549 2538
3 2058 2481 2480
3 2481 2550 2480
3 2480 2550 2539
3 2550 2551 2539
3 2539 2551 2540
3 2551 2552 2540
3 2540 2552 2541
3 2552 2553 2541
3 2541 2553 2542
3 2553 2554 2542
3 2542 2554 2543
3 2554 2555 2543
3 2543 2555 2544
3 2555 2556 2544
3 2544 2556 2545
3 2556 2557 2545
3 2545 2557 2546
3 2557 2558 2546
3 2546 2558 2547
3 2558 2559 2547
3 2547 2559 2548
3 2559 2560 2548
3 2548 2560 2549
3 2560 2561 2549
3 2057 2482 2481
3 2482 2562 2481
3 2481 2562 2550
3 2562 2563 2550
3 2550 2563 2551
3 2563 2564 2551
3 2551 2564 2552
3 2564 2565 2552
3 2552 2565 2553
3 2565 2566 2553
3 2553 2566 2554
3 2566 2567 2554
3 2554 2567 2555
3 2567 2568 2555
3 2555 2568 2556
3 2568 2569 2556
3 2556 2569 2557
3 2569 2570 2557
3 2557 2570 2558
3 2570 2571 2558
3 2558 2571 2559
3 2571 2572 2559
3 2559 2572 2560
3 2572 2573 2560
3 2560 2573 2561
3 2573 2574 2561
3 2056 2483 2482
3 2483 2575 2482
3 2482 2575 2562
3 2575 2576 2562
3 2562 2576 2563
3 2576 2577 2563
3 2563 2577 2564
3 2577 2578 2564
3 2564 2578 2565
3 2578 2579 2565
3 2565 2579 2566
3 2579 2580 2566
3 2566 2580 2567
3 2580 2581 2567
3 2567 2581 2568
3 2581 2582 2568
3 2568 2582 2569
3 2582 2583 2569
3 2569 2583 2570
3 2583 2584 2570
3 2570 2584 2571
3 2584 2585 2571
3 2571 2585 2572
3 2585 2586 2572
3 2572 2586 2573
3 2586 2587 2573
3 2573 2587 2574
3 2587 2588 2574
3 5 4 2483
3 4 2589 2483
3 2483 2589 2575
3 2589 2590 2575
3 2575 2590 2576
3 2590 2591 2576
3 2576 2591 2577
3 2591 2592 2577
3 2577 2592 2578
3 2592 2593 2578
3 2578 2593 2579
3 2593 2594 2579
3 2579 2594 2580
3 2594 2595 2580
3 2580 2595 2581
3 2595 2596 2581
3 2581 2596 2582
3 2596 2597 2582
3 2582 2597 2583
3 2597 2598 2583
3 2583 2598 2584
3 2598 2599 2584
3 2584 2599 2585
3 2599 2600 2585
3 2585 2600 2586
3 2600 2601 2586
3 2586 2601 2587
3 2601 2602 2587
3 2587 2602 2588
3 2602 2603 2588
3 2604 17 16
3 2605 2606 2604
3 2607 2608 2605
3 2609 2610 2607
3 2611 2612 2609
3 2613 2614 2611
3 2615 2616 2613
3 2617 2618 2615
3 2619 2620 2617
3 2621 2622 2619
3 2623 2624 2621
3 2625 2626 2623
3 2627 2628 2625
3 2629 2630 2627
3 2 2631 2629
3 2604 2606 17
3 2606 1937 17
3 2605 2608 2606
3 2608 2632 2606
3 2606 2632 1937
3 2632 1938 1937
3 2607 2610 2608
3 2610 2633 2608
3 2608 2633 2632
3 2633 2634 2632
3 2632 2634 1938
3 2634 1939 1938
3 2609 2612 2610
3 2612 2635 2610
3 2610 2635 2633
3 2635 2636 2633
3 2633 2636 2634
3 2636 2637 2634
3 2634 2637 1939
3 2637 1940 1939
3 2611 2614 2612
3 2614 2638 2612
3 2612 2638 2635
3 2638 2639 2635
3 2635 2639 2636
3 2639 2640 2636
3 2636 2640 2637
3 2640 2641 2637
3 2637 2641 1940
3 2641 1941 1940
3 2613 2616 2614
3 2616 2642 2614
3 2614 2642 2638
3 2642 2643 2638
3 2638 2643 2639
3 2643 2644 2639
3 2639 2644 2640
3 2644 2645 2640
3 2640 2645 2641
3 2645 2646 2641
3 2641 2646 1941
3 2646 1942 1941
3 2615 2618 2616
3 2618 2647 2616
3 2616 2647 2642
3 2647 2648 2642
3 2642 2648 2643
3 2648 2649 2643
3 2643 2649 2644
3 2649 2650 2644
3 2644 2650 2645
3 2650 2651 2645
3 2645 2651 2646
3 2651 2652 2646
3 2646 2652 1942
3 2652 1943 1942
3 2617 2620 2618
3 2620 2653 2618
3 2618 2653 2647
3 2653 2654 2647
3 2647 2654 2648
3 2654 2655 2648
3 2648 2655 2649
3 2655 2656 2649
3 2649 2656 2650
3 2656 2657 2650
3 2650 2657 2651
3 2657 2658 2651
3 2651 2658 2652
3 2658 2659 2652
3 2652 2659 1943
3 2659 1944 1943
3 2619 2622 2620
3 2622 2660 2620
3 2620 2660 2653
3 2660 2661 2653
3 2653 2661 2654
3 2661 2662 2654
3 2654 2662 2655
3 2662 2663 2655
3 2655 2663 2656
3 2663 2664 2656
3 2656 2664 2657
3 2664 2665 2657
3 2657 2665 2658
3 2665 2666 2658
3 2658 2666 2659
3 2666 2667 2659
3 2659 2667 1944
3 2667 1945 1944
3 2621 2624 2622
3 2624 2668 2622
3 2622 2668 2660
3 2668 2669 2660
3 2660 2669 2661
3 2669 2670 2661
3 2661 2670 2662
3 2670 2671 2662
3 2662 2671 2663
3 2671 2672 2663
3 2663 2672 2664
3 2672 2673 2664
3 2664 2673 2665
3 2673 2674 2665
3 2665 2674 2666
3 2674 2675 2666
3 2666 2675 2667
3 2675 2676 2667
3 2667 2676 1945
3 2676 1946 1945
3 2623 2626 2624
3 2626 2677 2624
3 2624 2677 2668
3 2677 2678 2668
3 2668 2678 2669
3 2678 2679 2669
3 2669 2679 2670
3 2679 2680 2670
3 2670 2680 2671
3 2680 2681 2671
3 2671 2681 2672
3 2681 2682 2672
3 2672 2682 2673
3 2682 2683 2673
3 2673 2683 2674
3 2683 2684 2674
3 2674 2684 2675
3 2684 2685 2675
3 2675 2685 2676
3 2685 2686 2676
3 2676 2686 1946
3 2686 1947 1946
3 2625 2628 2626
3 2628 2687 2626
3 2626 2687 2677
3 2687 2688 2677
3 2677 2688 2678
3 2688 2689 2678
3 2678 2689 2679
3 2689 2690 2679
3 2679 2690 2680
3 2690 2691 2680
3 2680 2691 2681
3 2691 2692 2681
3 2681 2692 2682
3 2692 2693 2682
3 2682 2693 2683
3 2693 2694 2683
3 2683 2694 2684
3 2694 2695 2684
3 2684 2695 2685
3 2695 2696 2685
3 2685 2696 2686
3 2696 2697 2686
3 2686 2697 1947
3 2697 1948 1947
3 2627 2630 2628
3 2630 2698 2628
3 2628 2698 2687
3 2698 2699 2687
3 2687 2699 2688
3 2699 2700 2688
3 2688 2700 2689
3 2700 2701 2689
3 2689 2701 2690
3 2701 2702 2690
3 2690 2702 2691
3 2702 2703 2691
3 2691 2703 2692
3 2703 2704 2692
3 2692 2704 2693
3 2704 2705 2693
3 2693 2705 2694
3 2705 2706 2694
3 2694 2706 2695
3 2706 2707 2695
3 2695 2707 2696
3 2707 2708 2696
3 2696 2708 2697
3 2708 2709 2697
3 2697 2709 1948
3 2709 1949 1948
3 2629 2631 2630
3 2631 2710 2630
3 2630 2710 2698
3 2710 2711 2698
3 2698 2711 2699
3 2711 2712 2699
3 2699 2712 2700
3 2712 2713 2700
3 2700 2713 2701
3 2713 2714 2701
3 2701 2714 2702
3 2714 2715 2702
3 2702 2715 2703
3 2715 2716 2703
3 2703 2716 2704
3 2716 2717 2704
3 2704 2717 2705
3 2717 2718 2705
3 2705 2718 2706
3 2718 2719 2706
3 2706 2719 2707
3 2719 2720 2707
3 2707 2720 2708
3 2720 2721 2708
3 2708 2721 2709
3 2721 2722 2709
3 2709 2722 1949
3 2722 1950 1949
3 2 1 2631
3 1 2723 2631
3 2631 2723 2710
3 2723 2724 2710
3 2710 2724 2711
3 2724 2725 2711
3 2711 2725 2712
3 2725 2726 2712
3 2712 2726 2713
3 2726 2727 2713
3 2713 2727 2714
3 2727 2728 2714
3 2714 2728 2715
3 2728 2729 2715
3 2715 2729 2716
3 2729 2730 2716
3 2716 2730 2717
3 2730 2731 2717
3 2717 2731 2718
3 2731 2732 2718
3 2718 2732 2719
3 2732 2733 2719
3 2719 2733 2720
3 2733 2734 2720
3 2720 2734 2721
3 2734 2735 2721
3 2721 2735 2722
3 2735 2736 2722
3 2722 2736 1950
3 2736 3 1950
